#
# A fatal error has been detected by the Java Runtime Environment:
#
#  EXCEPTION_ACCESS_VIOLATION (0xc0000005) at pc=0x00007ff876afd43b, pid=21304, tid=21196
#
# JRE version: OpenJDK Runtime Environment Microsoft-11369865 (17.0.15+6) (build 17.0.15+6-LTS)
# Java VM: OpenJDK 64-Bit Server VM Microsoft-11369865 (17.0.15+6-LTS, mixed mode, tiered, compressed oops, compressed class ptrs, g1 gc, windows-amd64)
# Problematic frame:
# C  [nvoglv64.dll+0x72d43b]
#
# No core dump will be written. Minidumps are not enabled by default on client versions of Windows
#
# If you would like to submit a bug report, please visit:
#   https://aka.ms/minecraftjavacrashes
# The crash happened outside the Java Virtual Machine in native code.
# See problematic frame for where to report the bug.
#

---------------  S U M M A R Y ------------

Command Line: -XX:HeapDumpPath=MojangTricksIntelDriversForPerformance_javaw.exe_minecraft.exe.heapdump -Dos.name=Windows 10 -Dos.version=10.0 -Xss1M -Djava.library.path=F:\Minecraft\CurseForge\Install\bin\ca417e4749de39aab6bb00da931883a95f60a01e -Dminecraft.launcher.brand=minecraft-launcher -Dminecraft.launcher.version=3.16.17 -Djava.net.preferIPv6Addresses=system -DignoreList=bootstraplauncher,securejarhandler,asm-commons,asm-util,asm-analysis,asm-tree,asm,JarJarFileSystems,client-extra,fmlcore,javafmllanguage,lowcodelanguage,mclanguage,forge-,forge-40.3.10.jar,forge-40.3.10 -DmergeModules=jna-5.12.1.jar,jna-platform-5.12.1.jar,java-objc-bridge-1.0.0.jar -DlibraryDirectory=F:\Minecraft\CurseForge\Install\libraries --module-path=F:\Minecraft\CurseForge\Install\libraries/cpw/mods/bootstraplauncher/1.0.0/bootstraplauncher-1.0.0.jar;F:\Minecraft\CurseForge\Install\libraries/cpw/mods/securejarhandler/1.0.8/securejarhandler-1.0.8.jar;F:\Minecraft\CurseForge\Install\libraries/org/ow2/asm/asm-commons/9.7.1/asm-commons-9.7.1.jar;F:\Minecraft\CurseForge\Install\libraries/org/ow2/asm/asm-util/9.7.1/asm-util-9.7.1.jar;F:\Minecraft\CurseForge\Install\libraries/org/ow2/asm/asm-analysis/9.7.1/asm-analysis-9.7.1.jar;F:\Minecraft\CurseForge\Install\libraries/org/ow2/asm/asm-tree/9.7.1/asm-tree-9.7.1.jar;F:\Minecraft\CurseForge\Install\libraries/org/ow2/asm/asm/9.7.1/asm-9.7.1.jar;F:\Minecraft\CurseForge\Install\libraries/net/minecraftforge/JarJarFileSystems/0.3.19/JarJarFileSystems-0.3.19.jar --add-modules=ALL-MODULE-PATH --add-opens=java.base/java.util.jar=cpw.mods.securejarhandler --add-opens=java.base/java.lang.invoke=cpw.mods.securejarhandler --add-exports=java.base/sun.security.util=cpw.mods.securejarhandler --add-exports=jdk.naming.dns/com.sun.jndi.dns=java.naming -Xmx8192m -Xms256m -Dminecraft.applet.TargetDirectory=F:\Minecraft\CurseForge\Instances\AtlanAbyss -Dfml.ignorePatchDiscrepancies=true -Dfml.ignoreInvalidMinecraftCertificates=true -Duser.language=en -Duser.country=US -DlibraryDirectory=F:\Minecraft\CurseForge\Install\libraries -Dlog4j.configurationFile=F:\Minecraft\CurseForge\Install\assets\log_configs\client-1.12.xml cpw.mods.bootstraplauncher.BootstrapLauncher --version forge-40.3.10 --gameDir F:\Minecraft\CurseForge\Instances\AtlanAbyss --assetsDir F:\Minecraft\CurseForge\Install\assets --assetIndex 1.18 --userType msa --versionType release --width 1024 --height 768 --launchTarget forgeclient --fml.forgeVersion 40.3.10 --fml.mcVersion 1.18.2 --fml.forgeGroup net.minecraftforge --fml.mcpVersion 20220404.173914

Host: AMD Ryzen 7 2700X Eight-Core Processor         , 16 cores, 31G,  Windows 11 , 64 bit Build 22621 (10.0.22621.5415)
Time: Sat Jul 19 20:40:59 2025  Windows 11 , 64 bit Build 22621 (10.0.22621.5415) elapsed time: 602.176980 seconds (0d 0h 10m 2s)

---------------  T H R E A D  ---------------

Current thread (0x0000027b53320170):  JavaThread "Render thread" [_thread_in_native, id=21196, stack(0x000000ce68d00000,0x000000ce68e00000)]

Stack: [0x000000ce68d00000,0x000000ce68e00000],  sp=0x000000ce68dfe400,  free space=1017k
Native frames: (J=compiled Java code, j=interpreted, Vv=VM code, C=native code)
C  [nvoglv64.dll+0x72d43b]

Java frames: (J=compiled Java code, j=interpreted, Vv=VM code)
J 25456  org.lwjgl.opengl.GL32C.nglClientWaitSync(JIJ)I org.lwjgl.opengl (0 bytes) @ 0x0000027b5f818b71 [0x0000027b5f818b20+0x0000000000000051]
J 63784 c2 net.minecraft.client.Minecraft.handler$zmi000$preRender(ZLorg/spongepowered/asm/mixin/injection/callback/CallbackInfo;)V minecraft@1.18.2 (44 bytes) @ 0x0000027b61fc7950 [0x0000027b61fc7840+0x0000000000000110]
J 66129 c1 net.minecraft.client.Minecraft.m_91383_(Z)V minecraft@1.18.2 (1123 bytes) @ 0x0000027b5b56a9cc [0x0000027b5b56a820+0x00000000000001ac]
j  net.minecraft.client.Minecraft.m_91374_()V+138 minecraft@1.18.2
j  net.minecraft.client.main.Main.main([Ljava/lang/String;)V+1522 minecraft@1.18.2
v  ~StubRoutines::call_stub
j  jdk.internal.reflect.NativeMethodAccessorImpl.invoke0(Ljava/lang/reflect/Method;Ljava/lang/Object;[Ljava/lang/Object;)Ljava/lang/Object;+0 java.base@17.0.15
j  jdk.internal.reflect.NativeMethodAccessorImpl.invoke(Ljava/lang/Object;[Ljava/lang/Object;)Ljava/lang/Object;+133 java.base@17.0.15
j  jdk.internal.reflect.DelegatingMethodAccessorImpl.invoke(Ljava/lang/Object;[Ljava/lang/Object;)Ljava/lang/Object;+6 java.base@17.0.15
j  java.lang.reflect.Method.invoke(Ljava/lang/Object;[Ljava/lang/Object;)Ljava/lang/Object;+59 java.base@17.0.15
j  net.minecraftforge.fml.loading.targets.CommonClientLaunchHandler.lambda$launchService$0(Ljava/lang/ModuleLayer;[Ljava/lang/String;)Ljava/lang/Void;+40 fmlloader@1.18.2-40.3.10
j  net.minecraftforge.fml.loading.targets.CommonClientLaunchHandler$$Lambda$864+0x00000008004dfcb0.call()Ljava/lang/Object;+8 fmlloader@1.18.2-40.3.10
j  cpw.mods.modlauncher.LaunchServiceHandlerDecorator.launch([Ljava/lang/String;Ljava/lang/ModuleLayer;)V+11 cpw.mods.modlauncher@9.1.3
j  cpw.mods.modlauncher.LaunchServiceHandler.launch(Ljava/lang/String;[Ljava/lang/String;Ljava/lang/ModuleLayer;Lcpw/mods/modlauncher/TransformingClassLoader;Lcpw/mods/modlauncher/LaunchPluginHandler;)V+58 cpw.mods.modlauncher@9.1.3
j  cpw.mods.modlauncher.LaunchServiceHandler.launch(Lcpw/mods/modlauncher/ArgumentHandler;Ljava/lang/ModuleLayer;Lcpw/mods/modlauncher/TransformingClassLoader;Lcpw/mods/modlauncher/LaunchPluginHandler;)V+21 cpw.mods.modlauncher@9.1.3
j  cpw.mods.modlauncher.Launcher.run([Ljava/lang/String;)V+310 cpw.mods.modlauncher@9.1.3
j  cpw.mods.modlauncher.Launcher.main([Ljava/lang/String;)V+78 cpw.mods.modlauncher@9.1.3
j  cpw.mods.modlauncher.BootstrapLaunchConsumer.accept([Ljava/lang/String;)V+1 cpw.mods.modlauncher@9.1.3
j  cpw.mods.modlauncher.BootstrapLaunchConsumer.accept(Ljava/lang/Object;)V+5 cpw.mods.modlauncher@9.1.3
j  cpw.mods.bootstraplauncher.BootstrapLauncher.main([Ljava/lang/String;)V+536 cpw.mods.bootstraplauncher@1.0.0
v  ~StubRoutines::call_stub

siginfo: EXCEPTION_ACCESS_VIOLATION (0xc0000005), writing address 0x0000027b43cd07f0


Registers:
RAX=0x0000027b43cd07f0, RBX=0x0000000000000004, RCX=0x0000027c12eef070, RDX=0x0000027c12eef0a0
RSP=0x000000ce68dfe400, RBP=0x0000027b08d40000, RSI=0x7fffffffffffffff, RDI=0x000000ce68dfe478
R8 =0x0000000000000001, R9 =0x0000027b07415d10, R10=0x0000000000000004, R11=0x0000000000000000
R12=0x0000000000000000, R13=0x000000ce68dfe6e8, R14=0x000000ce68dfe4b8, R15=0x0000027b53320170
RIP=0x00007ff876afd43b, EFLAGS=0x0000000000010206

XMM[0]=0x0000000000000000 0x0000000000000000
XMM[1]=0x0000000000000000 0x0000000000000000
XMM[2]=0x0000000000000000 0x0000000000000000
XMM[3]=0x0000000000000000 0x0000000000000000
XMM[4]=0x0000000000000000 0x0000000000000000
XMM[5]=0x0000000000000000 0x0000000000000000
XMM[6]=0x0000000000000000 0x00000000e183726f
XMM[7]=0x0000000000000000 0x0000000679101988
XMM[8]=0x0000000000000000 0x00000000d9e79ae8
XMM[9]=0x0000000000000000 0x00000000bf21c871
XMM[10]=0x0000000000000000 0x00000000bc016d28
XMM[11]=0x0000000000000000 0x00000000bbd90dae
XMM[12]=0x0000000000000000 0x0000000000000000
XMM[13]=0x0000000000000000 0x000000003e54bf99
XMM[14]=0x0000000000000000 0x0000000000000000
XMM[15]=0x0000000000000000 0x000000003f800000
  MXCSR=0x00001fb6


Register to memory mapping:

RIP=0x00007ff876afd43b nvoglv64.dll
RAX=0x0000027b43cd07f0 is an unknown value
RBX=0x0000000000000004 is an unknown value
RCX=0x0000027c12eef070 points into unknown readable memory: 0x0000027c0147f888 | 88 f8 47 01 7c 02 00 00
RDX=0x0000027c12eef0a0 points into unknown readable memory: 0x0000000000000000 | 00 00 00 00 00 00 00 00
RSP=0x000000ce68dfe400 is pointing into the stack for thread: 0x0000027b53320170
RBP=0x0000027b08d40000 points into unknown readable memory: 0x0000027b7e728010 | 10 80 72 7e 7b 02 00 00
RSI=0x7fffffffffffffff is an unknown value
RDI=0x000000ce68dfe478 is pointing into the stack for thread: 0x0000027b53320170
R8 =0x0000000000000001 is an unknown value
R9 =0x0000027b07415d10 points into unknown readable memory: 0x0000027c12eef0a0 | a0 f0 ee 12 7c 02 00 00
R10=0x0000000000000004 is an unknown value
R11=0x0 is NULL
R12=0x0 is NULL
R13=0x000000ce68dfe6e8 is pointing into the stack for thread: 0x0000027b53320170
R14=0x000000ce68dfe4b8 is pointing into the stack for thread: 0x0000027b53320170
R15=0x0000027b53320170 is a thread


Top of Stack: (sp=0x000000ce68dfe400)
0x000000ce68dfe400:   0000000000000004 0000027b08d40000
0x000000ce68dfe410:   7fffffffffffffff 000000ce68dfe4d0
0x000000ce68dfe420:   0000000000000001 00007ff876aff870
0x000000ce68dfe430:   7fffffffffffffff 0000000000000003
0x000000ce68dfe440:   0000000000000000 0000027b08d40000
0x000000ce68dfe450:   0000000000000008 0000027b5f818c11
0x000000ce68dfe460:   0000000000000003 000000ce68dfe4d0
0x000000ce68dfe470:   0000000000000001 0000027b5f81468c
0x000000ce68dfe480:   7fffffffffffffff 0000027b0179f3b0
0x000000ce68dfe490:   000000ce68dfe4e0 0000000789a9dc70
0x000000ce68dfe4a0:   0000000000093376 0000027b5f236b7e
0x000000ce68dfe4b0:   000000062deb1a70 000000061d242b68
0x000000ce68dfe4c0:   409e000000000000 00000006d8b1e010
0x000000ce68dfe4d0:   0000000609003a48 0000027b61fc7950
0x000000ce68dfe4e0:   0000000000000004 0000027b600ab7f8
0x000000ce68dfe4f0:   0000000609003a48 0000027b614ba87c
0x000000ce68dfe500:   0000000000000000 0000000789a9dca8
0x000000ce68dfe510:   000000ce68dfe740 0000027b5b56a9cc
0x000000ce68dfe520:   0000000789a9dca8 0000027b02e70f18
0x000000ce68dfe530:   000000ce00000000 0000000000000000
0x000000ce68dfe540:   0000027b53320170 00007ff876affff0
0x000000ce68dfe550:   0000027b02e5c968 0000027b53320170
0x000000ce68dfe560:   0000027b08d40000 0000027b00000000
0x000000ce68dfe570:   00000092ce74b2e3 000000ce68dfe6f8
0x000000ce68dfe580:   0000027b5df368c1 0000027b5df28e10
0x000000ce68dfe590:   000000ce00000000 000000ce68dfe740
0x000000ce68dfe5a0:   000000ce68dfe6f8 000000ce68dfe6f8
0x000000ce68dfe5b0:   0000027b5df368c1 0000027b5df28e10
0x000000ce68dfe5c0:   000000ce00000000 000000ce68dfe740
0x000000ce68dfe5d0:   000000ce68dfe6f8 0000027b0e118208
0x000000ce68dfe5e0:   000000061d242b68 0000000609003a48
0x000000ce68dfe5f0:   0000000000000001 0000008779caf7c8 

Instructions: (pc=0x00007ff876afd43b)
0x00007ff876afd33b:   cc cc cc cc cc 81 f9 29 81 00 00 77 20 74 18 81
0x00007ff876afd34b:   e9 26 81 00 00 74 32 83 e9 01 74 2d 83 f9 01 74
0x00007ff876afd35b:   28 b8 ff ff ff ff c3 b8 03 00 00 00 c3 81 f9 63
0x00007ff876afd36b:   88 00 00 74 14 81 f9 a0 8c 00 00 b8 01 00 00 00
0x00007ff876afd37b:   ba ff ff ff ff 0f 45 c2 c3 b8 01 00 00 00 c3 cc
0x00007ff876afd38b:   cc cc cc cc cc 81 f9 29 81 00 00 77 1a 74 12 81
0x00007ff876afd39b:   e9 26 81 00 00 74 25 83 e9 01 74 20 83 f9 01 eb
0x00007ff876afd3ab:   14 b8 03 00 00 00 c3 81 f9 63 88 00 00 74 0d 81
0x00007ff876afd3bb:   f9 a0 8c 00 00 b8 ff ff ff ff 75 05 b8 01 00 00
0x00007ff876afd3cb:   00 c3 cc cc cc e9 9b 07 01 00 cc cc cc cc cc cc
0x00007ff876afd3db:   cc cc cc cc cc e9 6b 08 01 00 cc cc cc cc cc cc
0x00007ff876afd3eb:   cc cc cc cc cc 48 89 5c 24 10 57 48 83 ec 20 48
0x00007ff876afd3fb:   8b f9 48 8b da 48 8d 0d 79 5e 01 02 e8 e4 73 d7
0x00007ff876afd40b:   ff 48 8b 0d b5 b7 f9 01 3b 99 c8 00 00 00 73 0f
0x00007ff876afd41b:   48 8b 81 c0 00 00 00 8b d3 48 8b 04 d0 eb 07 8b
0x00007ff876afd42b:   d3 e8 3f c4 f9 ff 48 85 c0 74 6f 48 89 74 24 30
0x00007ff876afd43b:   f0 ff 00 80 3d 5b 5e 01 02 00 48 8d 70 e8 74 33
0x00007ff876afd44b:   83 2d 32 5e 01 02 01 75 3b 33 db 48 8d 0d 63 5e
0x00007ff876afd45b:   01 02 89 1d 65 5e 01 02 e8 38 8f d0 ff 48 89 37
0x00007ff876afd46b:   48 8b c7 48 8b 74 24 30 48 8b 5c 24 38 48 83 c4
0x00007ff876afd47b:   20 5f c3 83 2d ff 5d 01 02 01 75 08 33 db 87 1d
0x00007ff876afd48b:   f1 5d 01 02 48 89 37 48 8b c7 48 8b 74 24 30 48
0x00007ff876afd49b:   8b 5c 24 38 48 83 c4 20 5f c3 33 db 38 1d f3 5d
0x00007ff876afd4ab:   01 02 74 2c 83 2d ce 5d 01 02 01 75 34 48 8d 0d
0x00007ff876afd4bb:   01 5e 01 02 89 1d 03 5e 01 02 e8 d6 8e d0 ff 48
0x00007ff876afd4cb:   8b c7 48 89 1f 48 8b 5c 24 38 48 83 c4 20 5f c3
0x00007ff876afd4db:   83 2d a2 5d 01 02 01 75 08 8b c3 87 05 94 5d 01
0x00007ff876afd4eb:   02 48 89 1f 48 8b c7 48 8b 5c 24 38 48 83 c4 20
0x00007ff876afd4fb:   5f c3 cc cc cc 40 53 48 83 ec 20 48 8b d9 e8 32
0x00007ff876afd50b:   59 3f 00 48 8b cb 48 83 c4 20 5b 48 ff 25 ab 9c
0x00007ff876afd51b:   ec 01 cc cc cc b8 ff ff ff ff f0 0f c1 02 83 e8
0x00007ff876afd52b:   01 7f 14 48 8d 4a e8 48 85 c9 74 0b 48 8b 01 ba 


Stack slot to memory mapping:
stack at sp + 0 slots: 0x0000000000000004 is an unknown value
stack at sp + 1 slots: 0x0000027b08d40000 points into unknown readable memory: 0x0000027b7e728010 | 10 80 72 7e 7b 02 00 00
stack at sp + 2 slots: 0x7fffffffffffffff is an unknown value
stack at sp + 3 slots: 0x000000ce68dfe4d0 is pointing into the stack for thread: 0x0000027b53320170
stack at sp + 4 slots: 0x0000000000000001 is an unknown value
stack at sp + 5 slots: 0x00007ff876aff870 nvoglv64.dll
stack at sp + 6 slots: 0x7fffffffffffffff is an unknown value
stack at sp + 7 slots: 0x0000000000000003 is an unknown value


Compiled method (n/a)  602289 25456     n 0       org.lwjgl.opengl.GL32C::nglClientWaitSync (native)
 total in heap  [0x0000027b5f818990,0x0000027b5f818d68] = 984
 relocation     [0x0000027b5f818ae8,0x0000027b5f818b18] = 48
 main code      [0x0000027b5f818b20,0x0000027b5f818d60] = 576
 oops           [0x0000027b5f818d60,0x0000027b5f818d68] = 8

[Constant Pool (empty)]

[MachCode]
[Entry Point]
  # {method} {0x0000027b0e4eba40} 'nglClientWaitSync' '(JIJ)I' in 'org/lwjgl/opengl/GL32C'
  # parm0:    rdx:rdx   = long
  # parm1:    r8        = int
  # parm2:    r9:r9     = long
  #           [sp+0x80]  (sp of caller)
  0x0000027b5f818b20: 448b 5208 | 49bb 0000 | 0000 0800 | 0000 4d03 | d349 3bc2 | 0f84 0600 

  0x0000027b5f818b38: ;   {runtime_call ic_miss_stub}
  0x0000027b5f818b38: 0000 e941 | 8575 fe90 
[Verified Entry Point]
  0x0000027b5f818b40: 8984 2400 | 90ff ff55 | 488b ec48 | 83ec 704c | 894c 2420 | 4d8b c84c 

  0x0000027b5f818b58: ;   {oop(a 'java/lang/Class'{0x000000061d242b68} = 'org/lwjgl/opengl/GL32C')}
  0x0000027b5f818b58: 8bc2 49be | 682b 241d | 0600 0000 | 4c89 7424 | 584c 8d74 | 2458 498b | d6c5 f877 

  0x0000027b5f818b74: ;   {internal_word}
  0x0000027b5f818b74: 49ba 718b | 815f 7b02 | 0000 4d89 | 97a0 0200 | 0049 89a7 | 9802 0000 

  0x0000027b5f818b8c: ;   {external_word}
  0x0000027b5f818b8c: 49ba ad37 | 5b7e f87f | 0000 4180 | 3a00 0f84 | 5200 0000 | 5241 5041 

  0x0000027b5f818ba4: ;   {metadata({method} {0x0000027b0e4eba40} 'nglClientWaitSync' '(JIJ)I' in 'org/lwjgl/opengl/GL32C')}
  0x0000027b5f818ba4: 5148 ba38 | ba4e 0e7b | 0200 0049 | 8bcf 4883 | ec20 f7c4 | 0f00 0000 | 0f84 1a00 | 0000 4883 
  0x0000027b5f818bc4: ;   {runtime_call}
  0x0000027b5f818bc4: ec08 49ba | 90e9 107e | f87f 0000 | 41ff d248 | 83c4 08e9 | 0d00 0000 

  0x0000027b5f818bdc: ;   {runtime_call}
  0x0000027b5f818bdc: 49ba 90e9 | 107e f87f | 0000 41ff | d248 83c4 | 2041 5941 | 585a 498d | 8fb8 0200 | 0041 c787 
  0x0000027b5f818bfc: 4003 0000 | 0400 0000 

  0x0000027b5f818c04: ;   {runtime_call}
  0x0000027b5f818c04: 49ba 20ff | 9da3 f87f | 0000 41ff | d2c5 f877 | 41c7 8740 | 0300 0005 | 0000 00f0 | 8344 24c0 
  0x0000027b5f818c24: 0049 3baf | 4803 0000 | 0f87 1100 | 0000 4181 | bf30 0300 | 0000 0000 | 000f 842c | 0000 00c5 
  0x0000027b5f818c44: f877 4889 | 45f8 498b | cf4c 8be4 | 4883 ec20 | 4883 e4f0 

  0x0000027b5f818c58: ;   {runtime_call}
  0x0000027b5f818c58: 49ba 90f7 | 207e f87f | 0000 41ff | d249 8be4 | 4d33 e448 | 8b45 f841 | c787 4003 | 0000 0800 
  0x0000027b5f818c78: 0000 4181 | bfb0 0300 | 0002 0000 | 000f 84a3 

  0x0000027b5f818c88: ;   {external_word}
  0x0000027b5f818c88: 0000 0049 | baad 375b | 7ef8 7f00 | 0041 803a | 000f 8450 | 0000 0048 

  0x0000027b5f818ca0: ;   {metadata({method} {0x0000027b0e4eba40} 'nglClientWaitSync' '(JIJ)I' in 'org/lwjgl/opengl/GL32C')}
  0x0000027b5f818ca0: 8945 f848 | ba38 ba4e | 0e7b 0200 | 0049 8bcf | 4883 ec20 | f7c4 0f00 | 0000 0f84 | 1a00 0000 
  0x0000027b5f818cc0: 4883 ec08 

  0x0000027b5f818cc4: ;   {runtime_call}
  0x0000027b5f818cc4: 49ba 90e9 | 107e f87f | 0000 41ff | d248 83c4 | 08e9 0d00 

  0x0000027b5f818cd8: ;   {runtime_call}
  0x0000027b5f818cd8: 0000 49ba | 90e9 107e | f87f 0000 | 41ff d248 | 83c4 2048 | 8b45 f849 | c787 9802 | 0000 0000 
  0x0000027b5f818cf8: 0000 49c7 | 87a0 0200 | 0000 0000 | 00c5 f877 | 498b 8fd8 | 0000 00c7 | 8100 0100 | 0000 0000 
  0x0000027b5f818d18: 00c9 4981 | 7f08 0000 | 0000 0f85 | 0100 0000 

  0x0000027b5f818d28: ;   {runtime_call StubRoutines (1)}
  0x0000027b5f818d28: c3e9 d281 | 70fe c5f8 | 7748 8945 | f84c 8be4 | 4883 ec20 | 4883 e4f0 

  0x0000027b5f818d40: ;   {runtime_call}
  0x0000027b5f818d40: 49ba a01a | 117e f87f | 0000 41ff | d249 8be4 | 4d33 e448 | 8b45 f8e9 | 2fff ffff | f4f4 f4f4 
[/MachCode]


Compiled method (c2)  602300 63784       4       net.minecraft.client.Minecraft::handler$zmi000$preRender (44 bytes)
 total in heap  [0x0000027b61fc7690,0x0000027b61fc7eb0] = 2080
 relocation     [0x0000027b61fc77e8,0x0000027b61fc7838] = 80
 main code      [0x0000027b61fc7840,0x0000027b61fc7b20] = 736
 stub code      [0x0000027b61fc7b20,0x0000027b61fc7b58] = 56
 oops           [0x0000027b61fc7b58,0x0000027b61fc7b68] = 16
 metadata       [0x0000027b61fc7b68,0x0000027b61fc7bb0] = 72
 scopes data    [0x0000027b61fc7bb0,0x0000027b61fc7d08] = 344
 scopes pcs     [0x0000027b61fc7d08,0x0000027b61fc7e28] = 288
 dependencies   [0x0000027b61fc7e28,0x0000027b61fc7e38] = 16
 handler table  [0x0000027b61fc7e38,0x0000027b61fc7e68] = 48
 nul chk table  [0x0000027b61fc7e68,0x0000027b61fc7eb0] = 72

[Constant Pool (empty)]

[MachCode]
[Entry Point]
  # {method} {0x0000027b02e82938} 'handler$zmi000$preRender' '(ZLorg/spongepowered/asm/mixin/injection/callback/CallbackInfo;)V' in 'net/minecraft/client/Minecraft'
  # this:     rdx:rdx   = 'net/minecraft/client/Minecraft'
  # parm0:    r8        = boolean
  # parm1:    r9:r9     = 'org/spongepowered/asm/mixin/injection/callback/CallbackInfo'
  #           [sp+0x40]  (sp of caller)
  0x0000027b61fc7840: 448b 5208 | 49bb 0000 | 0000 0800 | 0000 4d03 | d349 3bc2 

  0x0000027b61fc7854: ;   {runtime_call ic_miss_stub}
  0x0000027b61fc7854: 0f85 2698 | fafb 6690 | 0f1f 4000 
[Verified Entry Point]
  0x0000027b61fc7860: 8984 2400 | 90ff ff55 | 4883 ec30 | 4c8b da44 | 8b82 b801 | 0000 478b | 54c4 1447 | 2b54 c410 
  0x0000027b61fc7880: 458b ca41 | c1f9 1f47 | 234c c40c 

  0x0000027b61fc788c: ;   {oop(a 'java/lang/Class'{0x000000061bbb6e20} = 'me/jellysquid/mods/sodium/client/SodiumClientMod')}
  0x0000027b61fc788c: 4503 ca49 | ba20 6ebb | 1b06 0000 | 0045 8b52 | 7043 8b5c | d414 458b | 54dc 0c45 | 3bca 0f8e 
  0x0000027b61fc78ac: f900 0000 

  0x0000027b61fc78b0: ; implicit exception: dispatches to 0x0000027b61fc7a94
  0x0000027b61fc78b0: 478b 4cc4 | 1043 8b5c | c414 443b | cb0f 843d | 0100 0043 | 8b4c c418 

  0x0000027b61fc78c8: ; implicit exception: dispatches to 0x0000027b61fc7aa0
  0x0000027b61fc78c8: 418b 7ccc | 0c44 3bcf | 0f83 f000 | 0000 438b | 7cc4 0c41 | 8bd1 ffc2 | 4389 54c4 | 103b d70f 
  0x0000027b61fc78e8: 84cf 0000 | 0041 2bd9 | ffcb 448b | d341 c1fa | 1f44 23d7 | 4403 d348 | c1e1 034a | 8b4c c910 
  0x0000027b61fc7908: 83ff 040f | 8ecf 0000 | 008b efc1 | fd1f c1ed | 1e03 efc1 | fd02 443b | d50f 8ef5 | 0000 0048 
  0x0000027b61fc7928: 85c9 0f84 | 0c01 0000 | 4889 0c24 | 498b eb48 | 8bd1 41b8 | 0100 0000 | 49b9 ffff | ffff ffff 
  0x0000027b61fc7948: ;   {static_call}
  0x0000027b61fc7948: ff7f 90e8 

  0x0000027b61fc794c: ; ImmutableOopMap {rbp=Oop }
                      ;*invokestatic nglClientWaitSync {reexecute=0 rethrow=0 return_oop=0}
                      ; - org.lwjgl.opengl.GL32C::glClientWaitSync@14 (line 718)
                      ; - net.minecraft.client.Minecraft::handler$zmi000$preRender@32 (line 25361)
  0x0000027b61fc794c: f011 85fd | 488b 1424 

  0x0000027b61fc7954: ;   {static_call}
  0x0000027b61fc7954: 6666 90e8 

  0x0000027b61fc7958: ; ImmutableOopMap {rbp=Oop }
                      ;*invokestatic nglDeleteSync {reexecute=0 rethrow=0 return_oop=0}
                      ; - org.lwjgl.opengl.GL32C::glDeleteSync@12 (line 686)
                      ; - net.minecraft.client.Minecraft::handler$zmi000$preRender@37 (line 25362)
  0x0000027b61fc7958: e415 85fd | 4d8b 9750 

  0x0000027b61fc7960: ; ImmutableOopMap {rbp=Oop }
                      ;*goto {reexecute=1 rethrow=0 return_oop=0}
                      ; - (reexecute) net.minecraft.client.Minecraft::handler$zmi000$preRender@40 (line 25363)
                      ;   {poll}
  0x0000027b61fc7960: 0300 0041 | 8502 4c8b | dd45 8b83 | b801 0000 

  0x0000027b61fc7970: ; implicit exception: dispatches to 0x0000027b61fc7ab0
  0x0000027b61fc7970: 478b 54c4 | 1447 2b54 

  0x0000027b61fc7978: ;   {oop(a 'java/lang/Class'{0x000000061bbb6e20} = 'me/jellysquid/mods/sodium/client/SodiumClientMod')}
  0x0000027b61fc7978: c410 49b9 | 206e bb1b | 0600 0000 | 418b 5970 | 418b eac1 | fd1f 4323 | 6cc4 0c41 | 03ea 458b 
  0x0000027b61fc7998: 4cdc 1447 | 8b54 cc0c | 413b ea0f | 8f07 ffff | ff48 83c4 

  0x0000027b61fc79ac: ;   {poll_return}
  0x0000027b61fc79ac: 305d 493b | a748 0300 | 000f 8739 | 0100 00c3 | 4789 64c4 | 10e9 2cff | ffff bae4 | ffff ff49 
  0x0000027b61fc79cc: 8beb 4489 | 0424 4489 | 4c24 0489 

  0x0000027b61fc79d8: ;   {runtime_call UncommonTrapBlob}
  0x0000027b61fc79d8: 4c24 08e8 

  0x0000027b61fc79dc: ; ImmutableOopMap {rbp=Oop [0]=NarrowOop [8]=NarrowOop }
                      ;*laload {reexecute=0 rethrow=0 return_oop=0}
                      ; - it.unimi.dsi.fastutil.longs.LongArrayFIFOQueue::dequeueLong@27 (line 86)
                      ; - net.minecraft.client.Minecraft::handler$zmi000$preRender@23 (line 25360)
  0x0000027b61fc79dc: 20ef fafb | ba45 ffff | ff49 8beb | 4489 0424 | 4889 4c24 | 0844 8954 | 2404 897c 

  0x0000027b61fc79f8: ;   {runtime_call UncommonTrapBlob}
  0x0000027b61fc79f8: 2410 90e8 

  0x0000027b61fc79fc: ; ImmutableOopMap {rbp=Oop [0]=NarrowOop }
                      ;*if_icmple {reexecute=1 rethrow=0 return_oop=0}
                      ; - (reexecute) it.unimi.dsi.fastutil.longs.LongArrayFIFOQueue::reduce@10 (line 128)
                      ; - it.unimi.dsi.fastutil.longs.LongArrayFIFOQueue::dequeueLong@53 (line 89)
                      ; - net.minecraft.client.Minecraft::handler$zmi000$preRender@23 (line 25360)
  0x0000027b61fc79fc: 00ef fafb | ba45 ffff | ff49 8beb | 4489 0424 | 4489 4c24 | 0489 5c24 

  0x0000027b61fc7a14: ;   {runtime_call UncommonTrapBlob}
  0x0000027b61fc7a14: 0866 90e8 

  0x0000027b61fc7a18: ; ImmutableOopMap {rbp=Oop [0]=NarrowOop }
                      ;*if_icmpne {reexecute=1 rethrow=0 return_oop=0}
                      ; - (reexecute) it.unimi.dsi.fastutil.longs.LongArrayFIFOQueue::dequeueLong@8 (line 84)
                      ; - net.minecraft.client.Minecraft::handler$zmi000$preRender@23 (line 25360)
  0x0000027b61fc7a18: e4ee fafb | ba45 ffff | ff4c 891c | 2444 8944 | 2408 4889 | 4c24 1044 | 8954 2418 

  0x0000027b61fc7a34: ;   {runtime_call UncommonTrapBlob}
  0x0000027b61fc7a34: 6666 90e8 

  0x0000027b61fc7a38: ; ImmutableOopMap {[0]=Oop [8]=NarrowOop }
                      ;*if_icmpgt {reexecute=1 rethrow=0 return_oop=0}
                      ; - (reexecute) it.unimi.dsi.fastutil.longs.LongArrayFIFOQueue::reduce@20 (line 128)
                      ; - it.unimi.dsi.fastutil.longs.LongArrayFIFOQueue::dequeueLong@53 (line 89)
                      ; - net.minecraft.client.Minecraft::handler$zmi000$preRender@23 (line 25360)
  0x0000027b61fc7a38: c4ee fafb | 4533 d249 | 3bca bdff | ffff ff7c | 0840 0f95 | c540 0fb6 | edba 45ff | ffff 4c89 
  0x0000027b61fc7a58: 1c24 4889 | 4c24 1048 | 894c 2418 

  0x0000027b61fc7a64: ;   {runtime_call UncommonTrapBlob}
  0x0000027b61fc7a64: 6666 90e8 

  0x0000027b61fc7a68: ; ImmutableOopMap {[0]=Oop }
                      ;*ifne {reexecute=1 rethrow=0 return_oop=0}
                      ; - (reexecute) org.lwjgl.system.Checks::check@3 (line 99)
                      ; - org.lwjgl.opengl.GL32C::glClientWaitSync@7 (line 716)
                      ; - net.minecraft.client.Minecraft::handler$zmi000$preRender@32 (line 25361)
  0x0000027b61fc7a68: 94ee fafb | 488b d0eb | 0348 8bd0 | 4883 c430 

  0x0000027b61fc7a78: ;   {runtime_call _rethrow_Java}
  0x0000027b61fc7a78: 5de9 8271 | 05fc baf6 

  0x0000027b61fc7a80: ;   {runtime_call UncommonTrapBlob}
  0x0000027b61fc7a80: ffff ffe8 

  0x0000027b61fc7a84: ; ImmutableOopMap {}
                      ;*invokevirtual size {reexecute=0 rethrow=0 return_oop=0}
                      ; - net.minecraft.client.Minecraft::handler$zmi000$preRender@4 (line 25359)
  0x0000027b61fc7a84: 78ee fafb | baf6 ffff 

  0x0000027b61fc7a8c: ;   {runtime_call UncommonTrapBlob}
  0x0000027b61fc7a8c: ff66 90e8 

  0x0000027b61fc7a90: ; ImmutableOopMap {}
                      ;*getfield cpuRenderAheadLimit {reexecute=1 rethrow=0 return_oop=0}
                      ; - (reexecute) net.minecraft.client.Minecraft::handler$zmi000$preRender@13 (line 25359)
  0x0000027b61fc7a90: 6cee fafb | baf6 ffff 

  0x0000027b61fc7a98: ;   {runtime_call UncommonTrapBlob}
  0x0000027b61fc7a98: ff66 90e8 

  0x0000027b61fc7a9c: ; ImmutableOopMap {}
                      ;*invokevirtual dequeueLong {reexecute=0 rethrow=0 return_oop=0}
                      ; - net.minecraft.client.Minecraft::handler$zmi000$preRender@23 (line 25360)
  0x0000027b61fc7a9c: 60ee fafb | baf6 ffff | ff41 8be9 

  0x0000027b61fc7aa8: ;   {runtime_call UncommonTrapBlob}
  0x0000027b61fc7aa8: 6666 90e8 

  0x0000027b61fc7aac: ; ImmutableOopMap {}
                      ;*laload {reexecute=0 rethrow=0 return_oop=0}
                      ; - it.unimi.dsi.fastutil.longs.LongArrayFIFOQueue::dequeueLong@27 (line 86)
                      ; - net.minecraft.client.Minecraft::handler$zmi000$preRender@23 (line 25360)
  0x0000027b61fc7aac: 50ee fafb | baf6 ffff 

  0x0000027b61fc7ab4: ;   {runtime_call UncommonTrapBlob}
  0x0000027b61fc7ab4: ff66 90e8 

  0x0000027b61fc7ab8: ; ImmutableOopMap {}
                      ;*invokevirtual size {reexecute=0 rethrow=0 return_oop=0}
                      ; - net.minecraft.client.Minecraft::handler$zmi000$preRender@4 (line 25359)
  0x0000027b61fc7ab8: 44ee fafb | baf6 ffff 

  0x0000027b61fc7ac0: ;   {runtime_call UncommonTrapBlob}
  0x0000027b61fc7ac0: ff66 90e8 

  0x0000027b61fc7ac4: ; ImmutableOopMap {}
                      ;*getfield cpuRenderAheadLimit {reexecute=1 rethrow=0 return_oop=0}
                      ; - (reexecute) net.minecraft.client.Minecraft::handler$zmi000$preRender@13 (line 25359)
  0x0000027b61fc7ac4: 38ee fafb | ba45 ffff | ff49 8beb | 4489 0c24 | 4489 5424 

  0x0000027b61fc7ad8: ;   {runtime_call UncommonTrapBlob}
  0x0000027b61fc7ad8: 0466 90e8 

  0x0000027b61fc7adc: ; ImmutableOopMap {rbp=Oop [4]=NarrowOop }
                      ;*ifnonnull {reexecute=1 rethrow=0 return_oop=0}
                      ; - (reexecute) me.jellysquid.mods.sodium.client.SodiumClientMod::options@3 (line 45)
                      ; - net.minecraft.client.Minecraft::handler$zmi000$preRender@7 (line 25359)
  0x0000027b61fc7adc: 20ee fafb | ba45 ffff | ff4c 891c | 2489 5c24 

  0x0000027b61fc7aec: ;   {runtime_call UncommonTrapBlob}
  0x0000027b61fc7aec: 0866 90e8 

  0x0000027b61fc7af0: ; ImmutableOopMap {[0]=Oop [8]=NarrowOop }
                      ;*ifnonnull {reexecute=1 rethrow=0 return_oop=0}
                      ; - (reexecute) me.jellysquid.mods.sodium.client.SodiumClientMod::options@3 (line 45)
                      ; - net.minecraft.client.Minecraft::handler$zmi000$preRender@7 (line 25359)
  0x0000027b61fc7af0: 0cee fafb 

  0x0000027b61fc7af4: ;   {internal_word}
  0x0000027b61fc7af4: 49ba ae79 | fc61 7b02 | 0000 4d89 | 9760 0300 

  0x0000027b61fc7b04: ;   {runtime_call SafepointBlob}
  0x0000027b61fc7b04: 00e9 f6fe | fafb f4f4 | f4f4 f4f4 | f4f4 f4f4 | f4f4 f4f4 | f4f4 f4f4 | f4f4 f4f4 
[Stub Code]
  0x0000027b61fc7b20: ;   {no_reloc}
  0x0000027b61fc7b20: 48bb 0000 | 0000 0000 

  0x0000027b61fc7b28: ;   {runtime_call}
  0x0000027b61fc7b28: 0000 e9fb 

  0x0000027b61fc7b2c: ;   {static_stub}
  0x0000027b61fc7b2c: ffff ff48 | bb00 0000 | 0000 0000 

  0x0000027b61fc7b38: ;   {runtime_call}
  0x0000027b61fc7b38: 00e9 fbff 

  0x0000027b61fc7b3c: ;   {runtime_call ExceptionBlob}
  0x0000027b61fc7b3c: ffff e93d | d104 fce8 | 0000 0000 | 4883 2c24 

  0x0000027b61fc7b4c: ;   {runtime_call DeoptimizationBlob}
  0x0000027b61fc7b4c: 05e9 4ef1 | fafb f4f4 | f4f4 f4f4 
[/MachCode]


Compiled method (c1)  602378 66129       3       net.minecraft.client.Minecraft::m_91383_ (1123 bytes)
 total in heap  [0x0000027b5b569b10,0x0000027b5b575f30] = 50208
 relocation     [0x0000027b5b569c68,0x0000027b5b56a7e8] = 2944
 constants      [0x0000027b5b56a800,0x0000027b5b56a820] = 32
 main code      [0x0000027b5b56a820,0x0000027b5b572ca0] = 33920
 stub code      [0x0000027b5b572ca0,0x0000027b5b5730d8] = 1080
 oops           [0x0000027b5b5730d8,0x0000027b5b573128] = 80
 metadata       [0x0000027b5b573128,0x0000027b5b573440] = 792
 scopes data    [0x0000027b5b573440,0x0000027b5b574708] = 4808
 scopes pcs     [0x0000027b5b574708,0x0000027b5b575c68] = 5472
 dependencies   [0x0000027b5b575c68,0x0000027b5b575cd0] = 104
 nul chk table  [0x0000027b5b575cd0,0x0000027b5b575f30] = 608


[Constant Pool]
             Address          hex4                    hex8      
  0x0000027b5b56a800:   0x7f7fffff      0xf4f4f4f47f7fffff      
  0x0000027b5b56a804:   0xf4f4f4f4                              
  0x0000027b5b56a808:   0xf4f4f4f4      0xf4f4f4f4f4f4f4f4      
  0x0000027b5b56a80c:   0xf4f4f4f4                              
  0x0000027b5b56a810:   0xf4f4f4f4      0xf4f4f4f4f4f4f4f4      
  0x0000027b5b56a814:   0xf4f4f4f4                              
  0x0000027b5b56a818:   0xf4f4f4f4      0xf4f4f4f4f4f4f4f4      
  0x0000027b5b56a81c:   0xf4f4f4f4                              

[MachCode]
[Entry Point]
  # {method} {0x0000027b02e70f20} 'm_91383_' '(Z)V' in 'net/minecraft/client/Minecraft'
  # this:     rdx:rdx   = 'net/minecraft/client/Minecraft'
  # parm0:    r8        = boolean
  #           [sp+0x1c0]  (sp of caller)
  0x0000027b5b56a820: ;   {no_reloc}
  0x0000027b5b56a820: 448b 5208 | 49bb 0000 | 0000 0800 | 0000 4d03 | d34c 3bd0 

  0x0000027b5b56a834: ;   {runtime_call ic_miss_stub}
  0x0000027b5b56a834: 0f85 4668 | a002 660f | 1f44 0000 
[Verified Entry Point]
  0x0000027b5b56a840: 8984 2400 | 90ff ff55 | 4881 ecb0 | 0100 0048 | 8994 24c8 | 0000 0044 | 8984 24d0 

  0x0000027b5b56a85c: ;   {metadata(method data for {method} {0x0000027b02e70f20} 'm_91383_' '(Z)V' in 'net/minecraft/client/Minecraft')}
  0x0000027b5b56a85c: 0000 0048 | bea0 c3f8 | 2e7b 0200 | 008b becc | 0000 0083 | c702 89be | cc00 0000 | 81e7 fe07 
  0x0000027b5b56a87c: 0000 83ff | 000f 8492 | 6800 0048 

  0x0000027b5b56a888: ;   {metadata('org/spongepowered/asm/mixin/injection/callback/CallbackInfo')}
  0x0000027b5b56a888: 8bda 48ba | d82d 5f00 | 0800 0000 | 498b 8708 | 0100 0048 | 8d78 1849 | 3bbf 1801 | 0000 0f87 
  0x0000027b5b56a8a8: 8e68 0000 | 4989 bf08 | 0100 0048 | c700 0100 | 0000 488b | ca49 ba00 | 0000 0008 | 0000 0049 
  0x0000027b5b56a8c8: 2bca 8948 | 0848 33c9 | 8948 0c48 | 33c9 4889 | 4810 4c8b 

  0x0000027b5b56a8dc: ;   {metadata(method data for {method} {0x0000027b02e70f20} 'm_91383_' '(Z)V' in 'net/minecraft/client/Minecraft')}
  0x0000027b5b56a8dc: c848 baa0 | c3f8 2e7b | 0200 0048 | 8382 1001 

  0x0000027b5b56a8ec: ;   {metadata(method data for {method} {0x0000027b02a50db0} '<init>' '(Ljava/lang/String;Z)V' in 'org/spongepowered/asm/mixin/injection/callback/CallbackInfo')}
  0x0000027b5b56a8ec: 0000 0149 | b938 2e08 | 037b 0200 | 0041 8b91 | cc00 0000 | 83c2 0241 | 8991 cc00 | 0000 81e2 
  0x0000027b5b56a90c: feff 1f00 | 83fa 000f | 842e 6800 | 004c 8bc8 

  0x0000027b5b56a91c: ;   {metadata(method data for {method} {0x0000027b02a50db0} '<init>' '(Ljava/lang/String;Z)V' in 'org/spongepowered/asm/mixin/injection/callback/CallbackInfo')}
  0x0000027b5b56a91c: 48ba 382e | 0803 7b02 | 0000 4883 | 8210 0100 

  0x0000027b5b56a92c: ;   {metadata(method data for {method} {0x0000027b00000518} '<init>' '()V' in 'java/lang/Object')}
  0x0000027b5b56a92c: 0001 49b9 | 686b 2000 | 7b02 0000 | 418b 91cc | 0000 0083 | c202 4189 | 91cc 0000 | 0081 e2fe 
  0x0000027b5b56a94c: ff1f 0083 | fa00 0f84 | 1068 0000 

  0x0000027b5b56a958: ;   {oop("m_91383_"{0x000000060a7b9100})}
  0x0000027b5b56a958: 49b9 0091 | 7b0a 0600 | 0000 450f | be4f 3841 | 83f9 000f | 8518 6800 

  0x0000027b5b56a970: ;   {oop("m_91383_"{0x000000060a7b9100})}
  0x0000027b5b56a970: 0049 ba00 | 917b 0a06 | 0000 0049 | c1ea 0344 

  0x0000027b5b56a980: ;   {oop("m_91383_"{0x000000060a7b9100})}
  0x0000027b5b56a980: 8950 1049 | b900 917b | 0a06 0000 | 0048 8bd0 | 4933 d148 | c1ea 1648 | 83fa 000f | 8508 6800 
  0x0000027b5b56a9a0: 0048 8bd3 

  0x0000027b5b56a9a4: ;   {metadata(method data for {method} {0x0000027b02e70f20} 'm_91383_' '(Z)V' in 'net/minecraft/client/Minecraft')}
  0x0000027b5b56a9a4: 49b9 a0c3 | f82e 7b02 | 0000 4983 | 8120 0100 | 0001 498b | f04c 8bc6 | 4c8b c848 | 8bd3 0f1f 
  0x0000027b5b56a9c4: ;   {optimized virtual_call}
  0x0000027b5b56a9c4: 4400 00e8 

  0x0000027b5b56a9c8: ; ImmutableOopMap {[200]=Oop }
                      ;*invokespecial handler$zmi000$preRender {reexecute=0 rethrow=0 return_oop=0}
                      ; - net.minecraft.client.Minecraft::m_91383_@13
  0x0000027b5b56a9c8: 94ce a506 

  0x0000027b5b56a9cc: ;   {metadata(method data for {method} {0x0000027b02e70f20} 'm_91383_' '(Z)V' in 'net/minecraft/client/Minecraft')}
  0x0000027b5b56a9cc: 48ba a0c3 | f82e 7b02 | 0000 4883 | 8230 0100 

  0x0000027b5b56a9dc: ;   {metadata(method data for {method} {0x0000027b2c9b9a48} 'onMinecraftRunTick' '()V' in 'xaero/map/core/XaeroWorldMapCore')}
  0x0000027b5b56a9dc: 0001 48ba | 30e1 f82e | 7b02 0000 | 8bb2 cc00 | 0000 83c6 | 0289 b2cc | 0000 0081 | e6fe ff1f 
  0x0000027b5b56a9fc: 0083 fe00 | 0f84 bb67 

  0x0000027b5b56aa04: ;   {oop(a 'java/lang/Class'{0x000000061b0f3470} = 'xaero/map/WorldMap')}
  0x0000027b5b56aa04: 0000 48ba | 7034 0f1b | 0600 0000 | 8b92 8800 | 0000 48c1 | e203 4883 

  0x0000027b5b56aa1c: ;   {metadata(method data for {method} {0x0000027b2c9b9a48} 'onMinecraftRunTick' '()V' in 'xaero/map/core/XaeroWorldMapCore')}
  0x0000027b5b56aa1c: fa00 48be | 30e1 f82e | 7b02 0000 | 48c7 c710 | 0100 000f | 8407 0000 | 0048 c7c7 | 2001 0000 
  0x0000027b5b56aa3c: 488b 1c3e | 488d 5b01 | 4889 1c3e | 0f84 a600 | 0000 483b | 0248 8bf2 

  0x0000027b5b56aa54: ;   {metadata(method data for {method} {0x0000027b2c9b9a48} 'onMinecraftRunTick' '()V' in 'xaero/map/core/XaeroWorldMapCore')}
  0x0000027b5b56aa54: 48bf 30e1 | f82e 7b02 | 0000 8b76 | 0849 ba00 | 0000 0008 | 0000 0049 | 03f2 483b | b740 0100 
  0x0000027b5b56aa74: 0075 0d48 | 8387 4801 | 0000 01e9 | 6600 0000 | 483b b750 | 0100 0075 | 0d48 8387 | 5801 0000 
  0x0000027b5b56aa94: 01e9 5000 | 0000 4881 | bf40 0100 | 0000 0000 | 0075 1748 | 89b7 4001 | 0000 48c7 | 8748 0100 
  0x0000027b5b56aab4: 0001 0000 | 00e9 2c00 | 0000 4881 | bf50 0100 | 0000 0000 | 0075 1748 | 89b7 5001 | 0000 48c7 
  0x0000027b5b56aad4: 8758 0100 | 0001 0000 | 00e9 0800 | 0000 4883 | 8730 0100 | 0001 0f1f 

  0x0000027b5b56aaec: ;   {optimized virtual_call}
  0x0000027b5b56aaec: 4400 00e8 

  0x0000027b5b56aaf0: ; ImmutableOopMap {[200]=Oop }
                      ;*invokevirtual handleClientRunTickStart {reexecute=0 rethrow=0 return_oop=0}
                      ; - xaero.map.core.XaeroWorldMapCore::onMinecraftRunTick@9 (line 172)
                      ; - net.minecraft.client.Minecraft::m_91383_@16 (line 993)
  0x0000027b5b56aaf0: ecd5 a506 | 488b 9424 | c800 0000 | 8bb2 8400 | 0000 48c1 | e603 483b | 0648 8bfe 

  0x0000027b5b56ab0c: ;   {metadata(method data for {method} {0x0000027b02e70f20} 'm_91383_' '(Z)V' in 'net/minecraft/client/Minecraft')}
  0x0000027b5b56ab0c: 48bb a0c3 | f82e 7b02 | 0000 4883 | 8340 0100 | 0001 410f | be7f 3883 | ff00 0f85 | c066 0000 
  0x0000027b5b56ab2c: ;   {oop("Pre render"{0x000000062a4085f8})}
  0x0000027b5b56ab2c: 49ba f885 | 402a 0600 | 0000 49c1 | ea03 4489 

  0x0000027b5b56ab3c: ;   {oop("Pre render"{0x000000062a4085f8})}
  0x0000027b5b56ab3c: 5664 48bf | f885 402a | 0600 0000 | 488b de48 | 33df 48c1 | eb16 4883 | fb00 0f85 | af66 0000 
  0x0000027b5b56ab5c: ;   {metadata(method data for {method} {0x0000027b02e70f20} 'm_91383_' '(Z)V' in 'net/minecraft/client/Minecraft')}
  0x0000027b5b56ab5c: 48be a0c3 | f82e 7b02 | 0000 4883 | 8678 0100 

  0x0000027b5b56ab6c: ;   {metadata(method data for {method} {0x0000027b02a84ac0} 'm_137569_' '()J' in 'net/minecraft/Util')}
  0x0000027b5b56ab6c: 0001 48be | 00c9 ed2d | 7b02 0000 | 8bbe cc00 | 0000 83c7 | 0289 becc | 0000 0081 | e7fe ff1f 
  0x0000027b5b56ab8c: 0083 ff00 | 0f84 8d66 

  0x0000027b5b56ab94: ;   {oop(a 'java/lang/Class'{0x0000000612ce6cb8} = 'net/minecraft/Util')}
  0x0000027b5b56ab94: 0000 48be | b86c ce12 | 0600 0000 | 8bb6 8800 | 0000 48c1 | e603 483b | 0648 8bfe 

  0x0000027b5b56abb0: ;   {metadata(method data for {method} {0x0000027b02a84ac0} 'm_137569_' '()J' in 'net/minecraft/Util')}
  0x0000027b5b56abb0: 48bb 00c9 | ed2d 7b02 | 0000 8b7f | 0849 ba00 | 0000 0008 | 0000 0049 | 03fa 483b | bb20 0100 
  0x0000027b5b56abd0: 0075 0d48 | 8383 2801 | 0000 01e9 | 6600 0000 | 483b bb30 | 0100 0075 | 0d48 8383 | 3801 0000 
  0x0000027b5b56abf0: 01e9 5000 | 0000 4881 | bb20 0100 | 0000 0000 | 0075 1748 | 89bb 2001 | 0000 48c7 | 8328 0100 
  0x0000027b5b56ac10: 0001 0000 | 00e9 2c00 | 0000 4881 | bb30 0100 | 0000 0000 | 0075 1748 | 89bb 3001 | 0000 48c7 
  0x0000027b5b56ac30: 8338 0100 | 0001 0000 | 00e9 0800 | 0000 4883 | 8310 0100 | 0001 488b | d60f 1f40 | 0048 b800 
  0x0000027b5b56ac50: 40e5 0008 

  0x0000027b5b56ac54: ;   {virtual_call}
  0x0000027b5b56ac54: 0000 00e8 

  0x0000027b5b56ac58: ; ImmutableOopMap {[200]=Oop }
                      ;*invokeinterface getAsLong {reexecute=0 rethrow=0 return_oop=0}
                      ; - net.minecraft.Util::m_137569_@3 (line 107)
                      ; - net.minecraft.client.Minecraft::m_91383_@29 (line 994)
  0x0000027b5b56ac58: e4fb f405 | 4889 8424 | d800 0000 | 488b 9424 | c800 0000 | 8bb2 8400 | 0000 48c1 | e603 483b 
  0x0000027b5b56ac78: 0648 8bfe 

  0x0000027b5b56ac7c: ;   {metadata(method data for {method} {0x0000027b02e70f20} 'm_91383_' '(Z)V' in 'net/minecraft/client/Minecraft')}
  0x0000027b5b56ac7c: 48bb a0c3 | f82e 7b02 | 0000 4883 | 8388 0100 

  0x0000027b5b56ac8c: ;   {metadata(method data for {method} {0x0000027b0e1179d8} 'm_85411_' '()Z' in 'com/mojang/blaze3d/platform/Window')}
  0x0000027b5b56ac8c: 0001 48bf | 80e5 f82e | 7b02 0000 | 8b9f cc00 | 0000 83c3 | 0289 9fcc | 0000 0081 | e3fe ff1f 
  0x0000027b5b56acac: 0083 fb00 | 0f84 9865 

  0x0000027b5b56acb4: ;   {metadata(method data for {method} {0x0000027b0e1179d8} 'm_85411_' '()Z' in 'com/mojang/blaze3d/platform/Window')}
  0x0000027b5b56acb4: 0000 48bf | 80e5 f82e | 7b02 0000 | 4883 8710 | 0100 0001 

  0x0000027b5b56acc8: ;   {metadata(method data for {method} {0x0000027b0e113410} 'm_69355_' '(Lcom/mojang/blaze3d/platform/Window;)Z' in 'com/mojang/blaze3d/platform/GLX')}
  0x0000027b5b56acc8: 48bf e0e6 | f82e 7b02 | 0000 8b9f | cc00 0000 | 83c3 0289 | 9fcc 0000 | 0081 e3fe | ff1f 0083 
  0x0000027b5b56ace8: fb00 0f84 | 7f65 0000 

  0x0000027b5b56acf0: ;   {metadata(method data for {method} {0x0000027b0e113410} 'm_69355_' '(Lcom/mojang/blaze3d/platform/Window;)Z' in 'com/mojang/blaze3d/platform/GLX')}
  0x0000027b5b56acf0: 488b fe48 | bbe0 e6f8 | 2e7b 0200 | 0048 8383 | 1001 0000 | 0148 8b7e 

  0x0000027b5b56ad08: ;   {metadata(method data for {method} {0x0000027b0e113410} 'm_69355_' '(Lcom/mojang/blaze3d/platform/Window;)Z' in 'com/mojang/blaze3d/platform/GLX')}
  0x0000027b5b56ad08: 1048 bee0 | e6f8 2e7b | 0200 0048 | 8386 4801 | 0000 0148 

  0x0000027b5b56ad1c: ;   {static_call}
  0x0000027b5b56ad1c: 8bd7 90e8 

  0x0000027b5b56ad20: ; ImmutableOopMap {[200]=Oop }
                      ;*invokestatic glfwWindowShouldClose {reexecute=0 rethrow=0 return_oop=0}
                      ; - com.mojang.blaze3d.platform.GLX::m_69355_@4 (line 91)
                      ; - com.mojang.blaze3d.platform.Window::m_85411_@1 (line 114)
                      ; - net.minecraft.client.Minecraft::m_91383_@37 (line 995)
  0x0000027b5b56ad20: 7cf0 c406 | 83e0 0183 | e001 83f8 

  0x0000027b5b56ad2c: ;   {metadata(method data for {method} {0x0000027b02e70f20} 'm_91383_' '(Z)V' in 'net/minecraft/client/Minecraft')}
  0x0000027b5b56ad2c: 0049 b8a0 | c3f8 2e7b | 0200 0048 | c7c2 c001 | 0000 0f84 | 0700 0000 | 48c7 c2d0 | 0100 0049 
  0x0000027b5b56ad4c: 8b34 1048 | 8d76 0149 | 8934 1048 | 8b94 24c8 | 0000 000f | 8460 0000 | 004c 8bc2 

  0x0000027b5b56ad68: ;   {metadata(method data for {method} {0x0000027b02e70f20} 'm_91383_' '(Z)V' in 'net/minecraft/client/Minecraft')}
  0x0000027b5b56ad68: 48be a0c3 | f82e 7b02 

  0x0000027b5b56ad70: ;   {metadata('net/minecraft/client/Minecraft')}
  0x0000027b5b56ad70: 0000 49ba | 0010 6900 | 0800 0000 | 4c89 96f0 | 0100 0048 | 8386 f801 

  0x0000027b5b56ad88: ;   {metadata(method data for {method} {0x0000027b02e72900} 'm_91395_' '()V' in 'net/minecraft/client/Minecraft')}
  0x0000027b5b56ad88: 0000 0149 | b878 e8f8 | 2e7b 0200 | 0041 8bb0 | cc00 0000 | 83c6 0241 | 89b0 cc00 | 0000 81e6 
  0x0000027b5b56ada8: feff 1f00 | 83fe 000f | 84db 6400 | 0041 b800 | 0000 0044 | 8842 68f0 | 8344 24c0 | 008b b290 
  0x0000027b5b56adc8: 0100 0048 | c1e6 0348 

  0x0000027b5b56add0: ;   {metadata(method data for {method} {0x0000027b02e70f20} 'm_91383_' '(Z)V' in 'net/minecraft/client/Minecraft')}
  0x0000027b5b56add0: 83fe 0049 | b8a0 c3f8 | 2e7b 0200 | 0048 c7c7 | 1802 0000 | 0f84 0700 | 0000 48c7 | c728 0200 
  0x0000027b5b56adf0: 0049 8b1c | 3848 8d5b | 0149 891c | 380f 847e | 0400 0044 | 8b82 7c01 | 0000 49c1 | e003 4983 
  0x0000027b5b56ae10: f800 7516 

  0x0000027b5b56ae14: ;   {metadata(method data for {method} {0x0000027b02e70f20} 'm_91383_' '(Z)V' in 'net/minecraft/client/Minecraft')}
  0x0000027b5b56ae14: 48bb a0c3 | f82e 7b02 | 0000 808b | 3102 0000 | 01e9 d400 

  0x0000027b5b56ae28: ;   {metadata('net/minecraft/client/gui/screens/LoadingOverlay')}
  0x0000027b5b56ae28: 0000 48b8 | 28e5 6a00 | 0800 0000 | 418b 7808 | 49ba 0000 | 0000 0800 | 0000 4903 | fa48 3bc7 
  0x0000027b5b56ae48: 0f85 9400 

  0x0000027b5b56ae4c: ;   {metadata(method data for {method} {0x0000027b02e70f20} 'm_91383_' '(Z)V' in 'net/minecraft/client/Minecraft')}
  0x0000027b5b56ae4c: 0000 48bb | a0c3 f82e | 7b02 0000 | 418b 4008 | 49ba 0000 | 0000 0800 | 0000 4903 | c248 3b83 
  0x0000027b5b56ae6c: 4802 0000 | 750d 4883 | 8350 0200 | 0001 e984 | 0000 0048 | 3b83 5802 | 0000 750d | 4883 8360 
  0x0000027b5b56ae8c: 0200 0001 | e96e 0000 | 0048 81bb | 4802 0000 | 0000 0000 | 7517 4889 | 8348 0200 | 0048 c783 
  0x0000027b5b56aeac: 5002 0000 | 0100 0000 | e94a 0000 | 0048 81bb | 5802 0000 | 0000 0000 | 7517 4889 | 8358 0200 
  0x0000027b5b56aecc: 0048 c783 | 6002 0000 | 0100 0000 | e926 0000 | 00e9 2100 

  0x0000027b5b56aee0: ;   {metadata(method data for {method} {0x0000027b02e70f20} 'm_91383_' '(Z)V' in 'net/minecraft/client/Minecraft')}
  0x0000027b5b56aee0: 0000 48bb | a0c3 f82e | 7b02 0000 | 4883 ab38 | 0200 0001 | e905 0000 | 00e9 0500 | 0000 4d33 
  0x0000027b5b56af00: c0eb 0a49 | b801 0000 | 0000 0000 | 0041 83f8 

  0x0000027b5b56af10: ;   {metadata(method data for {method} {0x0000027b02e70f20} 'm_91383_' '(Z)V' in 'net/minecraft/client/Minecraft')}
  0x0000027b5b56af10: 0049 b8a0 | c3f8 2e7b | 0200 0048 | c7c7 7002 | 0000 0f85 | 0700 0000 | 48c7 c780 | 0200 0049 
  0x0000027b5b56af30: 8b1c 3848 | 8d5b 0149 | 891c 380f | 8540 0300 | 0048 89b4 | 24e0 0000 | 0045 0fbe | 4738 4183 
  0x0000027b5b56af50: f800 0f85 | 5963 0000 | c782 9001 | 0000 0000 | 0000 4c8b 

  0x0000027b5b56af64: ;   {metadata(method data for {method} {0x0000027b02e70f20} 'm_91383_' '(Z)V' in 'net/minecraft/client/Minecraft')}
  0x0000027b5b56af64: c248 bfa0 | c3f8 2e7b 

  0x0000027b5b56af6c: ;   {metadata('net/minecraft/client/Minecraft')}
  0x0000027b5b56af6c: 0200 0049 | ba00 1069 | 0008 0000 | 004c 8997 | a002 0000 | 4883 87a8 | 0200 0001 

  0x0000027b5b56af88: ;   {metadata(method data for {method} {0x0000027b02e701e8} 'm_91391_' '()Ljava/util/concurrent/CompletableFuture;' in 'net/minecraft/client/Minecraft')}
  0x0000027b5b56af88: 49b8 d8ea | f82e 7b02 | 0000 418b | b8cc 0000 | 0083 c702 | 4189 b8cc | 0000 0081 | e7fe ff1f 
  0x0000027b5b56afa8: 0083 ff00 | 0f84 2263 | 0000 4c8b 

  0x0000027b5b56afb4: ;   {metadata(method data for {method} {0x0000027b02e701e8} 'm_91391_' '()Ljava/util/concurrent/CompletableFuture;' in 'net/minecraft/client/Minecraft')}
  0x0000027b5b56afb4: c248 bfd8 | eaf8 2e7b | 0200 0048 | 8387 1001 | 0000 0141 | b800 0000 | 0048 8bfa | 488b d70f 
  0x0000027b5b56afd4: ;   {optimized virtual_call}
  0x0000027b5b56afd4: 1f40 00e8 

  0x0000027b5b56afd8: ; ImmutableOopMap {[224]=Oop [200]=Oop }
                      ;*invokevirtual m_168019_ {reexecute=0 rethrow=0 return_oop=0}
                      ; - net.minecraft.client.Minecraft::m_91391_@2 (line 796)
                      ; - net.minecraft.client.Minecraft::m_91383_@76 (line 1002)
  0x0000027b5b56afd8: a463 a002 | 0f1f 4000 

  0x0000027b5b56afe0: ;   {no_reloc}
  0x0000027b5b56afe0: e91f 6300 | 0090 9090 | 9090 488b | 9424 e000 | 0000 4889 | 8424 e800 | 0000 0f1f 

  0x0000027b5b56affc: ;   {static_call}
  0x0000027b5b56affc: 4400 00e8 

  0x0000027b5b56b000: ; ImmutableOopMap {[200]=Oop [232]=Oop }
                      ;*invokedynamic {reexecute=0 rethrow=0 return_oop=0}
                      ; - net.minecraft.client.Minecraft::m_91383_@81 (line 1002)
  0x0000027b5b56b000: 7c69 a002 

  0x0000027b5b56b004: ;   {metadata(method data for {method} {0x0000027b02e70f20} 'm_91383_' '(Z)V' in 'net/minecraft/client/Minecraft')}
  0x0000027b5b56b004: 49b8 a0c3 | f82e 7b02 | 0000 4d8d | 80e8 0200 | 0048 85c0 | 7510 49f7 | 0001 0000 | 0075 51f0 
  0x0000027b5b56b024: 4983 0801 | eb4a 448b | 4808 49ba | 0000 0000 | 0800 0000 | 4d03 ca4d | 8bd1 4d33 | 0849 f7c1 
  0x0000027b5b56b044: fcff ffff | 742a 49f7 | c102 0000 | 0075 2149 | f700 feff | ffff 7415 | 4d8b ca4d | 3308 49f7 
  0x0000027b5b56b064: c1fc ffff | ff74 0949 | 8308 02eb | 034d 8908 | 488b 9424 | e800 0000 

  0x0000027b5b56b07c: ; implicit exception: dispatches to 0x0000027b5b57130e
  0x0000027b5b56b07c: 483b 024c 

  0x0000027b5b56b080: ;   {metadata(method data for {method} {0x0000027b02e70f20} 'm_91383_' '(Z)V' in 'net/minecraft/client/Minecraft')}
  0x0000027b5b56b080: 8bc2 49b9 | a0c3 f82e | 7b02 0000 | 458b 4008 | 49ba 0000 | 0000 0800 | 0000 4d03 | c24d 3b81 
  0x0000027b5b56b0a0: 0803 0000 | 750d 4983 | 8110 0300 | 0001 e966 | 0000 004d | 3b81 1803 | 0000 750d | 4983 8120 
  0x0000027b5b56b0c0: 0300 0001 | e950 0000 | 0049 81b9 | 0803 0000 | 0000 0000 | 7517 4d89 | 8108 0300 | 0049 c781 
  0x0000027b5b56b0e0: 1003 0000 | 0100 0000 | e92c 0000 | 0049 81b9 | 1803 0000 | 0000 0000 | 7517 4d89 | 8118 0300 
  0x0000027b5b56b100: 0049 c781 | 2003 0000 | 0100 0000 | e908 0000 | 0049 8381 | f802 0000 

  0x0000027b5b56b118: ;   {metadata(method data for {method} {0x0000027b01d04ac8} 'thenRun' '(Ljava/lang/Runnable;)Ljava/util/concurrent/CompletableFuture;' in 'java/util/concurrent/CompletableFuture')}
  0x0000027b5b56b118: 0149 b860 | 22d2 2e7b | 0200 0045 | 8b88 cc00 | 0000 4183 | c102 4589 | 88cc 0000 | 0041 81e1 
  0x0000027b5b56b138: feff 1f00 | 4183 f900 | 0f84 cd61 | 0000 4c8b 

  0x0000027b5b56b148: ;   {metadata(method data for {method} {0x0000027b01d04ac8} 'thenRun' '(Ljava/lang/Runnable;)Ljava/util/concurrent/CompletableFuture;' in 'java/util/concurrent/CompletableFuture')}
  0x0000027b5b56b148: c249 b960 | 22d2 2e7b | 0200 0049 | 8381 1001 

  0x0000027b5b56b158: ;   {oop(NULL)}
  0x0000027b5b56b158: 0000 0149 | b800 0000 | 0000 0000 | 004c 8bc8 | 0f1f 8000 

  0x0000027b5b56b16c: ;   {optimized virtual_call}
  0x0000027b5b56b16c: 0000 00e8 

  0x0000027b5b56b170: ; ImmutableOopMap {[200]=Oop }
                      ;*invokevirtual uniRunStage {reexecute=0 rethrow=0 return_oop=0}
                      ; - java.util.concurrent.CompletableFuture::thenRun@3 (line 2195)
                      ; - net.minecraft.client.Minecraft::m_91383_@86 (line 1002)
  0x0000027b5b56b170: 0c62 a002 | 488b 9424 | c800 0000 | e900 0100 | 000f 1f80 | 0000 0000 

  0x0000027b5b56b188: ; implicit exception: dispatches to 0x0000027b5b571334
  0x0000027b5b56b188: 483b 0248 

  0x0000027b5b56b18c: ;   {metadata(method data for {method} {0x0000027b02e70f20} 'm_91383_' '(Z)V' in 'net/minecraft/client/Minecraft')}
  0x0000027b5b56b18c: 8bf2 48bf | a0c3 f82e | 7b02 0000 | 8b76 0849 | ba00 0000 | 0008 0000 | 0049 03f2 | 483b b7d0 
  0x0000027b5b56b1ac: 0300 0075 | 0d48 8387 | d803 0000 | 01e9 6600 | 0000 483b | b7e0 0300 | 0075 0d48 | 8387 e803 
  0x0000027b5b56b1cc: 0000 01e9 | 5000 0000 | 4881 bfd0 | 0300 0000 | 0000 0075 | 1748 89b7 | d003 0000 | 48c7 87d8 
  0x0000027b5b56b1ec: 0300 0001 | 0000 00e9 | 2c00 0000 | 4881 bfe0 | 0300 0000 | 0000 0075 | 1748 89b7 | e003 0000 
  0x0000027b5b56b20c: 48c7 87e8 | 0300 0001 | 0000 00e9 | 0800 0000 | 4883 87c0 | 0300 0001 | 9048 b800 | 3897 0308 
  0x0000027b5b56b22c: ;   {virtual_call}
  0x0000027b5b56b22c: 0000 00e8 

  0x0000027b5b56b230: ; ImmutableOopMap {[200]=Oop }
                      ;*invokeinterface run {reexecute=0 rethrow=0 return_oop=0}
                      ; - net.minecraft.client.Minecraft::m_91383_@110 (line 1009)
  0x0000027b5b56b230: ccf8 a306 

  0x0000027b5b56b234: ;   {metadata(method data for {method} {0x0000027b02e70f20} 'm_91383_' '(Z)V' in 'net/minecraft/client/Minecraft')}
  0x0000027b5b56b234: 49b8 a0c3 | f82e 7b02 | 0000 418b | 90d0 0000 | 0083 c202 | 4189 90d0 | 0000 0081 | e2fe 3f00 
  0x0000027b5b56b254: 0083 fa00 | 0f84 db60 | 0000 4d8b | 9750 0300 

  0x0000027b5b56b264: ; ImmutableOopMap {[200]=Oop }
                      ;*goto {reexecute=1 rethrow=0 return_oop=0}
                      ; - (reexecute) net.minecraft.client.Minecraft::m_91383_@115 (line 1009)
                      ;   {poll}
  0x0000027b5b56b264: 0041 8502 

  0x0000027b5b56b268: ;   {metadata(method data for {method} {0x0000027b02e70f20} 'm_91383_' '(Z)V' in 'net/minecraft/client/Minecraft')}
  0x0000027b5b56b268: 49b8 a0c3 | f82e 7b02 | 0000 41ff | 80f8 0300 | 0048 8b94 | 24c8 0000 | 008b b28c | 0100 0048 
  0x0000027b5b56b288: c1e6 0348 | 3b06 488b 

  0x0000027b5b56b290: ;   {metadata(method data for {method} {0x0000027b02e70f20} 'm_91383_' '(Z)V' in 'net/minecraft/client/Minecraft')}
  0x0000027b5b56b290: fe48 bba0 | c3f8 2e7b | 0200 008b | 7f08 49ba | 0000 0000 | 0800 0000 | 4903 fa48 | 3bbb 4003 
  0x0000027b5b56b2b0: 0000 750d | 4883 8348 | 0300 0001 | e966 0000 | 0048 3bbb | 5003 0000 | 750d 4883 | 8358 0300 
  0x0000027b5b56b2d0: 0001 e950 | 0000 0048 | 81bb 4003 | 0000 0000 | 0000 7517 | 4889 bb40 | 0300 0048 | c783 4803 
  0x0000027b5b56b2f0: 0000 0100 | 0000 e92c | 0000 0048 | 81bb 5003 | 0000 0000 | 0000 7517 | 4889 bb50 | 0300 0048 
  0x0000027b5b56b310: c783 5803 | 0000 0100 | 0000 e908 | 0000 0048 | 8383 3003 | 0000 0148 | 8bd6 6666 | 9048 b8c0 
  0x0000027b5b56b330: b812 0008 

  0x0000027b5b56b334: ;   {virtual_call}
  0x0000027b5b56b334: 0000 00e8 

  0x0000027b5b56b338: ; ImmutableOopMap {[200]=Oop }
                      ;*invokeinterface poll {reexecute=0 rethrow=0 return_oop=0}
                      ; - net.minecraft.client.Minecraft::m_91383_@94 (line 1008)
  0x0000027b5b56b338: 649b 3303 | 4883 f800 

  0x0000027b5b56b340: ;   {metadata(method data for {method} {0x0000027b02e70f20} 'm_91383_' '(Z)V' in 'net/minecraft/client/Minecraft')}
  0x0000027b5b56b340: 7516 48bf | a0c3 f82e | 7b02 0000 | 808f 6103 | 0000 01e9 | ee00 0000 

  0x0000027b5b56b358: ;   {metadata('java/lang/Runnable')}
  0x0000027b5b56b358: 48bb c872 | 0400 0800 | 0000 8b78 | 0849 ba00 | 0000 0008 | 0000 0049 | 03fa 483b | 5f20 0f84 
  0x0000027b5b56b378: 1b00 0000 | 483b fb0f | 8412 0000 

  0x0000027b5b56b384: ;   {runtime_call slow_subtype_check Runtime1 stub}
  0x0000027b5b56b384: 0057 53e8 | f4ce aa02 | 5f5f 83ff | 000f 8493 

  0x0000027b5b56b394: ;   {metadata(method data for {method} {0x0000027b02e70f20} 'm_91383_' '(Z)V' in 'net/minecraft/client/Minecraft')}
  0x0000027b5b56b394: 0000 0048 | bfa0 c3f8 | 2e7b 0200 | 008b 5808 | 49ba 0000 | 0000 0800 | 0000 4903 | da48 3b9f 
  0x0000027b5b56b3b4: 7803 0000 | 750d 4883 | 8780 0300 | 0001 e97f | 0000 0048 | 3b9f 8803 | 0000 750d | 4883 8790 
  0x0000027b5b56b3d4: 0300 0001 | e969 0000 | 0048 81bf | 7803 0000 | 0000 0000 | 7517 4889 | 9f78 0300 | 0048 c787 
  0x0000027b5b56b3f4: 8003 0000 | 0100 0000 | e945 0000 | 0048 81bf | 8803 0000 | 0000 0000 | 7517 4889 | 9f88 0300 
  0x0000027b5b56b414: 0048 c787 | 9003 0000 | 0100 0000 | e921 0000 | 00e9 1c00 

  0x0000027b5b56b428: ;   {metadata(method data for {method} {0x0000027b02e70f20} 'm_91383_' '(Z)V' in 'net/minecraft/client/Minecraft')}
  0x0000027b5b56b428: 0000 48bf | a0c3 f82e | 7b02 0000 | 4883 af68 | 0300 0001 | e91e 5f00 | 00e9 0000 | 0000 488b 
  0x0000027b5b56b448: d048 83fa 

  0x0000027b5b56b44c: ;   {metadata(method data for {method} {0x0000027b02e70f20} 'm_91383_' '(Z)V' in 'net/minecraft/client/Minecraft')}
  0x0000027b5b56b44c: 0048 bea0 | c3f8 2e7b | 0200 0048 | c7c7 b003 | 0000 0f85 | 0700 0000 | 48c7 c7a0 | 0300 0048 
  0x0000027b5b56b46c: 8b1c 3e48 | 8d5b 0148 | 891c 3e0f | 850b fdff | ff44 8b84 | 24d0 0000 | 0041 83f8 

  0x0000027b5b56b488: ;   {metadata(method data for {method} {0x0000027b02e70f20} 'm_91383_' '(Z)V' in 'net/minecraft/client/Minecraft')}
  0x0000027b5b56b488: 0048 baa0 | c3f8 2e7b | 0200 0048 | c7c6 1004 | 0000 0f84 | 0700 0000 | 48c7 c620 | 0400 0048 
  0x0000027b5b56b4a8: 8b3c 3248 | 8d7f 0148 | 893c 3248 | 8b94 24c8 | 0000 000f | 84e7 0500 | 008b b288 | 0000 0048 
  0x0000027b5b56b4c8: ;   {metadata(method data for {method} {0x0000027b02e70f20} 'm_91383_' '(Z)V' in 'net/minecraft/client/Minecraft')}
  0x0000027b5b56b4c8: c1e6 0348 | bfa0 c3f8 | 2e7b 0200 | 0048 8387 | 3004 0000 

  0x0000027b5b56b4dc: ;   {metadata(method data for {method} {0x0000027b02a89278} 'm_137550_' '()J' in 'net/minecraft/Util')}
  0x0000027b5b56b4dc: 0148 bf78 | 3eea 2d7b | 0200 008b | 9fcc 0000 | 0083 c302 | 899f cc00 | 0000 81e3 | feff 1f00 
  0x0000027b5b56b4fc: 83fb 000f | 8463 5e00 

  0x0000027b5b56b504: ;   {oop(a 'java/lang/Class'{0x0000000612cdbbb0} = 'net/mega/tc/Main')}
  0x0000027b5b56b504: 0048 bfb0 | bbcd 1206 | 0000 0048 | 8b9f 8800 | 0000 483b | 0648 8bfe 

  0x0000027b5b56b51c: ;   {metadata(method data for {method} {0x0000027b02e70f20} 'm_91383_' '(Z)V' in 'net/minecraft/client/Minecraft')}
  0x0000027b5b56b51c: 48b8 a0c3 | f82e 7b02 | 0000 4883 | 8058 0400 | 0001 4c8b | c348 8bd6 

  0x0000027b5b56b534: ;   {optimized virtual_call}
  0x0000027b5b56b534: 6666 90e8 

  0x0000027b5b56b538: ; ImmutableOopMap {[200]=Oop }
                      ;*invokevirtual m_92525_ {reexecute=0 rethrow=0 return_oop=0}
                      ; - net.minecraft.client.Minecraft::m_91383_@129 (line 1013)
  0x0000027b5b56b538: 6474 ca05 | 8984 24d4 | 0000 0048 | 8b94 24c8 | 0000 008b | b298 0100 | 0048 c1e6 | 0348 83fe 
  0x0000027b5b56b558: 000f 8429 

  0x0000027b5b56b55c: ;   {metadata('net/minecraft/util/profiling/InactiveProfiler')}
  0x0000027b5b56b55c: 0000 0049 | b8c8 ebd4 | 0008 0000 | 008b 4e08 | 49ba 0000 | 0000 0800 | 0000 4903 | ca4c 3b41 
  0x0000027b5b56b57c: 380f 850b | 5e00 00e9 | 0000 0000 | 488b fe48 

  0x0000027b5b56b58c: ;   {metadata(method data for {method} {0x0000027b02e70f20} 'm_91383_' '(Z)V' in 'net/minecraft/client/Minecraft')}
  0x0000027b5b56b58c: 3b06 48bf | a0c3 f82e | 7b02 0000 | 4883 8790 | 0400 0001 

  0x0000027b5b56b5a0: ;   {metadata(method data for {method} {0x0000027b0da5c328} 'm_6180_' '(Ljava/lang/String;)V' in 'net/minecraft/util/profiling/InactiveProfiler')}
  0x0000027b5b56b5a0: 48be 20da | ca2d 7b02 | 0000 8bbe | cc00 0000 | 83c7 0289 | becc 0000 | 0081 e7fe | ff1f 0083 
  0x0000027b5b56b5c0: ff00 0f84 | d05d 0000 

  0x0000027b5b56b5c8: ;   {metadata(method data for {method} {0x0000027b02e70f20} 'm_91383_' '(Z)V' in 'net/minecraft/client/Minecraft')}
  0x0000027b5b56b5c8: 488b f248 | bfa0 c3f8 | 2e7b 0200 | 008b 7608 | 49ba 0000 | 0000 0800 | 0000 4903 | f248 3bb7 
  0x0000027b5b56b5e8: c004 0000 | 750d 4883 | 87c8 0400 | 0001 e966 | 0000 0048 | 3bb7 d004 | 0000 750d | 4883 87d8 
  0x0000027b5b56b608: 0400 0001 | e950 0000 | 0048 81bf | c004 0000 | 0000 0000 | 7517 4889 | b7c0 0400 | 0048 c787 
  0x0000027b5b56b628: c804 0000 | 0100 0000 | e92c 0000 | 0048 81bf | d004 0000 | 0000 0000 | 7517 4889 | b7d0 0400 
  0x0000027b5b56b648: 0048 c787 | d804 0000 | 0100 0000 | e908 0000 | 0048 8387 | b004 0000 | 0148 8bf2 

  0x0000027b5b56b664: ;   {optimized virtual_call}
  0x0000027b5b56b664: 488b d6e8 

  0x0000027b5b56b668: ; ImmutableOopMap {[200]=Oop }
                      ;*invokevirtual m_18699_ {reexecute=0 rethrow=0 return_oop=0}
                      ; - net.minecraft.client.Minecraft::m_91383_@147 (line 1015)
  0x0000027b5b56b668: 5441 a506 | 488b 9424 | c800 0000 | 8bb2 9801 | 0000 48c1 | e603 4883 | fe00 0f84 | 2900 0000 
  0x0000027b5b56b688: ;   {metadata('net/minecraft/util/profiling/InactiveProfiler')}
  0x0000027b5b56b688: 48b9 c8eb | d400 0800 | 0000 8b46 | 0849 ba00 | 0000 0008 | 0000 0049 | 03c2 483b | 4838 0f85 
  0x0000027b5b56b6a8: 0d5d 0000 | e900 0000 | 0048 8bfe 

  0x0000027b5b56b6b4: ; implicit exception: dispatches to 0x0000027b5b5713be
  0x0000027b5b56b6b4: 483b 0648 

  0x0000027b5b56b6b8: ;   {metadata(method data for {method} {0x0000027b02e70f20} 'm_91383_' '(Z)V' in 'net/minecraft/client/Minecraft')}
  0x0000027b5b56b6b8: 8bfe 48bb | a0c3 f82e | 7b02 0000 | 4883 8300 | 0500 0001 

  0x0000027b5b56b6cc: ;   {metadata(method data for {method} {0x0000027b0da5c520} 'm_7238_' '()V' in 'net/minecraft/util/profiling/InactiveProfiler')}
  0x0000027b5b56b6cc: 48bf 209e | c92d 7b02 | 0000 8b9f | cc00 0000 | 83c3 0289 | 9fcc 0000 | 0081 e3fe | ff1f 0083 
  0x0000027b5b56b6ec: fb00 0f84 | cf5c 0000 | 4883 fe00 | 0f84 2900 

  0x0000027b5b56b6fc: ;   {metadata('net/minecraft/util/profiling/InactiveProfiler')}
  0x0000027b5b56b6fc: 0000 48b9 | c8eb d400 | 0800 0000 | 8b46 0849 | ba00 0000 | 0008 0000 | 0049 03c2 | 483b 4838 
  0x0000027b5b56b71c: 0f85 c25c | 0000 e900 | 0000 0048 

  0x0000027b5b56b728: ;   {metadata(method data for {method} {0x0000027b02e70f20} 'm_91383_' '(Z)V' in 'net/minecraft/client/Minecraft')}
  0x0000027b5b56b728: 8bfe 48bf | a0c3 f82e | 7b02 0000 | 4883 8738 | 0500 0001 

  0x0000027b5b56b73c: ;   {metadata(method data for {method} {0x0000027b0da5c328} 'm_6180_' '(Ljava/lang/String;)V' in 'net/minecraft/util/profiling/InactiveProfiler')}
  0x0000027b5b56b73c: 48be 20da | ca2d 7b02 | 0000 8bbe | cc00 0000 | 83c7 0289 | becc 0000 | 0081 e7fe | ff1f 0083 
  0x0000027b5b56b75c: ff00 0f84 | 855c 0000 | be00 0000 | 008b 8424 | d400 0000 

  0x0000027b5b56b770: ;   {metadata(method data for {method} {0x0000027b02e70f20} 'm_91383_' '(Z)V' in 'net/minecraft/client/Minecraft')}
  0x0000027b5b56b770: 48bf a0c3 | f82e 7b02 | 0000 4883 | 8758 0500 

  0x0000027b5b56b780: ;   {metadata(method data for {method} {0x0000027b0018a5b8} 'min' '(II)I' in 'java/lang/Math')}
  0x0000027b5b56b780: 0001 48bf | 1056 3600 | 7b02 0000 | 8b9f cc00 | 0000 83c3 | 0289 9fcc | 0000 0081 | e3fe ff1f 
  0x0000027b5b56b7a0: 0083 fb00 | 0f84 605c | 0000 83f8 

  0x0000027b5b56b7ac: ;   {metadata(method data for {method} {0x0000027b0018a5b8} 'min' '(II)I' in 'java/lang/Math')}
  0x0000027b5b56b7ac: 0a48 bf10 | 5636 007b | 0200 0048 | c7c3 1001 | 0000 0f8c | 0700 0000 | 48c7 c320 | 0100 0048 
  0x0000027b5b56b7cc: 8b0c 1f48 | 8d49 0148 | 890c 1f0f | 8c1a 0000 

  0x0000027b5b56b7dc: ;   {metadata(method data for {method} {0x0000027b0018a5b8} 'min' '(II)I' in 'java/lang/Math')}
  0x0000027b5b56b7dc: 0048 bf10 | 5636 007b | 0200 00ff | 8730 0100 | 00bf 0a00 | 0000 e903 | 0000 0048 | 8bf8 3bf7 
  0x0000027b5b56b7fc: ;   {metadata(method data for {method} {0x0000027b02e70f20} 'm_91383_' '(Z)V' in 'net/minecraft/client/Minecraft')}
  0x0000027b5b56b7fc: 48bf a0c3 | f82e 7b02 | 0000 48c7 | c368 0500 | 000f 8d07 | 0000 0048 | c7c3 7805 | 0000 488b 
  0x0000027b5b56b81c: 0c1f 488d | 4901 4889 | 0c1f 0f8d | ff01 0000 | 89b4 24f0 | 0000 008b | ba98 0100 | 0048 c1e7 
  0x0000027b5b56b83c: 0348 83ff | 000f 842a 

  0x0000027b5b56b844: ;   {metadata('net/minecraft/util/profiling/InactiveProfiler')}
  0x0000027b5b56b844: 0000 0049 | b9c8 ebd4 | 0008 0000 | 0044 8b47 | 0849 ba00 | 0000 0008 | 0000 004d | 03c2 4d3b 
  0x0000027b5b56b864: 4838 0f85 | bf5b 0000 | e900 0000 | 0048 8bdf 

  0x0000027b5b56b874: ; implicit exception: dispatches to 0x0000027b5b571430
  0x0000027b5b56b874: 483b 0748 

  0x0000027b5b56b878: ;   {metadata(method data for {method} {0x0000027b02e70f20} 'm_91383_' '(Z)V' in 'net/minecraft/client/Minecraft')}
  0x0000027b5b56b878: 8bdf 48b9 | a0c3 f82e | 7b02 0000 | 8b5b 0849 | ba00 0000 | 0008 0000 | 0049 03da | 483b 9998 
  0x0000027b5b56b898: 0500 0075 | 0d48 8381 | a005 0000 | 01e9 6600 | 0000 483b | 99a8 0500 | 0075 0d48 | 8381 b005 
  0x0000027b5b56b8b8: 0000 01e9 | 5000 0000 | 4881 b998 | 0500 0000 | 0000 0075 | 1748 8999 | 9805 0000 | 48c7 81a0 
  0x0000027b5b56b8d8: 0500 0001 | 0000 00e9 | 2c00 0000 | 4881 b9a8 | 0500 0000 | 0000 0075 | 1748 8999 | a805 0000 
  0x0000027b5b56b8f8: 48c7 81b0 | 0500 0001 | 0000 00e9 | 0800 0000 | 4883 8188 | 0500 0001 

  0x0000027b5b56b910: ;   {metadata(method data for {method} {0x0000027b02f4c2e0} 'm_6174_' '(Ljava/lang/String;)V' in 'net/minecraft/util/profiling/ProfilerFiller')}
  0x0000027b5b56b910: 48bb 48f7 | f82e 7b02 | 0000 8b8b | cc00 0000 | 83c1 0289 | 8bcc 0000 | 0081 e1fe | ff1f 0083 
  0x0000027b5b56b930: f900 0f84 | fd5a 0000 | 4883 ff00 | 0f84 2a00 

  0x0000027b5b56b940: ;   {metadata('net/minecraft/util/profiling/InactiveProfiler')}
  0x0000027b5b56b940: 0000 49b9 | c8eb d400 | 0800 0000 | 448b 4708 | 49ba 0000 | 0000 0800 | 0000 4d03 | c24d 3b48 
  0x0000027b5b56b960: 380f 85ef | 5a00 00e9 | 0000 0000 

  0x0000027b5b56b96c: ;   {metadata(method data for {method} {0x0000027b02f4c2e0} 'm_6174_' '(Ljava/lang/String;)V' in 'net/minecraft/util/profiling/ProfilerFiller')}
  0x0000027b5b56b96c: 488b df48 | bb48 f7f8 | 2e7b 0200 | 0048 8383 | 2801 0000 

  0x0000027b5b56b980: ;   {metadata(method data for {method} {0x0000027b0da5c730} 'm_183275_' '(Ljava/lang/String;I)V' in 'net/minecraft/util/profiling/InactiveProfiler')}
  0x0000027b5b56b980: 0148 bfd8 | f8f8 2e7b | 0200 008b | 9fcc 0000 | 0083 c302 | 899f cc00 | 0000 81e3 | feff 1f00 
  0x0000027b5b56b9a0: 83fb 000f | 84b2 5a00 | 0048 8bfa 

  0x0000027b5b56b9ac: ;   {metadata(method data for {method} {0x0000027b02e70f20} 'm_91383_' '(Z)V' in 'net/minecraft/client/Minecraft')}
  0x0000027b5b56b9ac: 48bb a0c3 | f82e 7b02 | 0000 4883 | 83d8 0500 | 0001 488b | fa48 8bd7 

  0x0000027b5b56b9c4: ;   {optimized virtual_call}
  0x0000027b5b56b9c4: 6666 90e8 

  0x0000027b5b56b9c8: ; ImmutableOopMap {[200]=Oop }
                      ;*invokevirtual m_91398_ {reexecute=0 rethrow=0 return_oop=0}
                      ; - net.minecraft.client.Minecraft::m_91383_@199 (line 1021)
  0x0000027b5b56b9c8: b427 d706 | 8bb4 24f0 | 0000 00ff 

  0x0000027b5b56b9d4: ;   {metadata(method data for {method} {0x0000027b02e70f20} 'm_91383_' '(Z)V' in 'net/minecraft/client/Minecraft')}
  0x0000027b5b56b9d4: c648 baa0 | c3f8 2e7b | 0200 008b | bad0 0000 | 0083 c702 | 89ba d000 | 0000 81e7 | fe3f 0000 
  0x0000027b5b56b9f4: 83ff 000f | 847f 5a00 | 004d 8b97 

  0x0000027b5b56ba00: ; ImmutableOopMap {[200]=Oop }
                      ;*goto {reexecute=1 rethrow=0 return_oop=0}
                      ; - (reexecute) net.minecraft.client.Minecraft::m_91383_@205 (line 1019)
  0x0000027b5b56ba00: 5003 0000 

  0x0000027b5b56ba04: ;   {poll}
  0x0000027b5b56ba04: 4185 0248 | baa0 c3f8 | 2e7b 0200 | 00ff 82f8 | 0500 008b | 8424 d400 | 0000 488b | 9424 c800 
  0x0000027b5b56ba24: 0000 e945 | fdff ff8b | b298 0100 | 0048 c1e6 | 0348 83fe | 000f 8429 

  0x0000027b5b56ba3c: ;   {metadata('net/minecraft/util/profiling/InactiveProfiler')}
  0x0000027b5b56ba3c: 0000 0048 | b9c8 ebd4 | 0008 0000 | 008b 4608 | 49ba 0000 | 0000 0800 | 0000 4903 | c248 3b48 
  0x0000027b5b56ba5c: 380f 853a | 5a00 00e9 | 0000 0000 | 488b fe48 

  0x0000027b5b56ba6c: ;   {metadata(method data for {method} {0x0000027b02e70f20} 'm_91383_' '(Z)V' in 'net/minecraft/client/Minecraft')}
  0x0000027b5b56ba6c: 3b06 48bf | a0c3 f82e | 7b02 0000 | 4883 8728 | 0600 0001 

  0x0000027b5b56ba80: ;   {metadata(method data for {method} {0x0000027b0da5c520} 'm_7238_' '()V' in 'net/minecraft/util/profiling/InactiveProfiler')}
  0x0000027b5b56ba80: 48be 209e | c92d 7b02 | 0000 8bbe | cc00 0000 | 83c7 0289 | becc 0000 | 0081 e7fe | ff1f 0083 
  0x0000027b5b56baa0: ff00 0f84 | ff59 0000 | 8bb2 c800 | 0000 48c1 | e603 483b | 0648 8bfe 

  0x0000027b5b56bab8: ;   {metadata(method data for {method} {0x0000027b02e70f20} 'm_91383_' '(Z)V' in 'net/minecraft/client/Minecraft')}
  0x0000027b5b56bab8: 48bb a0c3 | f82e 7b02 | 0000 4883 | 8360 0600 | 0001 488b 

  0x0000027b5b56bacc: ;   {optimized virtual_call}
  0x0000027b5b56bacc: d666 90e8 

  0x0000027b5b56bad0: ; ImmutableOopMap {[200]=Oop }
                      ;*invokevirtual m_91523_ {reexecute=0 rethrow=0 return_oop=0}
                      ; - net.minecraft.client.Minecraft::m_91383_@221 (line 1027)
  0x0000027b5b56bad0: 0c72 5e07 | 488b 9424 | c800 0000 | 448b 8284 | 0000 0049 | c1e0 0349 | 3b00 498b 

  0x0000027b5b56baec: ;   {metadata(method data for {method} {0x0000027b02e70f20} 'm_91383_' '(Z)V' in 'net/minecraft/client/Minecraft')}
  0x0000027b5b56baec: f048 bfa0 | c3f8 2e7b | 0200 0048 | 8387 8006 | 0000 0141 | 0fbe 7738 | 83fe 000f | 85c5 5900 
  0x0000027b5b56bb0c: ;   {oop("Render"{0x000000062a408588})}
  0x0000027b5b56bb0c: 0049 ba88 | 8540 2a06 | 0000 0049 | c1ea 0345 

  0x0000027b5b56bb1c: ;   {oop("Render"{0x000000062a408588})}
  0x0000027b5b56bb1c: 8950 6448 | be88 8540 | 2a06 0000 | 0049 8bf8 | 4833 fe48 | c1ef 1648 | 83ff 000f | 85b5 5900 
  0x0000027b5b56bb3c: 0044 8b82 | 9801 0000 | 49c1 e003 | 4983 f800 | 0f84 2a00 

  0x0000027b5b56bb50: ;   {metadata('net/minecraft/util/profiling/InactiveProfiler')}
  0x0000027b5b56bb50: 0000 48b8 | c8eb d400 | 0800 0000 | 418b 5808 | 49ba 0000 | 0000 0800 | 0000 4903 | da48 3b43 
  0x0000027b5b56bb70: 380f 8593 | 5900 00e9 | 0000 0000 | 498b f049 

  0x0000027b5b56bb80: ;   {metadata(method data for {method} {0x0000027b02e70f20} 'm_91383_' '(Z)V' in 'net/minecraft/client/Minecraft')}
  0x0000027b5b56bb80: 3b00 48be | a0c3 f82e | 7b02 0000 | 4883 86d0 | 0600 0001 

  0x0000027b5b56bb94: ;   {metadata(method data for {method} {0x0000027b0da5c328} 'm_6180_' '(Ljava/lang/String;)V' in 'net/minecraft/util/profiling/InactiveProfiler')}
  0x0000027b5b56bb94: 49b8 20da | ca2d 7b02 | 0000 418b | b0cc 0000 | 0083 c602 | 4189 b0cc | 0000 0081 | e6fe ff1f 
  0x0000027b5b56bbb4: 0083 fe00 | 0f84 5659 | 0000 448b | 8204 0100 | 0049 c1e0 | 038b b2b0 | 0000 0048 | c1e6 0348 
  0x0000027b5b56bbd4: 3b06 488b 

  0x0000027b5b56bbd8: ;   {metadata(method data for {method} {0x0000027b02e70f20} 'm_91383_' '(Z)V' in 'net/minecraft/client/Minecraft')}
  0x0000027b5b56bbd8: fe48 bba0 | c3f8 2e7b | 0200 0048 | 8383 0807 | 0000 018b | b680 0000 | 0048 c1e6 | 0349 3b00 
  0x0000027b5b56bbf8: ;   {metadata(method data for {method} {0x0000027b02e70f20} 'm_91383_' '(Z)V' in 'net/minecraft/client/Minecraft')}
  0x0000027b5b56bbf8: 498b f848 | bba0 c3f8 | 2e7b 0200 | 0048 8383 | 4007 0000 

  0x0000027b5b56bc0c: ;   {metadata(method data for {method} {0x0000027b1f95c730} 'm_120361_' '(Lnet/minecraft/client/Camera;)V' in 'net/minecraft/client/sounds/SoundManager')}
  0x0000027b5b56bc0c: 0148 bf48 | fdf8 2e7b | 0200 008b | 9fcc 0000 | 0083 c302 | 899f cc00 | 0000 81e3 | feff 1f00 
  0x0000027b5b56bc2c: 83fb 000f | 840a 5900 | 0041 8b78 | 1048 c1e7 | 0348 3b07 

  0x0000027b5b56bc40: ;   {metadata(method data for {method} {0x0000027b1f95c730} 'm_120361_' '(Lnet/minecraft/client/Camera;)V' in 'net/minecraft/client/sounds/SoundManager')}
  0x0000027b5b56bc40: 4c8b c748 | bb48 fdf8 | 2e7b 0200 | 0048 8383 | 2801 0000 | 014c 8bc6 | 488b d70f 

  0x0000027b5b56bc5c: ;   {optimized virtual_call}
  0x0000027b5b56bc5c: 1f40 00e8 

  0x0000027b5b56bc60: ; ImmutableOopMap {[200]=Oop }
                      ;*invokevirtual m_120270_ {reexecute=0 rethrow=0 return_oop=0}
                      ; - net.minecraft.client.sounds.SoundManager::m_120361_@5 (line 237)
                      ; - net.minecraft.client.Minecraft::m_91383_@257 (line 1030)
  0x0000027b5b56bc60: 3ced c406 | 488b 9424 | c800 0000 | 8bb2 9801 | 0000 48c1 | e603 4883 | fe00 0f84 | 2900 0000 
  0x0000027b5b56bc80: ;   {metadata('net/minecraft/util/profiling/InactiveProfiler')}
  0x0000027b5b56bc80: 49b8 c8eb | d400 0800 | 0000 8b4e | 0849 ba00 | 0000 0008 | 0000 0049 | 03ca 4c3b | 4138 0f85 
  0x0000027b5b56bca0: c158 0000 | e900 0000 | 0048 8bfe 

  0x0000027b5b56bcac: ; implicit exception: dispatches to 0x0000027b5b57156a
  0x0000027b5b56bcac: 483b 0648 

  0x0000027b5b56bcb0: ;   {metadata(method data for {method} {0x0000027b02e70f20} 'm_91383_' '(Z)V' in 'net/minecraft/client/Minecraft')}
  0x0000027b5b56bcb0: 8bfe 48b8 | a0c3 f82e | 7b02 0000 | 4883 8078 | 0700 0001 

  0x0000027b5b56bcc4: ;   {metadata(method data for {method} {0x0000027b0da5c520} 'm_7238_' '()V' in 'net/minecraft/util/profiling/InactiveProfiler')}
  0x0000027b5b56bcc4: 48bf 209e | c92d 7b02 | 0000 8b87 | cc00 0000 | 83c0 0289 | 87cc 0000 | 0081 e0fe | ff1f 0083 
  0x0000027b5b56bce4: f800 0f84 | 8358 0000 | 4883 fe00 | 0f84 2900 

  0x0000027b5b56bcf4: ;   {metadata('net/minecraft/util/profiling/InactiveProfiler')}
  0x0000027b5b56bcf4: 0000 49b8 | c8eb d400 | 0800 0000 | 8b4e 0849 | ba00 0000 | 0008 0000 | 0049 03ca | 4c3b 4138 
  0x0000027b5b56bd14: 0f85 7658 | 0000 e900 | 0000 0048 

  0x0000027b5b56bd20: ;   {metadata(method data for {method} {0x0000027b02e70f20} 'm_91383_' '(Z)V' in 'net/minecraft/client/Minecraft')}
  0x0000027b5b56bd20: 8bfe 48bf | a0c3 f82e | 7b02 0000 | 4883 87b0 | 0700 0001 

  0x0000027b5b56bd34: ;   {metadata(method data for {method} {0x0000027b0da5c328} 'm_6180_' '(Ljava/lang/String;)V' in 'net/minecraft/util/profiling/InactiveProfiler')}
  0x0000027b5b56bd34: 48be 20da | ca2d 7b02 | 0000 8bbe | cc00 0000 | 83c7 0289 | becc 0000 | 0081 e7fe | ff1f 0083 
  0x0000027b5b56bd54: ff00 0f84 | 3958 0000 

  0x0000027b5b56bd5c: ;   {metadata('org/spongepowered/asm/mixin/injection/callback/CallbackInfo')}
  0x0000027b5b56bd5c: 488b da48 | bad8 2d5f | 0008 0000 | 0049 8b87 | 0801 0000 | 488d 7818 | 493b bf18 | 0100 000f 
  0x0000027b5b56bd7c: 8735 5800 | 0049 89bf | 0801 0000 | 48c7 0001 | 0000 0048 | 8bca 49ba | 0000 0000 | 0800 0000 
  0x0000027b5b56bd9c: 492b ca89 | 4808 4833 | c989 480c | 4833 c948 | 8948 104c 

  0x0000027b5b56bdb0: ;   {metadata(method data for {method} {0x0000027b02e70f20} 'm_91383_' '(Z)V' in 'net/minecraft/client/Minecraft')}
  0x0000027b5b56bdb0: 8bc0 49b9 | a0c3 f82e | 7b02 0000 | 4983 81d0 | 0700 0001 

  0x0000027b5b56bdc4: ;   {metadata(method data for {method} {0x0000027b02a50db0} '<init>' '(Ljava/lang/String;Z)V' in 'org/spongepowered/asm/mixin/injection/callback/CallbackInfo')}
  0x0000027b5b56bdc4: 49b8 382e | 0803 7b02 | 0000 458b | 88cc 0000 | 0041 83c1 | 0245 8988 | cc00 0000 | 4181 e1fe 
  0x0000027b5b56bde4: ff1f 0041 | 83f9 000f | 84d2 5700 | 004c 8bc0 

  0x0000027b5b56bdf4: ;   {metadata(method data for {method} {0x0000027b02a50db0} '<init>' '(Ljava/lang/String;Z)V' in 'org/spongepowered/asm/mixin/injection/callback/CallbackInfo')}
  0x0000027b5b56bdf4: 49b9 382e | 0803 7b02 | 0000 4983 | 8110 0100 

  0x0000027b5b56be04: ;   {metadata(method data for {method} {0x0000027b00000518} '<init>' '()V' in 'java/lang/Object')}
  0x0000027b5b56be04: 0001 49b8 | 686b 2000 | 7b02 0000 | 458b 88cc | 0000 0041 | 83c1 0245 | 8988 cc00 | 0000 4181 
  0x0000027b5b56be24: e1fe ff1f | 0041 83f9 | 000f 84b1 

  0x0000027b5b56be30: ;   {oop("m_91383_"{0x000000060a7b9100})}
  0x0000027b5b56be30: 5700 0049 | b800 917b | 0a06 0000 | 0045 0fbe | 4738 4183 | f800 0f85 | b957 0000 

  0x0000027b5b56be4c: ;   {oop("m_91383_"{0x000000060a7b9100})}
  0x0000027b5b56be4c: 49ba 0091 | 7b0a 0600 | 0000 49c1 | ea03 4489 

  0x0000027b5b56be5c: ;   {oop("m_91383_"{0x000000060a7b9100})}
  0x0000027b5b56be5c: 5010 49b8 | 0091 7b0a | 0600 0000 | 4c8b c84d | 33c8 49c1 | e916 4983 | f900 0f85 | a957 0000 
  0x0000027b5b56be7c: ;   {metadata(method data for {method} {0x0000027b02e70f20} 'm_91383_' '(Z)V' in 'net/minecraft/client/Minecraft')}
  0x0000027b5b56be7c: 488b d349 | b8a0 c3f8 | 2e7b 0200 | 0049 8380 | e007 0000 | 0144 8b84 | 24d0 0000 | 004c 8bc8 
  0x0000027b5b56be9c: ;   {optimized virtual_call}
  0x0000027b5b56be9c: 488b d3e8 

  0x0000027b5b56bea0: ; ImmutableOopMap {[200]=Oop }
                      ;*invokespecial handler$cfh000$inject$posePush {reexecute=0 rethrow=0 return_oop=0}
                      ; - net.minecraft.client.Minecraft::m_91383_@294 (line 1032)
  0x0000027b5b56bea0: bce2 c406 

  0x0000027b5b56bea4: ;   {metadata(method data for {method} {0x0000027b02e70f20} 'm_91383_' '(Z)V' in 'net/minecraft/client/Minecraft')}
  0x0000027b5b56bea4: 48ba a0c3 | f82e 7b02 | 0000 4883 | 82f0 0700 

  0x0000027b5b56beb4: ;   {metadata(method data for {method} {0x0000027b0d9d2d60} 'm_157191_' '()Lcom/mojang/blaze3d/vertex/PoseStack;' in 'com/mojang/blaze3d/systems/RenderSystem')}
  0x0000027b5b56beb4: 0001 48ba | 78cd ed2d | 7b02 0000 | 8bb2 cc00 | 0000 83c6 | 0289 b2cc | 0000 0081 | e6fe ff1f 
  0x0000027b5b56bed4: 0083 fe00 | 0f84 5f57 

  0x0000027b5b56bedc: ;   {oop(a 'java/lang/Class'{0x0000000618c48000} = 'com/mojang/blaze3d/systems/RenderSystem')}
  0x0000027b5b56bedc: 0000 48be | 0080 c418 | 0600 0000 | 8bbe 9c00 | 0000 48c1 | e703 4889 | bc24 0001 | 0000 483b 
  0x0000027b5b56befc: 0748 8bd7 

  0x0000027b5b56bf00: ;   {metadata(method data for {method} {0x0000027b02e70f20} 'm_91383_' '(Z)V' in 'net/minecraft/client/Minecraft')}
  0x0000027b5b56bf00: 48bb a0c3 | f82e 7b02 | 0000 4883 | 8318 0800 | 0001 488b | d748 89b4 | 24f8 0000 

  0x0000027b5b56bf1c: ;   {optimized virtual_call}
  0x0000027b5b56bf1c: 0066 90e8 

  0x0000027b5b56bf20: ; ImmutableOopMap {[200]=Oop [256]=Oop [248]=Oop }
                      ;*invokevirtual m_85836_ {reexecute=0 rethrow=0 return_oop=0}
                      ; - net.minecraft.client.Minecraft::m_91383_@304 (line 1034)
  0x0000027b5b56bf20: 5c70 1905 

  0x0000027b5b56bf24: ;   {metadata(method data for {method} {0x0000027b02e70f20} 'm_91383_' '(Z)V' in 'net/minecraft/client/Minecraft')}
  0x0000027b5b56bf24: 48be a0c3 | f82e 7b02 | 0000 4883 | 8638 0800 

  0x0000027b5b56bf34: ;   {static_call}
  0x0000027b5b56bf34: 0001 90e8 

  0x0000027b5b56bf38: ; ImmutableOopMap {[200]=Oop [256]=Oop [248]=Oop }
                      ;*invokestatic m_157182_ {reexecute=0 rethrow=0 return_oop=0}
                      ; - net.minecraft.client.Minecraft::m_91383_@307 (line 1035)
  0x0000027b5b56bf38: 04fb f604 

  0x0000027b5b56bf3c: ;   {metadata(method data for {method} {0x0000027b02e70f20} 'm_91383_' '(Z)V' in 'net/minecraft/client/Minecraft')}
  0x0000027b5b56bf3c: 48ba a0c3 | f82e 7b02 | 0000 4883 | 8248 0800 

  0x0000027b5b56bf4c: ;   {metadata(method data for {method} {0x0000027b0d9cef70} 'm_69421_' '(IZ)V' in 'com/mojang/blaze3d/systems/RenderSystem')}
  0x0000027b5b56bf4c: 0001 48ba | 80ca ed2d | 7b02 0000 | 8bb2 cc00 | 0000 83c6 | 0289 b2cc | 0000 0081 | e6fe ff1f 
  0x0000027b5b56bf6c: 0083 fe00 | 0f84 ed56 

  0x0000027b5b56bf74: ;   {metadata(method data for {method} {0x0000027b0d9cef70} 'm_69421_' '(IZ)V' in 'com/mojang/blaze3d/systems/RenderSystem')}
  0x0000027b5b56bf74: 0000 48ba | 80ca ed2d | 7b02 0000 | 4883 8210 | 0100 0001 

  0x0000027b5b56bf88: ;   {metadata(method data for {method} {0x0000027b0d9cd000} 'm_187553_' '()V' in 'com/mojang/blaze3d/systems/RenderSystem')}
  0x0000027b5b56bf88: 48ba e80a | d22d 7b02 | 0000 8bb2 | cc00 0000 | 83c6 0289 | b2cc 0000 | 0081 e6fe | ff1f 0083 
  0x0000027b5b56bfa8: fe00 0f84 | d456 0000 | 488b b424 | f800 0000 | 0fbe 96f1 | 0000 0083 

  0x0000027b5b56bfc0: ;   {metadata(method data for {method} {0x0000027b0d9cd000} 'm_187553_' '()V' in 'com/mojang/blaze3d/systems/RenderSystem')}
  0x0000027b5b56bfc0: fa00 48be | e80a d22d | 7b02 0000 | 48c7 c710 | 0100 000f | 8507 0000 | 0048 c7c7 | 2001 0000 
  0x0000027b5b56bfe0: 488b 1c3e | 488d 5b01 | 4889 1c3e | 0f85 4a00 

  0x0000027b5b56bff0: ;   {metadata(method data for {method} {0x0000027b0d9cd000} 'm_187553_' '()V' in 'com/mojang/blaze3d/systems/RenderSystem')}
  0x0000027b5b56bff0: 0000 48be | e80a d22d | 7b02 0000 | 4883 8630 | 0100 0001 

  0x0000027b5b56c004: ;   {metadata(method data for {method} {0x0000027b0d9cceb0} 'm_69584_' '()Z' in 'com/mojang/blaze3d/systems/RenderSystem')}
  0x0000027b5b56c004: 48be 900c | d22d 7b02 | 0000 8bbe | cc00 0000 | 83c7 0289 | becc 0000 | 0081 e7fe | ff1f 0083 
  0x0000027b5b56c024: ff00 0f84 | 7956 0000 

  0x0000027b5b56c02c: ;   {metadata(method data for {method} {0x0000027b0d9cd000} 'm_187553_' '()V' in 'com/mojang/blaze3d/systems/RenderSystem')}
  0x0000027b5b56c02c: 48be e80a | d22d 7b02 | 0000 ff86 | 5001 0000 

  0x0000027b5b56c03c: ;   {metadata(method data for {method} {0x0000027b0d9cef70} 'm_69421_' '(IZ)V' in 'com/mojang/blaze3d/systems/RenderSystem')}
  0x0000027b5b56c03c: 48be 80ca | ed2d 7b02 | 0000 4883 | 8620 0100 

  0x0000027b5b56c04c: ;   {metadata(method data for {method} {0x0000027b0e53bc50} 'm_84266_' '(IZ)V' in 'com/mojang/blaze3d/platform/GlStateManager')}
  0x0000027b5b56c04c: 0001 48be | 0064 eb2d | 7b02 0000 | 8bbe cc00 | 0000 83c7 | 0289 becc | 0000 0081 | e7fe ff1f 
  0x0000027b5b56c06c: 0083 ff00 | 0f84 5056 

  0x0000027b5b56c074: ;   {metadata(method data for {method} {0x0000027b0e53bc50} 'm_84266_' '(IZ)V' in 'com/mojang/blaze3d/platform/GlStateManager')}
  0x0000027b5b56c074: 0000 48be | 0064 eb2d | 7b02 0000 | 4883 8610 | 0100 0001 

  0x0000027b5b56c088: ;   {metadata(method data for {method} {0x0000027b0d9cd0b0} 'm_187555_' '()V' in 'com/mojang/blaze3d/systems/RenderSystem')}
  0x0000027b5b56c088: 48be 00d5 | 4e2c 7b02 | 0000 8bbe | cc00 0000 | 83c7 0289 | becc 0000 | 0081 e7fe | ff1f 0083 
  0x0000027b5b56c0a8: ff00 0f84 | 3756 0000 

  0x0000027b5b56c0b0: ;   {metadata(method data for {method} {0x0000027b0d9cd0b0} 'm_187555_' '()V' in 'com/mojang/blaze3d/systems/RenderSystem')}
  0x0000027b5b56c0b0: 83fa 0048 | ba00 d54e | 2c7b 0200 | 0048 c7c6 | 1001 0000 | 0f85 0700 | 0000 48c7 | c620 0100 
  0x0000027b5b56c0d0: 0048 8b3c | 3248 8d7f | 0148 893c | 320f 85f2 

  0x0000027b5b56c0e0: ;   {metadata(method data for {method} {0x0000027b0d9cd0b0} 'm_187555_' '()V' in 'com/mojang/blaze3d/systems/RenderSystem')}
  0x0000027b5b56c0e0: 0000 0048 | ba00 d54e | 2c7b 0200 | 0048 8382 | 3001 0000 

  0x0000027b5b56c0f4: ;   {metadata(method data for {method} {0x0000027b0d9ccc68} 'm_69586_' '()Z' in 'com/mojang/blaze3d/systems/RenderSystem')}
  0x0000027b5b56c0f4: 0148 baa8 | d64e 2c7b | 0200 008b | b2cc 0000 | 0083 c602 | 89b2 cc00 | 0000 81e6 | feff 1f00 
  0x0000027b5b56c114: 83fe 000f | 84eb 5500 

  0x0000027b5b56c11c: ;   {metadata(method data for {method} {0x0000027b0d9ccc68} 'm_69586_' '()Z' in 'com/mojang/blaze3d/systems/RenderSystem')}
  0x0000027b5b56c11c: 0048 baa8 | d64e 2c7b | 0200 0048 | 8382 1001 

  0x0000027b5b56c12c: ;   {oop(a 'java/lang/Class'{0x0000000618c48000} = 'com/mojang/blaze3d/systems/RenderSystem')}
  0x0000027b5b56c12c: 0000 0148 | ba00 80c4 | 1806 0000 | 008b 9280 | 0000 0048 | c1e2 0349 | 8bb7 9002 | 0000 488b 
  0x0000027b5b56c14c: 3648 3bf2 

  0x0000027b5b56c150: ;   {metadata(method data for {method} {0x0000027b0d9ccc68} 'm_69586_' '()Z' in 'com/mojang/blaze3d/systems/RenderSystem')}
  0x0000027b5b56c150: 48ba a8d6 | 4e2c 7b02 | 0000 48c7 | c620 0100 | 000f 8507 | 0000 0048 | c7c6 3001 | 0000 488b 
  0x0000027b5b56c170: 3c32 488d | 7f01 4889 | 3c32 0f85 | 1a00 0000 

  0x0000027b5b56c180: ;   {metadata(method data for {method} {0x0000027b0d9ccc68} 'm_69586_' '()Z' in 'com/mojang/blaze3d/systems/RenderSystem')}
  0x0000027b5b56c180: 48ba a8d6 | 4e2c 7b02 | 0000 ff82 | 4001 0000 | ba01 0000 | 00e9 0500 | 0000 ba00 | 0000 0083 
  0x0000027b5b56c1a0: e201 83fa 

  0x0000027b5b56c1a4: ;   {metadata(method data for {method} {0x0000027b0d9cd0b0} 'm_187555_' '()V' in 'com/mojang/blaze3d/systems/RenderSystem')}
  0x0000027b5b56c1a4: 0048 ba00 | d54e 2c7b | 0200 0048 | c7c6 4001 | 0000 0f84 | 0700 0000 | 48c7 c650 | 0100 0048 
  0x0000027b5b56c1c4: 8b3c 3248 | 8d7f 0148 | 893c 320f | 846c 4e00 

  0x0000027b5b56c1d4: ;   {metadata(method data for {method} {0x0000027b0e53bc50} 'm_84266_' '(IZ)V' in 'com/mojang/blaze3d/platform/GlStateManager')}
  0x0000027b5b56c1d4: 0048 ba00 | 64eb 2d7b | 0200 0048 | 8382 2001 

  0x0000027b5b56c1e4: ;   {metadata(method data for {method} {0x0000027b0e1a6a78} 'glClear' '(I)V' in 'org/lwjgl/opengl/GL11')}
  0x0000027b5b56c1e4: 0000 0148 | ba08 acea | 2d7b 0200 | 008b b2cc | 0000 0083 | c602 89b2 | cc00 0000 | 81e6 feff 
  0x0000027b5b56c204: 1f00 83fe | 000f 841a 

  0x0000027b5b56c20c: ;   {metadata(method data for {method} {0x0000027b0e1a6a78} 'glClear' '(I)V' in 'org/lwjgl/opengl/GL11')}
  0x0000027b5b56c20c: 5500 0048 | ba08 acea | 2d7b 0200 | 0048 8382 | 1001 0000 | 01ba 0041 

  0x0000027b5b56c224: ;   {static_call}
  0x0000027b5b56c224: 0000 90e8 

  0x0000027b5b56c228: ; ImmutableOopMap {[200]=Oop [256]=Oop }
                      ;*invokestatic glClear {reexecute=0 rethrow=0 return_oop=0}
                      ; - org.lwjgl.opengl.GL11::glClear@1 (line 1045)
                      ; - com.mojang.blaze3d.platform.GlStateManager::m_84266_@4 (line 701)
                      ; - com.mojang.blaze3d.systems.RenderSystem::m_69421_@5 (line 618)
                      ; - net.minecraft.client.Minecraft::m_91383_@316 (line 1036)
  0x0000027b5b56c228: 147c db03 

  0x0000027b5b56c22c: ;   {metadata(method data for {method} {0x0000027b0e53bc50} 'm_84266_' '(IZ)V' in 'com/mojang/blaze3d/platform/GlStateManager')}
  0x0000027b5b56c22c: 49b8 0064 | eb2d 7b02 | 0000 41ff | 8030 0100 | 0048 8b94 | 24c8 0000 | 008b b200 | 0100 0048 
  0x0000027b5b56c24c: c1e6 0348 | 3b06 4c8b 

  0x0000027b5b56c254: ;   {metadata(method data for {method} {0x0000027b02e70f20} 'm_91383_' '(Z)V' in 'net/minecraft/client/Minecraft')}
  0x0000027b5b56c254: c648 bfa0 | c3f8 2e7b | 0200 0045 | 8b40 0849 | ba00 0000 | 0008 0000 | 004d 03c2 | 4c3b 8768 
  0x0000027b5b56c274: 0800 0075 | 0d48 8387 | 7008 0000 | 01e9 6600 | 0000 4c3b | 8778 0800 | 0075 0d48 | 8387 8008 
  0x0000027b5b56c294: 0000 01e9 | 5000 0000 | 4881 bf68 | 0800 0000 | 0000 0075 | 174c 8987 | 6808 0000 | 48c7 8770 
  0x0000027b5b56c2b4: 0800 0001 | 0000 00e9 | 2c00 0000 | 4881 bf78 | 0800 0000 | 0000 0075 | 174c 8987 | 7808 0000 
  0x0000027b5b56c2d4: 48c7 8780 | 0800 0001 | 0000 00e9 | 0800 0000 | 4883 8758 | 0800 0001 | 41b8 0100 | 0000 488b 
  0x0000027b5b56c2f4: d648 b8c8 | e86b 0008 

  0x0000027b5b56c2fc: ;   {virtual_call}
  0x0000027b5b56c2fc: 0000 00e8 

  0x0000027b5b56c300: ; ImmutableOopMap {[256]=Oop [200]=Oop }
                      ;*invokevirtual m_83947_ {reexecute=0 rethrow=0 return_oop=0}
                      ; - net.minecraft.client.Minecraft::m_91383_@324 (line 1037)
  0x0000027b5b56c300: 3cd0 ca05 

  0x0000027b5b56c304: ;   {metadata(method data for {method} {0x0000027b02e70f20} 'm_91383_' '(Z)V' in 'net/minecraft/client/Minecraft')}
  0x0000027b5b56c304: 48be a0c3 | f82e 7b02 | 0000 4883 | 8690 0800 

  0x0000027b5b56c314: ;   {metadata(method data for {method} {0x0000027b2d630cc8} 'm_109017_' '()V' in 'net/minecraft/client/renderer/FogRenderer')}
  0x0000027b5b56c314: 0001 48be | e85f f92e | 7b02 0000 | 8bbe cc00 | 0000 83c7 | 0289 becc | 0000 0081 | e7fe ff1f 
  0x0000027b5b56c334: 0083 ff00 | 0f84 1154 

  0x0000027b5b56c33c: ;   {metadata(method data for {method} {0x0000027b2d630cc8} 'm_109017_' '()V' in 'net/minecraft/client/renderer/FogRenderer')}
  0x0000027b5b56c33c: 0000 48be | e85f f92e | 7b02 0000 | 4883 8610 | 0100 0001 

  0x0000027b5b56c350: ;   {metadata(method data for {method} {0x0000027b0d9cf018} 'm_157445_' '(F)V' in 'com/mojang/blaze3d/systems/RenderSystem')}
  0x0000027b5b56c350: 48be 4061 | f92e 7b02 | 0000 8bbe | cc00 0000 | 83c7 0289 | becc 0000 | 0081 e7fe | ff1f 0083 
  0x0000027b5b56c370: ff00 0f84 | f853 0000 

  0x0000027b5b56c378: ;   {metadata(method data for {method} {0x0000027b0d9cf018} 'm_157445_' '(F)V' in 'com/mojang/blaze3d/systems/RenderSystem')}
  0x0000027b5b56c378: 48be 4061 | f92e 7b02 | 0000 4883 | 8610 0100 

  0x0000027b5b56c388: ;   {metadata(method data for {method} {0x0000027b0d9d67d8} 'm_187554_' '()V' in 'com/mojang/blaze3d/systems/RenderSystem')}
  0x0000027b5b56c388: 0001 48be | 48bc 502c | 7b02 0000 | 8bbe cc00 | 0000 83c7 | 0289 becc | 0000 0081 | e7fe ff1f 
  0x0000027b5b56c3a8: 0083 ff00 | 0f84 df53 

  0x0000027b5b56c3b0: ;   {metadata(method data for {method} {0x0000027b0d9cf018} 'm_157445_' '(F)V' in 'com/mojang/blaze3d/systems/RenderSystem')}
  0x0000027b5b56c3b0: 0000 48be | 4061 f92e | 7b02 0000 | 4883 8620 | 0100 0001 

  0x0000027b5b56c3c4: ;   {section_word}
  0x0000027b5b56c3c4: c5fa 1005 | 34e4 ffff 

  0x0000027b5b56c3cc: ;   {static_call}
  0x0000027b5b56c3cc: 6666 90e8 

  0x0000027b5b56c3d0: ; ImmutableOopMap {[256]=Oop [200]=Oop }
                      ;*invokestatic m_157171_ {reexecute=0 rethrow=0 return_oop=0}
                      ; - com.mojang.blaze3d.systems.RenderSystem::m_157445_@4 (line 629)
                      ; - net.minecraft.client.renderer.FogRenderer::m_109017_@3 (line 192)
                      ; - net.minecraft.client.Minecraft::m_91383_@327 (line 1038)
  0x0000027b5b56c3d0: acca ca05 | 488b 9424 | c800 0000 | 448b 8298 | 0100 0049 | c1e0 0349 | 83f8 000f | 842a 0000 
  0x0000027b5b56c3f0: ;   {metadata('net/minecraft/util/profiling/InactiveProfiler')}
  0x0000027b5b56c3f0: 0048 b8c8 | ebd4 0008 | 0000 0041 | 8b58 0849 | ba00 0000 | 0008 0000 | 0049 03da | 483b 4338 
  0x0000027b5b56c410: 0f85 9c53 | 0000 e900 | 0000 0049 | 8bf0 493b 

  0x0000027b5b56c420: ;   {metadata(method data for {method} {0x0000027b02e70f20} 'm_91383_' '(Z)V' in 'net/minecraft/client/Minecraft')}
  0x0000027b5b56c420: 0048 bea0 | c3f8 2e7b | 0200 0048 | 8386 b808 

  0x0000027b5b56c430: ;   {metadata(method data for {method} {0x0000027b0da5c328} 'm_6180_' '(Ljava/lang/String;)V' in 'net/minecraft/util/profiling/InactiveProfiler')}
  0x0000027b5b56c430: 0000 0149 | b820 daca | 2d7b 0200 | 0041 8bb0 | cc00 0000 | 83c6 0241 | 89b0 cc00 | 0000 81e6 
  0x0000027b5b56c450: feff 1f00 | 83fe 000f | 845f 5300 

  0x0000027b5b56c45c: ;   {metadata(method data for {method} {0x0000027b02e70f20} 'm_91383_' '(Z)V' in 'net/minecraft/client/Minecraft')}
  0x0000027b5b56c45c: 0049 b8a0 | c3f8 2e7b | 0200 0049 | 8380 d808 

  0x0000027b5b56c46c: ;   {metadata(method data for {method} {0x0000027b0d9ce580} 'm_69493_' '()V' in 'com/mojang/blaze3d/systems/RenderSystem')}
  0x0000027b5b56c46c: 0000 0149 | b8f0 36ea | 2d7b 0200 | 0041 8bb0 | cc00 0000 | 83c6 0241 | 89b0 cc00 | 0000 81e6 
  0x0000027b5b56c48c: feff 1f00 | 83fe 000f | 8444 5300 

  0x0000027b5b56c498: ;   {metadata(method data for {method} {0x0000027b0d9ce580} 'm_69493_' '()V' in 'com/mojang/blaze3d/systems/RenderSystem')}
  0x0000027b5b56c498: 0049 b8f0 | 36ea 2d7b | 0200 0049 | 8380 1001 

  0x0000027b5b56c4a8: ;   {metadata(method data for {method} {0x0000027b0d9d67d8} 'm_187554_' '()V' in 'com/mojang/blaze3d/systems/RenderSystem')}
  0x0000027b5b56c4a8: 0000 0149 | b848 bc50 | 2c7b 0200 | 0041 8bb0 | cc00 0000 | 83c6 0241 | 89b0 cc00 | 0000 81e6 
  0x0000027b5b56c4c8: feff 1f00 | 83fe 000f | 8429 5300 

  0x0000027b5b56c4d4: ;   {metadata(method data for {method} {0x0000027b0d9ce580} 'm_69493_' '()V' in 'com/mojang/blaze3d/systems/RenderSystem')}
  0x0000027b5b56c4d4: 0049 b8f0 | 36ea 2d7b | 0200 0049 | 8380 2001 

  0x0000027b5b56c4e4: ;   {metadata(method data for {method} {0x0000027b0e53a7e8} 'm_84109_' '()V' in 'com/mojang/blaze3d/platform/GlStateManager')}
  0x0000027b5b56c4e4: 0000 0149 | b858 38ea | 2d7b 0200 | 0041 8bb0 | cc00 0000 | 83c6 0241 | 89b0 cc00 | 0000 81e6 
  0x0000027b5b56c504: feff 1f00 | 83fe 000f | 840e 5300 

  0x0000027b5b56c510: ;   {metadata(method data for {method} {0x0000027b0e53a7e8} 'm_84109_' '()V' in 'com/mojang/blaze3d/platform/GlStateManager')}
  0x0000027b5b56c510: 0049 b858 | 38ea 2d7b | 0200 0049 | 8380 1001 

  0x0000027b5b56c520: ;   {metadata(method data for {method} {0x0000027b0d9cd0b0} 'm_187555_' '()V' in 'com/mojang/blaze3d/systems/RenderSystem')}
  0x0000027b5b56c520: 0000 0149 | b800 d54e | 2c7b 0200 | 0041 8bb0 | cc00 0000 | 83c6 0241 | 89b0 cc00 | 0000 81e6 
  0x0000027b5b56c540: feff 1f00 | 83fe 000f | 84f3 5200 

  0x0000027b5b56c54c: ;   {oop(a 'java/lang/Class'{0x0000000618c48000} = 'com/mojang/blaze3d/systems/RenderSystem')}
  0x0000027b5b56c54c: 0049 b800 | 80c4 1806 | 0000 0045 | 0fbe 80f1 | 0000 0041 

  0x0000027b5b56c560: ;   {metadata(method data for {method} {0x0000027b0d9cd0b0} 'm_187555_' '()V' in 'com/mojang/blaze3d/systems/RenderSystem')}
  0x0000027b5b56c560: 83f8 0049 | b800 d54e | 2c7b 0200 | 0048 c7c6 | 1001 0000 | 0f85 0700 | 0000 48c7 | c620 0100 
  0x0000027b5b56c580: 0049 8b3c | 3048 8d7f | 0149 893c | 300f 85fa 

  0x0000027b5b56c590: ;   {metadata(method data for {method} {0x0000027b0d9cd0b0} 'm_187555_' '()V' in 'com/mojang/blaze3d/systems/RenderSystem')}
  0x0000027b5b56c590: 0000 0049 | b800 d54e | 2c7b 0200 | 0049 8380 | 3001 0000 

  0x0000027b5b56c5a4: ;   {metadata(method data for {method} {0x0000027b0d9ccc68} 'm_69586_' '()Z' in 'com/mojang/blaze3d/systems/RenderSystem')}
  0x0000027b5b56c5a4: 0149 b8a8 | d64e 2c7b | 0200 0041 | 8bb0 cc00 | 0000 83c6 | 0241 89b0 | cc00 0000 | 81e6 feff 
  0x0000027b5b56c5c4: 1f00 83fe | 000f 8492 

  0x0000027b5b56c5cc: ;   {metadata(method data for {method} {0x0000027b0d9ccc68} 'm_69586_' '()Z' in 'com/mojang/blaze3d/systems/RenderSystem')}
  0x0000027b5b56c5cc: 5200 0049 | b8a8 d64e | 2c7b 0200 | 0049 8380 | 1001 0000 

  0x0000027b5b56c5e0: ;   {oop(a 'java/lang/Class'{0x0000000618c48000} = 'com/mojang/blaze3d/systems/RenderSystem')}
  0x0000027b5b56c5e0: 0149 b800 | 80c4 1806 | 0000 0045 | 8b80 8000 | 0000 49c1 | e003 498b | b790 0200 | 0048 8b36 
  0x0000027b5b56c600: ;   {metadata(method data for {method} {0x0000027b0d9ccc68} 'm_69586_' '()Z' in 'com/mojang/blaze3d/systems/RenderSystem')}
  0x0000027b5b56c600: 493b f049 | b8a8 d64e | 2c7b 0200 | 0048 c7c6 | 2001 0000 | 0f85 0700 | 0000 48c7 | c630 0100 
  0x0000027b5b56c620: 0049 8b3c | 3048 8d7f | 0149 893c | 300f 851c 

  0x0000027b5b56c630: ;   {metadata(method data for {method} {0x0000027b0d9ccc68} 'm_69586_' '()Z' in 'com/mojang/blaze3d/systems/RenderSystem')}
  0x0000027b5b56c630: 0000 0049 | b8a8 d64e | 2c7b 0200 | 0041 ff80 | 4001 0000 | 41b8 0100 | 0000 e906 | 0000 0041 
  0x0000027b5b56c650: b800 0000 | 0041 83e0 | 0141 83f8 

  0x0000027b5b56c65c: ;   {metadata(method data for {method} {0x0000027b0d9cd0b0} 'm_187555_' '()V' in 'com/mojang/blaze3d/systems/RenderSystem')}
  0x0000027b5b56c65c: 0049 b800 | d54e 2c7b | 0200 0048 | c7c6 4001 | 0000 0f84 | 0700 0000 | 48c7 c650 | 0100 0049 
  0x0000027b5b56c67c: 8b3c 3048 | 8d7f 0149 | 893c 300f | 84dc 4800 

  0x0000027b5b56c68c: ;   {oop(a 'java/lang/Class'{0x000000061e4ae550} = 'com/mojang/blaze3d/platform/GlStateManager')}
  0x0000027b5b56c68c: 0049 b850 | e54a 1e06 | 0000 0045 | 8b80 9c00 | 0000 be80 

  0x0000027b5b56c6a0: ;   {oop(a 'com/mojang/blaze3d/platform/GlStateManager$TextureState'[128] {0x000000061e4ae618})}
  0x0000027b5b56c6a0: 0000 0048 | bf18 e64a | 1e06 0000 | 0041 3bf0 | 0f86 cc51 | 0000 4d63 | c046 8b44 | 8710 49c1 
  0x0000027b5b56c6c0: e003 41c6 

  0x0000027b5b56c6c4: ;   {metadata(method data for {method} {0x0000027b02e70f20} 'm_91383_' '(Z)V' in 'net/minecraft/client/Minecraft')}
  0x0000027b5b56c6c4: 4010 0149 | b8a0 c3f8 | 2e7b 0200 | 0049 8380 | e808 0000 

  0x0000027b5b56c6d8: ;   {metadata(method data for {method} {0x0000027b0d9cdf30} 'm_69481_' '()V' in 'com/mojang/blaze3d/systems/RenderSystem')}
  0x0000027b5b56c6d8: 0149 b800 | 83ec 2d7b | 0200 0041 | 8bb0 cc00 | 0000 83c6 | 0241 89b0 | cc00 0000 | 81e6 feff 
  0x0000027b5b56c6f8: 1f00 83fe | 000f 8497 

  0x0000027b5b56c700: ;   {metadata(method data for {method} {0x0000027b0d9cdf30} 'm_69481_' '()V' in 'com/mojang/blaze3d/systems/RenderSystem')}
  0x0000027b5b56c700: 5100 0049 | b800 83ec | 2d7b 0200 | 0049 8380 | 1001 0000 

  0x0000027b5b56c714: ;   {metadata(method data for {method} {0x0000027b0d9d67d8} 'm_187554_' '()V' in 'com/mojang/blaze3d/systems/RenderSystem')}
  0x0000027b5b56c714: 0149 b848 | bc50 2c7b | 0200 0041 | 8bb0 cc00 | 0000 83c6 | 0241 89b0 | cc00 0000 | 81e6 feff 
  0x0000027b5b56c734: 1f00 83fe | 000f 847c 

  0x0000027b5b56c73c: ;   {metadata(method data for {method} {0x0000027b0d9cdf30} 'm_69481_' '()V' in 'com/mojang/blaze3d/systems/RenderSystem')}
  0x0000027b5b56c73c: 5100 0049 | b800 83ec | 2d7b 0200 | 0049 8380 | 2001 0000 

  0x0000027b5b56c750: ;   {metadata(method data for {method} {0x0000027b0e53a0e8} 'm_84091_' '()V' in 'com/mojang/blaze3d/platform/GlStateManager')}
  0x0000027b5b56c750: 0149 b868 | 84ec 2d7b | 0200 0041 | 8bb0 cc00 | 0000 83c6 | 0241 89b0 | cc00 0000 | 81e6 feff 
  0x0000027b5b56c770: 1f00 83fe | 000f 8461 

  0x0000027b5b56c778: ;   {metadata(method data for {method} {0x0000027b0e53a0e8} 'm_84091_' '()V' in 'com/mojang/blaze3d/platform/GlStateManager')}
  0x0000027b5b56c778: 5100 0049 | b868 84ec | 2d7b 0200 | 0049 8380 | 1001 0000 

  0x0000027b5b56c78c: ;   {metadata(method data for {method} {0x0000027b0d9d67d8} 'm_187554_' '()V' in 'com/mojang/blaze3d/systems/RenderSystem')}
  0x0000027b5b56c78c: 0149 b848 | bc50 2c7b | 0200 0041 | 8bb0 cc00 | 0000 83c6 | 0241 89b0 | cc00 0000 | 81e6 feff 
  0x0000027b5b56c7ac: 1f00 83fe | 000f 8446 

  0x0000027b5b56c7b4: ;   {oop(a 'com/mojang/blaze3d/platform/GlStateManager$CullState'{0x000000061e4b8658})}
  0x0000027b5b56c7b4: 5100 0049 | b858 864b | 1e06 0000 | 0041 8b70 | 1048 c1e6 | 0348 3b06 

  0x0000027b5b56c7cc: ;   {metadata(method data for {method} {0x0000027b0e53a0e8} 'm_84091_' '()V' in 'com/mojang/blaze3d/platform/GlStateManager')}
  0x0000027b5b56c7cc: 4c8b c648 | bf68 84ec | 2d7b 0200 | 0048 8387 | 3801 0000 

  0x0000027b5b56c7e0: ;   {metadata(method data for {method} {0x0000027b0e542770} 'm_84592_' '()V' in 'com/mojang/blaze3d/platform/GlStateManager$BooleanState')}
  0x0000027b5b56c7e0: 0149 b8c0 | e2cf 2d7b | 0200 0041 | 8bb8 cc00 | 0000 83c7 | 0241 89b8 | cc00 0000 | 81e7 feff 
  0x0000027b5b56c800: 1f00 83ff | 000f 841d | 5100 004c 

  0x0000027b5b56c80c: ;   {metadata(method data for {method} {0x0000027b0e542770} 'm_84592_' '()V' in 'com/mojang/blaze3d/platform/GlStateManager$BooleanState')}
  0x0000027b5b56c80c: 8bc6 48bf | c0e2 cf2d | 7b02 0000 | 4883 8728 | 0100 0001 | 41b8 0100 | 0000 488b | d666 0f1f 
  0x0000027b5b56c82c: ;   {optimized virtual_call}
  0x0000027b5b56c82c: 4400 00e8 

  0x0000027b5b56c830: ; ImmutableOopMap {[256]=Oop [200]=Oop }
                      ;*invokevirtual m_84590_ {reexecute=0 rethrow=0 return_oop=0}
                      ; - com.mojang.blaze3d.platform.GlStateManager$BooleanState::m_84592_@2 (line 791)
                      ; - com.mojang.blaze3d.platform.GlStateManager::m_84091_@9 (line 471)
                      ; - com.mojang.blaze3d.systems.RenderSystem::m_69481_@3 (line 370)
                      ; - net.minecraft.client.Minecraft::m_91383_@345 (line 1041)
  0x0000027b5b56c830: 0cfb 2904 | 488b 9424 | c800 0000 | 8bb2 9801 | 0000 48c1 | e603 4883 | fe00 0f84 | 2900 0000 
  0x0000027b5b56c850: ;   {metadata('net/minecraft/util/profiling/InactiveProfiler')}
  0x0000027b5b56c850: 48b9 c8eb | d400 0800 | 0000 8b46 | 0849 ba00 | 0000 0008 | 0000 0049 | 03c2 483b | 4838 0f85 
  0x0000027b5b56c870: d550 0000 | e900 0000 | 0048 8bfe 

  0x0000027b5b56c87c: ; implicit exception: dispatches to 0x0000027b5b57194e
                      ;   {metadata(method data for {method} {0x0000027b02e70f20} 'm_91383_' '(Z)V' in 'net/minecraft/client/Minecraft')}
  0x0000027b5b56c87c: 483b 0648 | bfa0 c3f8 | 2e7b 0200 | 0048 8387 | 1009 0000 

  0x0000027b5b56c890: ;   {metadata(method data for {method} {0x0000027b0da5c520} 'm_7238_' '()V' in 'net/minecraft/util/profiling/InactiveProfiler')}
  0x0000027b5b56c890: 0148 be20 | 9ec9 2d7b | 0200 008b | becc 0000 | 0083 c702 | 89be cc00 | 0000 81e7 | feff 1f00 
  0x0000027b5b56c8b0: 83ff 000f | 849a 5000 | 000f be72 | 6683 fe00 

  0x0000027b5b56c8c0: ;   {metadata(method data for {method} {0x0000027b02e70f20} 'm_91383_' '(Z)V' in 'net/minecraft/client/Minecraft')}
  0x0000027b5b56c8c0: 48be a0c3 | f82e 7b02 | 0000 48c7 | c730 0900 | 000f 8507 | 0000 0048 | c7c7 4009 | 0000 488b 
  0x0000027b5b56c8e0: 1c3e 488d | 5b01 4889 | 1c3e 0f85 | 040a 0000 | 0fbe 7265 

  0x0000027b5b56c8f4: ;   {metadata(method data for {method} {0x0000027b02e70f20} 'm_91383_' '(Z)V' in 'net/minecraft/client/Minecraft')}
  0x0000027b5b56c8f4: 83fe 0048 | bea0 c3f8 | 2e7b 0200 | 0048 c7c7 | 5009 0000 | 0f84 0700 | 0000 48c7 | c760 0900 
  0x0000027b5b56c914: 0048 8b1c | 3e48 8d5b | 0148 891c | 3e0f 841a | 0000 00c5 | fa10 4254 

  0x0000027b5b56c92c: ;   {metadata(method data for {method} {0x0000027b02e70f20} 'm_91383_' '(Z)V' in 'net/minecraft/client/Minecraft')}
  0x0000027b5b56c92c: 48be a0c3 | f82e 7b02 | 0000 ff86 | 7009 0000 | e90f 0000 | 008b b288 | 0000 0048 | c1e6 03c5 
  0x0000027b5b56c94c: fa10 460c 

  0x0000027b5b56c950: ;   {metadata(method data for {method} {0x0000027b02e70f20} 'm_91383_' '(Z)V' in 'net/minecraft/client/Minecraft')}
  0x0000027b5b56c950: 48be a0c3 | f82e 7b02 | 0000 4883 | 8688 0900 | 0001 0f1f 

  0x0000027b5b56c964: ;   {static_call}
  0x0000027b5b56c964: 4400 00e8 

  0x0000027b5b56c968: ; ImmutableOopMap {[256]=Oop [200]=Oop }
                      ;*invokestatic onRenderTickStart {reexecute=0 rethrow=0 return_oop=0}
                      ; - net.minecraft.client.Minecraft::m_91383_@385 (line 1044)
  0x0000027b5b56c968: d4a4 9f06 | 488b 9424 | c800 0000 | 448b 8298 | 0100 0049 | c1e0 0349 | 83f8 000f | 842a 0000 
  0x0000027b5b56c988: ;   {metadata('net/minecraft/util/profiling/InactiveProfiler')}
  0x0000027b5b56c988: 0048 b8c8 | ebd4 0008 | 0000 0041 | 8b58 0849 | ba00 0000 | 0008 0000 | 0049 03da | 483b 4338 
  0x0000027b5b56c9a8: 0f85 cb4f | 0000 e900 | 0000 0049 | 8bf0 493b 

  0x0000027b5b56c9b8: ;   {metadata(method data for {method} {0x0000027b02e70f20} 'm_91383_' '(Z)V' in 'net/minecraft/client/Minecraft')}
  0x0000027b5b56c9b8: 0048 bea0 | c3f8 2e7b | 0200 0048 | 8386 b009 

  0x0000027b5b56c9c8: ;   {metadata(method data for {method} {0x0000027b0da5c5c8} 'm_6182_' '(Ljava/lang/String;)V' in 'net/minecraft/util/profiling/InactiveProfiler')}
  0x0000027b5b56c9c8: 0000 0149 | b8b8 7de8 | 2d7b 0200 | 0041 8bb0 | cc00 0000 | 83c6 0241 | 89b0 cc00 | 0000 81e6 
  0x0000027b5b56c9e8: feff 1f00 | 83fe 000f | 848e 4f00 | 008b b2b0 | 0000 0048 | c1e6 0344 | 0fbe 4265 | 4183 f800 
  0x0000027b5b56ca08: ;   {metadata(method data for {method} {0x0000027b02e70f20} 'm_91383_' '(Z)V' in 'net/minecraft/client/Minecraft')}
  0x0000027b5b56ca08: 49b8 a0c3 | f82e 7b02 | 0000 48c7 | c7d0 0900 | 000f 8407 | 0000 0048 | c7c7 e009 | 0000 498b 
  0x0000027b5b56ca28: 1c38 488d | 5b01 4989 | 1c38 0f84 | 1b00 0000 | c5fa 1042 

  0x0000027b5b56ca3c: ;   {metadata(method data for {method} {0x0000027b02e70f20} 'm_91383_' '(Z)V' in 'net/minecraft/client/Minecraft')}
  0x0000027b5b56ca3c: 5449 b8a0 | c3f8 2e7b | 0200 0041 | ff80 f009 | 0000 e911 | 0000 0044 | 8b82 8800 | 0000 49c1 
  0x0000027b5b56ca5c: e003 c4c1 | 7a10 400c 

  0x0000027b5b56ca64: ;   {metadata(method data for {method} {0x0000027b02e70f20} 'm_91383_' '(Z)V' in 'net/minecraft/client/Minecraft')}
  0x0000027b5b56ca64: 49b8 a0c3 | f82e 7b02 | 0000 4983 | 8008 0a00 

  0x0000027b5b56ca74: ;   {metadata(method data for {method} {0x0000027b2c9b9b10} 'onRenderCall' '(Z)Z' in 'xaero/map/core/XaeroWorldMapCore')}
  0x0000027b5b56ca74: 0001 49b8 | 0069 f92e | 7b02 0000 | 418b b8cc | 0000 0083 | c702 4189 | b8cc 0000 | 0081 e7fe 
  0x0000027b5b56ca94: ff1f 0083 | ff00 0f84 | 094f 0000 

  0x0000027b5b56caa0: ;   {oop(a 'java/lang/Class'{0x000000061b0f3470} = 'xaero/map/WorldMap')}
  0x0000027b5b56caa0: 49b8 7034 | 0f1b 0600 | 0000 450f | be80 3801 | 0000 4183 

  0x0000027b5b56cab4: ;   {metadata(method data for {method} {0x0000027b2c9b9b10} 'onRenderCall' '(Z)Z' in 'xaero/map/core/XaeroWorldMapCore')}
  0x0000027b5b56cab4: f800 49b8 | 0069 f92e | 7b02 0000 | 48c7 c710 | 0100 000f | 8507 0000 | 0048 c7c7 | 2001 0000 
  0x0000027b5b56cad4: 498b 1c38 | 488d 5b01 | 4989 1c38 | 0f85 1400 | 0000 448b | 8424 d000 | 0000 4183 | e001 498b 
  0x0000027b5b56caf4: f8e9 4001 | 0000 c5fa | 1184 24f4 | 0000 0048 | 89b4 2408 

  0x0000027b5b56cb08: ;   {oop(a 'java/lang/Class'{0x000000061b0f3470} = 'xaero/map/WorldMap')}
  0x0000027b5b56cb08: 0100 0049 | b870 340f | 1b06 0000 | 0041 8bb8 | 8800 0000 | 48c1 e703 

  0x0000027b5b56cb20: ; implicit exception: dispatches to 0x0000027b5b5719ca
  0x0000027b5b56cb20: 483b 074c 

  0x0000027b5b56cb24: ;   {metadata(method data for {method} {0x0000027b2c9b9b10} 'onRenderCall' '(Z)Z' in 'xaero/map/core/XaeroWorldMapCore')}
  0x0000027b5b56cb24: 8bc7 48bb | 0069 f92e | 7b02 0000 | 458b 4008 | 49ba 0000 | 0000 0800 | 0000 4d03 | c24c 3b83 
  0x0000027b5b56cb44: 4001 0000 | 750d 4883 | 8348 0100 | 0001 e966 | 0000 004c | 3b83 5001 | 0000 750d | 4883 8358 
  0x0000027b5b56cb64: 0100 0001 | e950 0000 | 0048 81bb | 4001 0000 | 0000 0000 | 7517 4c89 | 8340 0100 | 0048 c783 
  0x0000027b5b56cb84: 4801 0000 | 0100 0000 | e92c 0000 | 0048 81bb | 5001 0000 | 0000 0000 | 7517 4c89 | 8350 0100 
  0x0000027b5b56cba4: 0048 c783 | 5801 0000 | 0100 0000 | e908 0000 | 0048 8383 | 3001 0000 | 0141 b801 | 0000 0048 
  0x0000027b5b56cbc4: ;   {optimized virtual_call}
  0x0000027b5b56cbc4: 8bd7 90e8 

  0x0000027b5b56cbc8: ; ImmutableOopMap {[256]=Oop [200]=Oop [264]=Oop }
                      ;*invokevirtual handleRenderTick {reexecute=0 rethrow=0 return_oop=0}
                      ; - xaero.map.core.XaeroWorldMapCore::onRenderCall@12 (line 178)
                      ; - net.minecraft.client.Minecraft::m_91383_@427 (line 1046)
  0x0000027b5b56cbc8: d42b e205 

  0x0000027b5b56cbcc: ;   {metadata(method data for {method} {0x0000027b2c9b9b10} 'onRenderCall' '(Z)Z' in 'xaero/map/core/XaeroWorldMapCore')}
  0x0000027b5b56cbcc: 83f8 0049 | b800 69f9 | 2e7b 0200 | 0049 c7c1 | 6801 0000 | 0f84 0700 | 0000 49c7 | c178 0100 
  0x0000027b5b56cbec: 004b 8b14 | 0848 8d52 | 014b 8914 | 080f 841b | 0000 00bf | 0000 0000 | c5fa 1084 | 24f4 0000 
  0x0000027b5b56cc0c: 0048 8bb4 | 2408 0100 | 00e9 2000 | 0000 448b | 8424 d000 | 0000 4183 | e001 498b | f8c5 fa10 
  0x0000027b5b56cc2c: 8424 f400 | 0000 488b | b424 0801 | 0000 483b | 064c 8bc6 

  0x0000027b5b56cc40: ;   {metadata(method data for {method} {0x0000027b02e70f20} 'm_91383_' '(Z)V' in 'net/minecraft/client/Minecraft')}
  0x0000027b5b56cc40: 49b9 a0c3 | f82e 7b02 | 0000 4983 | 8130 0a00 | 0001 4c8b | 8424 d800 | 0000 4c8b | cf48 8bd6 
  0x0000027b5b56cc60: 0f1f 8000 

  0x0000027b5b56cc64: ;   {optimized virtual_call}
  0x0000027b5b56cc64: 0000 00e8 

  0x0000027b5b56cc68: ; ImmutableOopMap {[256]=Oop [200]=Oop }
                      ;*invokevirtual m_109093_ {reexecute=0 rethrow=0 return_oop=0}
                      ; - net.minecraft.client.Minecraft::m_91383_@430 (line 1046)
  0x0000027b5b56cc68: b4af 9f06 | 488b 9424 | c800 0000 | 8bb2 9801 | 0000 48c1 | e603 4883 | fe00 0f84 | 2900 0000 
  0x0000027b5b56cc88: ;   {metadata('net/minecraft/util/profiling/InactiveProfiler')}
  0x0000027b5b56cc88: 48bb c8eb | d400 0800 | 0000 8b4e | 0849 ba00 | 0000 0008 | 0000 0049 | 03ca 483b | 5938 0f85 
  0x0000027b5b56cca8: 284d 0000 | e900 0000 | 0048 8bfe 

  0x0000027b5b56ccb4: ; implicit exception: dispatches to 0x0000027b5b5719d9
                      ;   {metadata(method data for {method} {0x0000027b02e70f20} 'm_91383_' '(Z)V' in 'net/minecraft/client/Minecraft')}
  0x0000027b5b56ccb4: 483b 0648 | bfa0 c3f8 | 2e7b 0200 | 0048 8387 | 680a 0000 

  0x0000027b5b56ccc8: ;   {metadata(method data for {method} {0x0000027b0da5c5c8} 'm_6182_' '(Ljava/lang/String;)V' in 'net/minecraft/util/profiling/InactiveProfiler')}
  0x0000027b5b56ccc8: 0148 beb8 | 7de8 2d7b | 0200 008b | becc 0000 | 0083 c702 | 89be cc00 | 0000 81e7 | feff 1f00 
  0x0000027b5b56cce8: 83ff 000f | 84ed 4c00 | 0044 8b82 | 3801 0000 | 49c1 e003 

  0x0000027b5b56ccfc: ;   {metadata('com/mojang/blaze3d/vertex/PoseStack')}
  0x0000027b5b56ccfc: 48ba f89f | d000 0800 | 0000 498b | 8708 0100 | 0048 8d78 | 1049 3bbf | 1801 0000 | 0f87 e14c 
  0x0000027b5b56cd1c: 0000 4989 | bf08 0100 | 0048 c700 | 0100 0000 | 488b ca49 | ba00 0000 | 0008 0000 | 0049 2bca 
  0x0000027b5b56cd3c: 8948 0848 | 33c9 8948 | 0c48 33c9 

  0x0000027b5b56cd48: ;   {metadata(method data for {method} {0x0000027b02e70f20} 'm_91383_' '(Z)V' in 'net/minecraft/client/Minecraft')}
  0x0000027b5b56cd48: 488b d048 | bea0 c3f8 | 2e7b 0200 | 0048 8386 | 880a 0000 

  0x0000027b5b56cd5c: ;   {metadata(method data for {method} {0x0000027b0d8e9e18} '<init>' '()V' in 'com/mojang/blaze3d/vertex/PoseStack')}
  0x0000027b5b56cd5c: 0148 baf0 | c2ed 2d7b | 0200 008b | b2cc 0000 | 0083 c602 | 89b2 cc00 | 0000 81e6 | feff 1f00 
  0x0000027b5b56cd7c: 83fe 000f | 8487 4c00 | 0048 8bd0 

  0x0000027b5b56cd88: ;   {metadata(method data for {method} {0x0000027b0d8e9e18} '<init>' '()V' in 'com/mojang/blaze3d/vertex/PoseStack')}
  0x0000027b5b56cd88: 48be f0c2 | ed2d 7b02 | 0000 4883 | 8610 0100 

  0x0000027b5b56cd98: ;   {metadata(method data for {method} {0x0000027b00000518} '<init>' '()V' in 'java/lang/Object')}
  0x0000027b5b56cd98: 0001 48ba | 686b 2000 | 7b02 0000 | 8bb2 cc00 | 0000 83c6 | 0289 b2cc | 0000 0081 | e6fe ff1f 
  0x0000027b5b56cdb8: 0083 fe00 | 0f84 6b4c 

  0x0000027b5b56cdc0: ;   {metadata(method data for {method} {0x0000027b0d8e9e18} '<init>' '()V' in 'com/mojang/blaze3d/vertex/PoseStack')}
  0x0000027b5b56cdc0: 0000 48ba | f0c2 ed2d | 7b02 0000 | 4883 8220 | 0100 0001 

  0x0000027b5b56cdd4: ;   {metadata(method data for {method} {0x0000027b0d709a18} 'newArrayDeque' '()Ljava/util/ArrayDeque;' in 'com/google/common/collect/Queues')}
  0x0000027b5b56cdd4: 48ba 780a | ed2d 7b02 | 0000 8bb2 | cc00 0000 | 83c6 0289 | b2cc 0000 | 0081 e6fe | ff1f 0083 
  0x0000027b5b56cdf4: fe00 0f84 | 524c 0000 

  0x0000027b5b56cdfc: ;   {metadata('java/util/ArrayDeque')}
  0x0000027b5b56cdfc: 48ba 5060 | 0200 0800 | 0000 4889 | 8424 1001 | 0000 498b | 8708 0100 | 0048 8d78 | 1849 3bbf 
  0x0000027b5b56ce1c: 1801 0000 | 0f87 494c | 0000 4989 | bf08 0100 | 0048 c700 | 0100 0000 | 488b ca49 | ba00 0000 
  0x0000027b5b56ce3c: 0008 0000 | 0049 2bca | 8948 0848 | 33c9 8948 | 0c48 33c9 | 4889 4810 

  0x0000027b5b56ce54: ;   {metadata(method data for {method} {0x0000027b0d709a18} 'newArrayDeque' '()Ljava/util/ArrayDeque;' in 'com/google/common/collect/Queues')}
  0x0000027b5b56ce54: 488b d848 | ba78 0aed | 2d7b 0200 | 0048 8382 | 1001 0000 

  0x0000027b5b56ce68: ;   {metadata(method data for {method} {0x0000027b0033b6b8} '<init>' '()V' in 'java/util/ArrayDeque')}
  0x0000027b5b56ce68: 0148 bbb0 | 1089 007b | 0200 008b | 93cc 0000 | 0083 c202 | 8993 cc00 | 0000 81e2 | feff 1f00 
  0x0000027b5b56ce88: 83fa 000f | 84eb 4b00 | 0048 8bd8 

  0x0000027b5b56ce94: ;   {metadata(method data for {method} {0x0000027b0033b6b8} '<init>' '()V' in 'java/util/ArrayDeque')}
  0x0000027b5b56ce94: 48ba b010 | 8900 7b02 | 0000 4883 | 8210 0100 

  0x0000027b5b56cea4: ;   {metadata(method data for {method} {0x0000027b00102bf8} '<init>' '()V' in 'java/util/AbstractCollection')}
  0x0000027b5b56cea4: 0001 48bb | d078 3200 | 7b02 0000 | 8b93 cc00 | 0000 83c2 | 0289 93cc | 0000 0081 | e2fe ff1f 
  0x0000027b5b56cec4: 0083 fa00 | 0f84 cf4b | 0000 488b 

  0x0000027b5b56ced0: ;   {metadata(method data for {method} {0x0000027b00102bf8} '<init>' '()V' in 'java/util/AbstractCollection')}
  0x0000027b5b56ced0: d848 bad0 | 7832 007b | 0200 0048 | 8382 1001 

  0x0000027b5b56cee0: ;   {metadata(method data for {method} {0x0000027b00000518} '<init>' '()V' in 'java/lang/Object')}
  0x0000027b5b56cee0: 0000 0148 | bb68 6b20 | 007b 0200 | 008b 93cc | 0000 0083 | c202 8993 | cc00 0000 | 81e2 feff 
  0x0000027b5b56cf00: 1f00 83fa | 000f 84b3 | 4b00 00bb | 1100 0000 

  0x0000027b5b56cf10: ;   {metadata('java/lang/Object'[])}
  0x0000027b5b56cf10: 48ba 5076 | 0500 0800 | 0000 4c8b | e848 63db | 488b fb48 | 81fb ffff | ff00 0f87 | af4b 0000 
  0x0000027b5b56cf30: 48be 1700 | 0000 0000 | 0000 488d | 349e 4883 | e6f8 498b | 8708 0100 | 0048 8d34 | 3049 3bb7 
  0x0000027b5b56cf50: 1801 0000 | 0f87 854b | 0000 4989 | b708 0100 | 0048 2bf0 | 48c7 0001 | 0000 0048 | 8bca 49ba 
  0x0000027b5b56cf70: 0000 0000 | 0800 0000 | 492b ca89 | 4808 8958 | 0c48 83ee | 100f 841a | 0000 0048 | 85f6 0f84 
  0x0000027b5b56cf90: 1100 0000 | 4833 db48 | c1ee 0348 | 895c f008 | 48ff ce75 | f641 0fbe | 5738 83fa | 000f 8536 
  0x0000027b5b56cfb0: 4b00 004c | 8bd0 49c1 | ea03 4589 | 5514 498b | d548 33d0 | 48c1 ea16 | 4883 fa00 | 0f85 374b 
  0x0000027b5b56cfd0: ;   {metadata(method data for {method} {0x0000027b003f9df8} 'linkToTargetMethod' '(Ljava/lang/Object;)Ljava/lang/Object;' in 'java/lang/invoke/Invokers$Holder')}
  0x0000027b5b56cfd0: 0000 48ba | d8f0 5200 | 7b02 0000 | 488d 92e8 

  0x0000027b5b56cfe0: ;   {oop(a 'java/lang/invoke/BoundMethodHandle$Species_L'{0x000000062100d700})}
  0x0000027b5b56cfe0: 0100 0048 | be00 d700 | 2106 0000 | 0048 85f6 | 750e 48f7 | 0201 0000 | 0075 05f0 | 4883 0a01 
  0x0000027b5b56d000: ;   {metadata(method data for {method} {0x0000027b0d8e9e18} '<init>' '()V' in 'com/mojang/blaze3d/vertex/PoseStack')}
  0x0000027b5b56d000: 48ba f0c2 | ed2d 7b02 | 0000 4883 | 8230 0100 

  0x0000027b5b56d010: ;   {metadata(method data for {method} {0x0000027b003f9df8} 'linkToTargetMethod' '(Ljava/lang/Object;)Ljava/lang/Object;' in 'java/lang/invoke/Invokers$Holder')}
  0x0000027b5b56d010: 0001 48ba | d8f0 5200 | 7b02 0000 | 8bba cc00 | 0000 83c7 | 0289 bacc | 0000 0081 | e7fe ff1f 
  0x0000027b5b56d030: 0083 ff00 | 0f84 e74a 

  0x0000027b5b56d038: ;   {metadata(method data for {method} {0x0000027b00500270} 'invoke' '(Ljava/lang/Object;)Ljava/lang/Object;' in 'java/lang/invoke/LambdaForm$MH+0x0000000800000400')}
  0x0000027b5b56d038: 0000 48ba | 8804 5000 | 7b02 0000 | 488d 92a0 | 0100 0048 | 85f6 750e | 48f7 0201 | 0000 0075 
  0x0000027b5b56d058: 05f0 4883 

  0x0000027b5b56d05c: ;   {metadata(method data for {method} {0x0000027b003f9df8} 'linkToTargetMethod' '(Ljava/lang/Object;)Ljava/lang/Object;' in 'java/lang/invoke/Invokers$Holder')}
  0x0000027b5b56d05c: 0a01 48ba | d8f0 5200 | 7b02 0000 | 4883 8248 | 0100 0001 

  0x0000027b5b56d070: ;   {metadata(method data for {method} {0x0000027b00500270} 'invoke' '(Ljava/lang/Object;)Ljava/lang/Object;' in 'java/lang/invoke/LambdaForm$MH+0x0000000800000400')}
  0x0000027b5b56d070: 48ba 8804 | 5000 7b02 | 0000 8bb2 | cc00 0000 | 83c6 0289 | b2cc 0000 | 0081 e6fe | ff1f 0083 
  0x0000027b5b56d090: fe00 0f84 | aa4a 0000 

  0x0000027b5b56d098: ;   {metadata(method data for {method} {0x0000027b003f9df8} 'linkToTargetMethod' '(Ljava/lang/Object;)Ljava/lang/Object;' in 'java/lang/invoke/Invokers$Holder')}
  0x0000027b5b56d098: 48ba d8f0 | 5200 7b02 | 0000 488d | 9280 0100 

  0x0000027b5b56d0a8: ;   {oop(a 'com/mojang/blaze3d/vertex/PoseStack$$Lambda$4050+0x0000000800d484c8'{0x000000062100d720})}
  0x0000027b5b56d0a8: 0048 be20 | d700 2106 | 0000 0048 | 85f6 750e | 48f7 0201 | 0000 0075 | 05f0 4883 

  0x0000027b5b56d0c4: ;   {metadata(method data for {method} {0x0000027b0d8e9e18} '<init>' '()V' in 'com/mojang/blaze3d/vertex/PoseStack')}
  0x0000027b5b56d0c4: 0a01 48ba | f0c2 ed2d | 7b02 0000 | 488d 9240 | 0100 0048 | 85f6 750e | 48f7 0201 | 0000 0075 
  0x0000027b5b56d0e4: 05f0 4883 

  0x0000027b5b56d0e8: ;   {metadata(method data for {method} {0x0000027b0d8e9e18} '<init>' '()V' in 'com/mojang/blaze3d/vertex/PoseStack')}
  0x0000027b5b56d0e8: 0a01 48ba | f0c2 ed2d | 7b02 0000 | 4883 8250 | 0100 0001 

  0x0000027b5b56d0fc: ;   {metadata(method data for {method} {0x0000027b02a85ef8} 'm_137469_' '(Ljava/lang/Object;Ljava/util/function/Consumer;)Ljava/lang/Object;' in 'net/minecraft/Util')}
  0x0000027b5b56d0fc: 48ba 1807 | 8f2c 7b02 | 0000 8bba | cc00 0000 | 83c7 0289 | bacc 0000 | 0081 e7fe | ff1f 0083 
  0x0000027b5b56d11c: ff00 0f84 | 3f4a 0000 

  0x0000027b5b56d124: ;   {metadata(method data for {method} {0x0000027b02a85ef8} 'm_137469_' '(Ljava/lang/Object;Ljava/util/function/Consumer;)Ljava/lang/Object;' in 'net/minecraft/Util')}
  0x0000027b5b56d124: 48ba 1807 | 8f2c 7b02 

  0x0000027b5b56d12c: ;   {metadata(method data for {method} {0x0000027b0da430a0} 'accept' '(Ljava/lang/Object;)V' in 'com/mojang/blaze3d/vertex/PoseStack$$Lambda$4050+0x0000000800d484c8')}
  0x0000027b5b56d12c: 0000 48ba | c8c4 ed2d | 7b02 0000 | 8bb2 cc00 | 0000 83c6 | 0289 b2cc | 0000 0081 | e6fe ff1f 
  0x0000027b5b56d14c: 0083 fe00 | 0f84 2e4a 

  0x0000027b5b56d154: ;   {metadata(method data for {method} {0x0000027b0da430a0} 'accept' '(Ljava/lang/Object;)V' in 'com/mojang/blaze3d/vertex/PoseStack$$Lambda$4050+0x0000000800d484c8')}
  0x0000027b5b56d154: 0000 48ba | c8c4 ed2d | 7b02 0000 | 4883 8248 | 0100 0001 | 498b d54c | 8984 2420 | 0100 004c 
  0x0000027b5b56d174: 89ac 2418 | 0100 000f 

  0x0000027b5b56d17c: ;   {static_call}
  0x0000027b5b56d17c: 1f40 00e8 

  0x0000027b5b56d180: ; ImmutableOopMap {[256]=Oop [200]=Oop [280]=Oop [288]=Oop [272]=Oop }
                      ;*invokestatic m_85847_ {reexecute=0 rethrow=0 return_oop=0}
                      ; - com.mojang.blaze3d.vertex.PoseStack$$Lambda$4050/0x0000000800d484c8::accept@4
                      ; - net.minecraft.Util::m_137469_@2 (line 351)
                      ; - com.mojang.blaze3d.vertex.PoseStack::<init>@13 (line 13)
                      ; - net.minecraft.client.Minecraft::m_91383_@453 (line 1048)
  0x0000027b5b56d180: bcd3 b704 | 450f be47 | 3841 83f8 | 0048 8b84 | 2410 0100 | 000f 850a | 4a00 004c | 8b84 2418 
  0x0000027b5b56d1a0: 0100 004d | 8bd0 49c1 | ea03 4489 | 500c 488b | d049 33d0 | 48c1 ea16 | 4883 fa00 | 0f85 034a 
  0x0000027b5b56d1c0: 0000 488b | 9424 2001 | 0000 483b | 024c 8bc2 

  0x0000027b5b56d1d0: ;   {metadata(method data for {method} {0x0000027b02e70f20} 'm_91383_' '(Z)V' in 'net/minecraft/client/Minecraft')}
  0x0000027b5b56d1d0: 48be a0c3 | f82e 7b02 | 0000 4883 | 86b0 0a00 | 0001 4c8b 

  0x0000027b5b56d1e4: ;   {optimized virtual_call}
  0x0000027b5b56d1e4: c066 90e8 

  0x0000027b5b56d1e8: ; ImmutableOopMap {[256]=Oop [200]=Oop }
                      ;*invokevirtual m_94920_ {reexecute=0 rethrow=0 return_oop=0}
                      ; - net.minecraft.client.Minecraft::m_91383_@456 (line 1048)
  0x0000027b5b56d1e8: 14d0 3d06 | 488b 9424 | c800 0000 | 8bb2 9801 | 0000 48c1 | e603 4883 | fe00 0f84 | 2900 0000 
  0x0000027b5b56d208: ;   {metadata('net/minecraft/util/profiling/InactiveProfiler')}
  0x0000027b5b56d208: 48b9 c8eb | d400 0800 | 0000 8b46 | 0849 ba00 | 0000 0008 | 0000 0049 | 03c2 483b | 4838 0f85 
  0x0000027b5b56d228: b649 0000 | e900 0000 | 0048 8bfe 

  0x0000027b5b56d234: ; implicit exception: dispatches to 0x0000027b5b571be7
                      ;   {metadata(method data for {method} {0x0000027b02e70f20} 'm_91383_' '(Z)V' in 'net/minecraft/client/Minecraft')}
  0x0000027b5b56d234: 483b 0648 | bfa0 c3f8 | 2e7b 0200 | 0048 8387 | e80a 0000 

  0x0000027b5b56d248: ;   {metadata(method data for {method} {0x0000027b0da5c520} 'm_7238_' '()V' in 'net/minecraft/util/profiling/InactiveProfiler')}
  0x0000027b5b56d248: 0148 be20 | 9ec9 2d7b | 0200 008b | becc 0000 | 0083 c702 | 89be cc00 | 0000 81e7 | feff 1f00 
  0x0000027b5b56d268: 83ff 000f | 847b 4900 | 000f be72 | 6583 fe00 

  0x0000027b5b56d278: ;   {metadata(method data for {method} {0x0000027b02e70f20} 'm_91383_' '(Z)V' in 'net/minecraft/client/Minecraft')}
  0x0000027b5b56d278: 48be a0c3 | f82e 7b02 | 0000 48c7 | c708 0b00 | 000f 8407 | 0000 0048 | c7c7 180b | 0000 488b 
  0x0000027b5b56d298: 1c3e 488d | 5b01 4889 | 1c3e 0f84 | 1a00 0000 | c5fa 1042 

  0x0000027b5b56d2ac: ;   {metadata(method data for {method} {0x0000027b02e70f20} 'm_91383_' '(Z)V' in 'net/minecraft/client/Minecraft')}
  0x0000027b5b56d2ac: 5448 bea0 | c3f8 2e7b | 0200 00ff | 8628 0b00 | 00e9 0f00 | 0000 8bb2 | 8800 0000 | 48c1 e603 
  0x0000027b5b56d2cc: ; implicit exception: dispatches to 0x0000027b5b571c0d
  0x0000027b5b56d2cc: c5fa 1046 

  0x0000027b5b56d2d0: ;   {metadata(method data for {method} {0x0000027b02e70f20} 'm_91383_' '(Z)V' in 'net/minecraft/client/Minecraft')}
  0x0000027b5b56d2d0: 0c48 bea0 | c3f8 2e7b | 0200 0048 | 8386 400b | 0000 010f 

  0x0000027b5b56d2e4: ;   {static_call}
  0x0000027b5b56d2e4: 1f40 00e8 

  0x0000027b5b56d2e8: ; ImmutableOopMap {[256]=Oop [200]=Oop }
                      ;*invokestatic onRenderTickEnd {reexecute=0 rethrow=0 return_oop=0}
                      ; - net.minecraft.client.Minecraft::m_91383_@489 (line 1050)
  0x0000027b5b56d2e8: 5458 a006 | 488b 9424 | c800 0000 | 8bb2 a001 | 0000 48c1 | e603 4883 

  0x0000027b5b56d300: ;   {metadata(method data for {method} {0x0000027b02e70f20} 'm_91383_' '(Z)V' in 'net/minecraft/client/Minecraft')}
  0x0000027b5b56d300: fe00 48be | a0c3 f82e | 7b02 0000 | 48c7 c750 | 0b00 000f | 8407 0000 | 0048 c7c7 | 600b 0000 
  0x0000027b5b56d320: 488b 043e | 488d 4001 | 4889 043e | 0f84 1806 | 0000 8bb2 | 9801 0000 | 48c1 e603 | 4883 fe00 
  0x0000027b5b56d340: 0f84 2900 

  0x0000027b5b56d344: ;   {metadata('net/minecraft/util/profiling/InactiveProfiler')}
  0x0000027b5b56d344: 0000 48bb | c8eb d400 | 0800 0000 | 8b4e 0849 | ba00 0000 | 0008 0000 | 0049 03ca | 483b 5938 
  0x0000027b5b56d364: 0f85 a848 | 0000 e900 | 0000 0048 | 8bfe 483b 

  0x0000027b5b56d374: ;   {metadata(method data for {method} {0x0000027b02e70f20} 'm_91383_' '(Z)V' in 'net/minecraft/client/Minecraft')}
  0x0000027b5b56d374: 0648 bfa0 | c3f8 2e7b 

  0x0000027b5b56d37c: ;   {metadata('net/minecraft/util/profiling/InactiveProfiler')}
  0x0000027b5b56d37c: 0200 0049 | bac8 ebd4 | 0008 0000 | 004c 8997 | 800b 0000 | 4883 8788 | 0b00 0001 

  0x0000027b5b56d398: ;   {metadata(method data for {method} {0x0000027b0da5c328} 'm_6180_' '(Ljava/lang/String;)V' in 'net/minecraft/util/profiling/InactiveProfiler')}
  0x0000027b5b56d398: 48be 20da | ca2d 7b02 | 0000 8bbe | cc00 0000 | 83c7 0289 | becc 0000 | 0081 e7fe | ff1f 0083 
  0x0000027b5b56d3b8: ff00 0f84 | 5c48 0000 

  0x0000027b5b56d3c0: ;   {metadata('com/mojang/blaze3d/vertex/PoseStack')}
  0x0000027b5b56d3c0: 48ba f89f | d000 0800 | 0000 498b | 8708 0100 | 0048 8d78 | 1049 3bbf | 1801 0000 | 0f87 5b48 
  0x0000027b5b56d3e0: 0000 4989 | bf08 0100 | 0048 c700 | 0100 0000 | 488b ca49 | ba00 0000 | 0008 0000 | 0049 2bca 
  0x0000027b5b56d400: 8948 0848 | 33c9 8948 | 0c48 33c9 

  0x0000027b5b56d40c: ;   {metadata(method data for {method} {0x0000027b02e70f20} 'm_91383_' '(Z)V' in 'net/minecraft/client/Minecraft')}
  0x0000027b5b56d40c: 488b d048 | bea0 c3f8 | 2e7b 0200 | 0048 8386 | a80b 0000 

  0x0000027b5b56d420: ;   {metadata(method data for {method} {0x0000027b0d8e9e18} '<init>' '()V' in 'com/mojang/blaze3d/vertex/PoseStack')}
  0x0000027b5b56d420: 0148 baf0 | c2ed 2d7b | 0200 008b | b2cc 0000 | 0083 c602 | 89b2 cc00 | 0000 81e6 | feff 1f00 
  0x0000027b5b56d440: 83fe 000f | 8401 4800 | 0048 8bd0 

  0x0000027b5b56d44c: ;   {metadata(method data for {method} {0x0000027b0d8e9e18} '<init>' '()V' in 'com/mojang/blaze3d/vertex/PoseStack')}
  0x0000027b5b56d44c: 48be f0c2 | ed2d 7b02 | 0000 4883 | 8610 0100 

  0x0000027b5b56d45c: ;   {metadata(method data for {method} {0x0000027b00000518} '<init>' '()V' in 'java/lang/Object')}
  0x0000027b5b56d45c: 0001 48ba | 686b 2000 | 7b02 0000 | 8bb2 cc00 | 0000 83c6 | 0289 b2cc | 0000 0081 | e6fe ff1f 
  0x0000027b5b56d47c: 0083 fe00 | 0f84 e547 

  0x0000027b5b56d484: ;   {metadata(method data for {method} {0x0000027b0d8e9e18} '<init>' '()V' in 'com/mojang/blaze3d/vertex/PoseStack')}
  0x0000027b5b56d484: 0000 48ba | f0c2 ed2d | 7b02 0000 | 4883 8220 | 0100 0001 

  0x0000027b5b56d498: ;   {metadata(method data for {method} {0x0000027b0d709a18} 'newArrayDeque' '()Ljava/util/ArrayDeque;' in 'com/google/common/collect/Queues')}
  0x0000027b5b56d498: 48ba 780a | ed2d 7b02 | 0000 8bb2 | cc00 0000 | 83c6 0289 | b2cc 0000 | 0081 e6fe | ff1f 0083 
  0x0000027b5b56d4b8: fe00 0f84 | cc47 0000 

  0x0000027b5b56d4c0: ;   {metadata('java/util/ArrayDeque')}
  0x0000027b5b56d4c0: 48ba 5060 | 0200 0800 | 0000 4889 | 8424 2801 | 0000 498b | 8708 0100 | 0048 8d78 | 1849 3bbf 
  0x0000027b5b56d4e0: 1801 0000 | 0f87 c347 | 0000 4989 | bf08 0100 | 0048 c700 | 0100 0000 | 488b ca49 | ba00 0000 
  0x0000027b5b56d500: 0008 0000 | 0049 2bca | 8948 0848 | 33c9 8948 | 0c48 33c9 | 4889 4810 

  0x0000027b5b56d518: ;   {metadata(method data for {method} {0x0000027b0d709a18} 'newArrayDeque' '()Ljava/util/ArrayDeque;' in 'com/google/common/collect/Queues')}
  0x0000027b5b56d518: 488b d848 | ba78 0aed | 2d7b 0200 | 0048 8382 | 1001 0000 

  0x0000027b5b56d52c: ;   {metadata(method data for {method} {0x0000027b0033b6b8} '<init>' '()V' in 'java/util/ArrayDeque')}
  0x0000027b5b56d52c: 0148 bbb0 | 1089 007b | 0200 008b | 93cc 0000 | 0083 c202 | 8993 cc00 | 0000 81e2 | feff 1f00 
  0x0000027b5b56d54c: 83fa 000f | 8465 4700 | 0048 8bd8 

  0x0000027b5b56d558: ;   {metadata(method data for {method} {0x0000027b0033b6b8} '<init>' '()V' in 'java/util/ArrayDeque')}
  0x0000027b5b56d558: 48ba b010 | 8900 7b02 | 0000 4883 | 8210 0100 

  0x0000027b5b56d568: ;   {metadata(method data for {method} {0x0000027b00102bf8} '<init>' '()V' in 'java/util/AbstractCollection')}
  0x0000027b5b56d568: 0001 48bb | d078 3200 | 7b02 0000 | 8b93 cc00 | 0000 83c2 | 0289 93cc | 0000 0081 | e2fe ff1f 
  0x0000027b5b56d588: 0083 fa00 | 0f84 4947 | 0000 488b 

  0x0000027b5b56d594: ;   {metadata(method data for {method} {0x0000027b00102bf8} '<init>' '()V' in 'java/util/AbstractCollection')}
  0x0000027b5b56d594: d848 bad0 | 7832 007b | 0200 0048 | 8382 1001 

  0x0000027b5b56d5a4: ;   {metadata(method data for {method} {0x0000027b00000518} '<init>' '()V' in 'java/lang/Object')}
  0x0000027b5b56d5a4: 0000 0148 | bb68 6b20 | 007b 0200 | 008b 93cc | 0000 0083 | c202 8993 | cc00 0000 | 81e2 feff 
  0x0000027b5b56d5c4: 1f00 83fa | 000f 842d | 4700 00bb | 1100 0000 

  0x0000027b5b56d5d4: ;   {metadata('java/lang/Object'[])}
  0x0000027b5b56d5d4: 48ba 5076 | 0500 0800 | 0000 4c8b | d848 63db | 488b fb48 | 81fb ffff | ff00 0f87 | 2947 0000 
  0x0000027b5b56d5f4: 48be 1700 | 0000 0000 | 0000 488d | 349e 4883 | e6f8 498b | 8708 0100 | 0048 8d34 | 3049 3bb7 
  0x0000027b5b56d614: 1801 0000 | 0f87 ff46 | 0000 4989 | b708 0100 | 0048 2bf0 | 48c7 0001 | 0000 0048 | 8bca 49ba 
  0x0000027b5b56d634: 0000 0000 | 0800 0000 | 492b ca89 | 4808 8958 | 0c48 83ee | 100f 841a | 0000 0048 | 85f6 0f84 
  0x0000027b5b56d654: 1100 0000 | 4833 db48 | c1ee 0348 | 895c f008 | 48ff ce75 | f641 0fbe | 5738 83fa | 000f 85b0 
  0x0000027b5b56d674: 4600 004c | 8bd0 49c1 | ea03 4589 | 5314 498b | d348 33d0 | 48c1 ea16 | 4883 fa00 | 0f85 b146 
  0x0000027b5b56d694: ;   {metadata(method data for {method} {0x0000027b003f9df8} 'linkToTargetMethod' '(Ljava/lang/Object;)Ljava/lang/Object;' in 'java/lang/invoke/Invokers$Holder')}
  0x0000027b5b56d694: 0000 48ba | d8f0 5200 | 7b02 0000 | 488d 92e8 

  0x0000027b5b56d6a4: ;   {oop(a 'java/lang/invoke/BoundMethodHandle$Species_L'{0x000000062100d700})}
  0x0000027b5b56d6a4: 0100 0048 | be00 d700 | 2106 0000 | 0048 85f6 | 750e 48f7 | 0201 0000 | 0075 05f0 | 4883 0a01 
  0x0000027b5b56d6c4: ;   {metadata(method data for {method} {0x0000027b0d8e9e18} '<init>' '()V' in 'com/mojang/blaze3d/vertex/PoseStack')}
  0x0000027b5b56d6c4: 48ba f0c2 | ed2d 7b02 | 0000 4883 | 8230 0100 

  0x0000027b5b56d6d4: ;   {metadata(method data for {method} {0x0000027b003f9df8} 'linkToTargetMethod' '(Ljava/lang/Object;)Ljava/lang/Object;' in 'java/lang/invoke/Invokers$Holder')}
  0x0000027b5b56d6d4: 0001 48ba | d8f0 5200 | 7b02 0000 | 8bba cc00 | 0000 83c7 | 0289 bacc | 0000 0081 | e7fe ff1f 
  0x0000027b5b56d6f4: 0083 ff00 | 0f84 6146 

  0x0000027b5b56d6fc: ;   {metadata(method data for {method} {0x0000027b00500270} 'invoke' '(Ljava/lang/Object;)Ljava/lang/Object;' in 'java/lang/invoke/LambdaForm$MH+0x0000000800000400')}
  0x0000027b5b56d6fc: 0000 48ba | 8804 5000 | 7b02 0000 | 488d 92a0 | 0100 0048 | 85f6 750e | 48f7 0201 | 0000 0075 
  0x0000027b5b56d71c: 05f0 4883 

  0x0000027b5b56d720: ;   {metadata(method data for {method} {0x0000027b003f9df8} 'linkToTargetMethod' '(Ljava/lang/Object;)Ljava/lang/Object;' in 'java/lang/invoke/Invokers$Holder')}
  0x0000027b5b56d720: 0a01 48ba | d8f0 5200 | 7b02 0000 | 4883 8248 | 0100 0001 

  0x0000027b5b56d734: ;   {metadata(method data for {method} {0x0000027b00500270} 'invoke' '(Ljava/lang/Object;)Ljava/lang/Object;' in 'java/lang/invoke/LambdaForm$MH+0x0000000800000400')}
  0x0000027b5b56d734: 48ba 8804 | 5000 7b02 | 0000 8bb2 | cc00 0000 | 83c6 0289 | b2cc 0000 | 0081 e6fe | ff1f 0083 
  0x0000027b5b56d754: fe00 0f84 | 2446 0000 

  0x0000027b5b56d75c: ;   {metadata(method data for {method} {0x0000027b003f9df8} 'linkToTargetMethod' '(Ljava/lang/Object;)Ljava/lang/Object;' in 'java/lang/invoke/Invokers$Holder')}
  0x0000027b5b56d75c: 48ba d8f0 | 5200 7b02 | 0000 488d | 9280 0100 

  0x0000027b5b56d76c: ;   {oop(a 'com/mojang/blaze3d/vertex/PoseStack$$Lambda$4050+0x0000000800d484c8'{0x000000062100d720})}
  0x0000027b5b56d76c: 0048 be20 | d700 2106 | 0000 0048 | 85f6 750e | 48f7 0201 | 0000 0075 | 05f0 4883 

  0x0000027b5b56d788: ;   {metadata(method data for {method} {0x0000027b0d8e9e18} '<init>' '()V' in 'com/mojang/blaze3d/vertex/PoseStack')}
  0x0000027b5b56d788: 0a01 48ba | f0c2 ed2d | 7b02 0000 | 488d 9240 | 0100 0048 | 85f6 750e | 48f7 0201 | 0000 0075 
  0x0000027b5b56d7a8: 05f0 4883 

  0x0000027b5b56d7ac: ;   {metadata(method data for {method} {0x0000027b0d8e9e18} '<init>' '()V' in 'com/mojang/blaze3d/vertex/PoseStack')}
  0x0000027b5b56d7ac: 0a01 48ba | f0c2 ed2d | 7b02 0000 | 4883 8250 | 0100 0001 

  0x0000027b5b56d7c0: ;   {metadata(method data for {method} {0x0000027b02a85ef8} 'm_137469_' '(Ljava/lang/Object;Ljava/util/function/Consumer;)Ljava/lang/Object;' in 'net/minecraft/Util')}
  0x0000027b5b56d7c0: 48ba 1807 | 8f2c 7b02 | 0000 8bba | cc00 0000 | 83c7 0289 | bacc 0000 | 0081 e7fe | ff1f 0083 
  0x0000027b5b56d7e0: ff00 0f84 | b945 0000 

  0x0000027b5b56d7e8: ;   {metadata(method data for {method} {0x0000027b02a85ef8} 'm_137469_' '(Ljava/lang/Object;Ljava/util/function/Consumer;)Ljava/lang/Object;' in 'net/minecraft/Util')}
  0x0000027b5b56d7e8: 48ba 1807 | 8f2c 7b02 

  0x0000027b5b56d7f0: ;   {metadata(method data for {method} {0x0000027b0da430a0} 'accept' '(Ljava/lang/Object;)V' in 'com/mojang/blaze3d/vertex/PoseStack$$Lambda$4050+0x0000000800d484c8')}
  0x0000027b5b56d7f0: 0000 48ba | c8c4 ed2d | 7b02 0000 | 8bb2 cc00 | 0000 83c6 | 0289 b2cc | 0000 0081 | e6fe ff1f 
  0x0000027b5b56d810: 0083 fe00 | 0f84 a845 

  0x0000027b5b56d818: ;   {metadata(method data for {method} {0x0000027b0da430a0} 'accept' '(Ljava/lang/Object;)V' in 'com/mojang/blaze3d/vertex/PoseStack$$Lambda$4050+0x0000000800d484c8')}
  0x0000027b5b56d818: 0000 48ba | c8c4 ed2d | 7b02 0000 | 4883 8248 | 0100 0001 | 498b d34c | 899c 2430 

  0x0000027b5b56d834: ;   {static_call}
  0x0000027b5b56d834: 0100 00e8 

  0x0000027b5b56d838: ; ImmutableOopMap {[256]=Oop [304]=Oop [200]=Oop [296]=Oop }
                      ;*invokestatic m_85847_ {reexecute=0 rethrow=0 return_oop=0}
                      ; - com.mojang.blaze3d.vertex.PoseStack$$Lambda$4050/0x0000000800d484c8::accept@4
                      ; - net.minecraft.Util::m_137469_@2 (line 351)
                      ; - com.mojang.blaze3d.vertex.PoseStack::<init>@13 (line 13)
                      ; - net.minecraft.client.Minecraft::m_91383_@516 (line 1055)
  0x0000027b5b56d838: 4441 a002 | 450f be47 | 3841 83f8 | 0048 8b84 | 2428 0100 | 000f 8590 | 4500 004c | 8b84 2430 
  0x0000027b5b56d858: 0100 004d | 8bd0 49c1 | ea03 4489 | 500c 4c8b | c84d 33c8 | 49c1 e916 | 4983 f900 | 0f85 8945 
  0x0000027b5b56d878: 0000 488b | 9424 c800 | 0000 448b | 8aa0 0100 | 0049 c1e1 | 034c 8bc2 

  0x0000027b5b56d890: ;   {metadata(method data for {method} {0x0000027b02e70f20} 'm_91383_' '(Z)V' in 'net/minecraft/client/Minecraft')}
  0x0000027b5b56d890: 48be a0c3 | f82e 7b02 | 0000 4883 | 86b8 0b00 | 0001 4c8b | c048 8bf2 | 488b d60f 

  0x0000027b5b56d8ac: ;   {optimized virtual_call}
  0x0000027b5b56d8ac: 1f40 00e8 

  0x0000027b5b56d8b0: ; ImmutableOopMap {[256]=Oop [200]=Oop }
                      ;*invokevirtual m_91140_ {reexecute=0 rethrow=0 return_oop=0}
                      ; - net.minecraft.client.Minecraft::m_91383_@523 (line 1055)
  0x0000027b5b56d8b0: cc3a a002 | 488b 9424 | c800 0000 | 8bb2 9801 | 0000 48c1 | e603 4883 | fe00 0f84 | 2900 0000 
  0x0000027b5b56d8d0: ;   {metadata('net/minecraft/util/profiling/InactiveProfiler')}
  0x0000027b5b56d8d0: 48b9 c8eb | d400 0800 | 0000 8b46 | 0849 ba00 | 0000 0008 | 0000 0049 | 03c2 483b | 4838 0f85 
  0x0000027b5b56d8f0: 2745 0000 | e900 0000 | 0048 8bfe 

  0x0000027b5b56d8fc: ; implicit exception: dispatches to 0x0000027b5b571e20
                      ;   {metadata(method data for {method} {0x0000027b02e70f20} 'm_91383_' '(Z)V' in 'net/minecraft/client/Minecraft')}
  0x0000027b5b56d8fc: 483b 0648 | bfa0 c3f8 | 2e7b 0200 

  0x0000027b5b56d908: ;   {metadata('net/minecraft/util/profiling/InactiveProfiler')}
  0x0000027b5b56d908: 0049 bac8 | ebd4 0008 | 0000 004c | 8997 000c | 0000 4883 | 8708 0c00 

  0x0000027b5b56d920: ;   {metadata(method data for {method} {0x0000027b0da5c520} 'm_7238_' '()V' in 'net/minecraft/util/profiling/InactiveProfiler')}
  0x0000027b5b56d920: 0001 48be | 209e c92d | 7b02 0000 | 8bbe cc00 | 0000 83c7 | 0289 becc | 0000 0081 | e7fe ff1f 
  0x0000027b5b56d940: 0083 ff00 | 0f84 db44 | 0000 8bb2 | 9801 0000 | 48c1 e603 | 4883 fe00 | 0f84 2900 

  0x0000027b5b56d95c: ;   {metadata('net/minecraft/util/profiling/InactiveProfiler')}
  0x0000027b5b56d95c: 0000 49b8 | c8eb d400 | 0800 0000 | 8b4e 0849 | ba00 0000 | 0008 0000 | 0049 03ca | 4c3b 4138 
  0x0000027b5b56d97c: 0f85 c444 | 0000 e900 | 0000 0048 | 8bde 483b 

  0x0000027b5b56d98c: ;   {metadata(method data for {method} {0x0000027b02e70f20} 'm_91383_' '(Z)V' in 'net/minecraft/client/Minecraft')}
  0x0000027b5b56d98c: 0648 bba0 | c3f8 2e7b | 0200 0048 | 8383 400c 

  0x0000027b5b56d99c: ;   {metadata(method data for {method} {0x0000027b0da5c328} 'm_6180_' '(Ljava/lang/String;)V' in 'net/minecraft/util/profiling/InactiveProfiler')}
  0x0000027b5b56d99c: 0000 0148 | be20 daca | 2d7b 0200 | 008b 9ecc | 0000 0083 | c302 899e | cc00 0000 | 81e3 feff 
  0x0000027b5b56d9bc: 1f00 83fb | 000f 8489 | 4400 008b | b200 0100 | 0048 c1e6 | 0348 3b06 

  0x0000027b5b56d9d4: ;   {metadata(method data for {method} {0x0000027b02e70f20} 'm_91383_' '(Z)V' in 'net/minecraft/client/Minecraft')}
  0x0000027b5b56d9d4: 488b de48 | b8a0 c3f8 | 2e7b 0200 | 008b 5b08 | 49ba 0000 | 0000 0800 | 0000 4903 | da48 3b98 
  0x0000027b5b56d9f4: 700c 0000 | 750d 4883 | 8078 0c00 | 0001 e966 | 0000 0048 | 3b98 800c | 0000 750d | 4883 8088 
  0x0000027b5b56da14: 0c00 0001 | e950 0000 | 0048 81b8 | 700c 0000 | 0000 0000 | 7517 4889 | 9870 0c00 | 0048 c780 
  0x0000027b5b56da34: 780c 0000 | 0100 0000 | e92c 0000 | 0048 81b8 | 800c 0000 | 0000 0000 | 7517 4889 | 9880 0c00 
  0x0000027b5b56da54: 0048 c780 | 880c 0000 | 0100 0000 | e908 0000 | 0048 8380 | 600c 0000 | 0148 8bd6 | 0f1f 4400 
  0x0000027b5b56da74: 0048 b8c8 | e86b 0008 

  0x0000027b5b56da7c: ;   {virtual_call}
  0x0000027b5b56da7c: 0000 00e8 

  0x0000027b5b56da80: ; ImmutableOopMap {[256]=Oop [200]=Oop }
                      ;*invokevirtual m_83970_ {reexecute=0 rethrow=0 return_oop=0}
                      ; - net.minecraft.client.Minecraft::m_91383_@551 (line 1060)
  0x0000027b5b56da80: 1c42 4406 | 488b bc24 | 0001 0000 

  0x0000027b5b56da8c: ;   {metadata(method data for {method} {0x0000027b02e70f20} 'm_91383_' '(Z)V' in 'net/minecraft/client/Minecraft')}
  0x0000027b5b56da8c: 48ba a0c3 | f82e 7b02 | 0000 4883 | 82b0 0c00 

  0x0000027b5b56da9c: ;   {metadata(method data for {method} {0x0000027b0d8ea160} 'm_85849_' '()V' in 'com/mojang/blaze3d/vertex/PoseStack')}
  0x0000027b5b56da9c: 0001 48ba | b0a5 eb2d | 7b02 0000 | 8bb2 cc00 | 0000 83c6 | 0289 b2cc | 0000 0081 | e6fe ff1f 
  0x0000027b5b56dabc: 0083 fe00 | 0f84 b043 | 0000 488b | bc24 0001 | 0000 8b57 | 0c48 c1e2 | 0348 3b02 

  0x0000027b5b56dad8: ;   {metadata(method data for {method} {0x0000027b0d8ea160} 'm_85849_' '()V' in 'com/mojang/blaze3d/vertex/PoseStack')}
  0x0000027b5b56dad8: 488b f248 | bbb0 a5eb | 2d7b 0200 | 008b 7608 | 49ba 0000 | 0000 0800 | 0000 4903 | f248 3bb3 
  0x0000027b5b56daf8: 2001 0000 | 750d 4883 | 8328 0100 | 0001 e966 | 0000 0048 | 3bb3 3001 | 0000 750d | 4883 8338 
  0x0000027b5b56db18: 0100 0001 | e950 0000 | 0048 81bb | 2001 0000 | 0000 0000 | 7517 4889 | b320 0100 | 0048 c783 
  0x0000027b5b56db38: 2801 0000 | 0100 0000 | e92c 0000 | 0048 81bb | 3001 0000 | 0000 0000 | 7517 4889 | b330 0100 
  0x0000027b5b56db58: 0048 c783 | 3801 0000 | 0100 0000 | e908 0000 | 0048 8383 | 1001 0000 | 010f 1f40 | 0048 b850 
  0x0000027b5b56db78: 6002 0008 

  0x0000027b5b56db7c: ;   {virtual_call}
  0x0000027b5b56db7c: 0000 00e8 

  0x0000027b5b56db80: ; ImmutableOopMap {[200]=Oop [256]=Oop }
                      ;*invokeinterface removeLast {reexecute=0 rethrow=0 return_oop=0}
                      ; - com.mojang.blaze3d.vertex.PoseStack::m_85849_@4 (line 61)
                      ; - net.minecraft.client.Minecraft::m_91383_@556 (line 1061)
  0x0000027b5b56db80: 7c66 be03 | 488b bc24 | 0001 0000 

  0x0000027b5b56db8c: ;   {metadata(method data for {method} {0x0000027b02e70f20} 'm_91383_' '(Z)V' in 'net/minecraft/client/Minecraft')}
  0x0000027b5b56db8c: 48ba a0c3 | f82e 7b02 | 0000 4883 | 82e8 0c00 | 0001 488b | 9424 0001 

  0x0000027b5b56dba4: ;   {optimized virtual_call}
  0x0000027b5b56dba4: 0000 90e8 

  0x0000027b5b56dba8: ; ImmutableOopMap {[200]=Oop [256]=Oop }
                      ;*invokevirtual m_85836_ {reexecute=0 rethrow=0 return_oop=0}
                      ; - net.minecraft.client.Minecraft::m_91383_@561 (line 1062)
  0x0000027b5b56dba8: d453 1905 

  0x0000027b5b56dbac: ;   {metadata(method data for {method} {0x0000027b02e70f20} 'm_91383_' '(Z)V' in 'net/minecraft/client/Minecraft')}
  0x0000027b5b56dbac: 48be a0c3 | f82e 7b02 | 0000 4883 | 8608 0d00 

  0x0000027b5b56dbbc: ;   {static_call}
  0x0000027b5b56dbbc: 0001 90e8 

  0x0000027b5b56dbc0: ; ImmutableOopMap {[200]=Oop [256]=Oop }
                      ;*invokestatic m_157182_ {reexecute=0 rethrow=0 return_oop=0}
                      ; - net.minecraft.client.Minecraft::m_91383_@564 (line 1063)
  0x0000027b5b56dbc0: 7cde f604 | 488b 9424 | c800 0000 | 8bb2 0001 | 0000 48c1 | e603 448b | 8284 0000 | 0049 c1e0 
  0x0000027b5b56dbe0: 0349 3b00 

  0x0000027b5b56dbe4: ;   {metadata(method data for {method} {0x0000027b02e70f20} 'm_91383_' '(Z)V' in 'net/minecraft/client/Minecraft')}
  0x0000027b5b56dbe4: 4d8b c848 | bfa0 c3f8 | 2e7b 0200 | 0048 8387 | 180d 0000 | 0145 8b48 | 3c49 8bf8 

  0x0000027b5b56dc00: ;   {metadata(method data for {method} {0x0000027b02e70f20} 'm_91383_' '(Z)V' in 'net/minecraft/client/Minecraft')}
  0x0000027b5b56dc00: 48bb a0c3 | f82e 7b02 | 0000 4883 | 8350 0d00 | 0001 418b | 7840 483b | 064c 8bc6 

  0x0000027b5b56dc1c: ;   {metadata(method data for {method} {0x0000027b02e70f20} 'm_91383_' '(Z)V' in 'net/minecraft/client/Minecraft')}
  0x0000027b5b56dc1c: 48bb a0c3 | f82e 7b02 | 0000 458b | 4008 49ba | 0000 0000 | 0800 0000 | 4d03 c24c | 3b83 980d 
  0x0000027b5b56dc3c: 0000 750d | 4883 83a0 | 0d00 0001 | e966 0000 | 004c 3b83 | a80d 0000 | 750d 4883 | 83b0 0d00 
  0x0000027b5b56dc5c: 0001 e950 | 0000 0048 | 81bb 980d | 0000 0000 | 0000 7517 | 4c89 8398 | 0d00 0048 | c783 a00d 
  0x0000027b5b56dc7c: 0000 0100 | 0000 e92c | 0000 0048 | 81bb a80d | 0000 0000 | 0000 7517 | 4c89 83a8 | 0d00 0048 
  0x0000027b5b56dc9c: c783 b00d | 0000 0100 | 0000 e908 | 0000 0048 | 8383 880d 

  0x0000027b5b56dcb0: ;   {metadata(method data for {method} {0x0000027b02fd4670} 'm_83938_' '(II)V' in 'com/mojang/blaze3d/pipeline/RenderTarget')}
  0x0000027b5b56dcb0: 0000 0149 | b840 aef9 | 2e7b 0200 | 0041 8b98 | cc00 0000 | 83c3 0241 | 8998 cc00 | 0000 81e3 
  0x0000027b5b56dcd0: feff 1f00 | 83fb 000f | 84c9 4100 | 004c 8bc6 

  0x0000027b5b56dce0: ;   {metadata(method data for {method} {0x0000027b02fd4670} 'm_83938_' '(II)V' in 'com/mojang/blaze3d/pipeline/RenderTarget')}
  0x0000027b5b56dce0: 48bb 40ae | f92e 7b02 | 0000 458b | 4008 49ba | 0000 0000 | 0800 0000 | 4d03 c24c | 3b83 2001 
  0x0000027b5b56dd00: 0000 750d | 4883 8328 | 0100 0001 | e966 0000 | 004c 3b83 | 3001 0000 | 750d 4883 | 8338 0100 
  0x0000027b5b56dd20: 0001 e950 | 0000 0048 | 81bb 2001 | 0000 0000 | 0000 7517 | 4c89 8320 | 0100 0048 | c783 2801 
  0x0000027b5b56dd40: 0000 0100 | 0000 e92c | 0000 0048 | 81bb 3001 | 0000 0000 | 0000 7517 | 4c89 8330 | 0100 0048 
  0x0000027b5b56dd60: c783 3801 | 0000 0100 | 0000 e908 | 0000 0048 | 8383 1001 | 0000 014d | 8bc1 4c8b | cfbf 0100 
  0x0000027b5b56dd80: 0000 488b 

  0x0000027b5b56dd84: ;   {optimized virtual_call}
  0x0000027b5b56dd84: d666 90e8 

  0x0000027b5b56dd88: ; ImmutableOopMap {[256]=Oop [200]=Oop }
                      ;*invokevirtual m_83957_ {reexecute=0 rethrow=0 return_oop=0}
                      ; - com.mojang.blaze3d.pipeline.RenderTarget::m_83938_@4 (line 227)
                      ; - net.minecraft.client.Minecraft::m_91383_@585 (line 1064)
  0x0000027b5b56dd88: 34a0 4506 

  0x0000027b5b56dd8c: ;   {metadata('org/spongepowered/asm/mixin/injection/callback/CallbackInfo')}
  0x0000027b5b56dd8c: 48ba d82d | 5f00 0800 | 0000 498b | 8708 0100 | 0048 8d78 | 1849 3bbf | 1801 0000 | 0f87 1941 
  0x0000027b5b56ddac: 0000 4989 | bf08 0100 | 0048 c700 | 0100 0000 | 488b ca49 | ba00 0000 | 0008 0000 | 0049 2bca 
  0x0000027b5b56ddcc: 8948 0848 | 33c9 8948 | 0c48 33c9 | 4889 4810 

  0x0000027b5b56dddc: ;   {metadata(method data for {method} {0x0000027b02e70f20} 'm_91383_' '(Z)V' in 'net/minecraft/client/Minecraft')}
  0x0000027b5b56dddc: 488b f048 | bfa0 c3f8 | 2e7b 0200 | 0048 8387 | c00d 0000 

  0x0000027b5b56ddf0: ;   {metadata(method data for {method} {0x0000027b02a50db0} '<init>' '(Ljava/lang/String;Z)V' in 'org/spongepowered/asm/mixin/injection/callback/CallbackInfo')}
  0x0000027b5b56ddf0: 0148 be38 | 2e08 037b | 0200 008b | becc 0000 | 0083 c702 | 89be cc00 | 0000 81e7 | feff 1f00 
  0x0000027b5b56de10: 83ff 000f | 84bb 4000 | 0048 8bf0 

  0x0000027b5b56de1c: ;   {metadata(method data for {method} {0x0000027b02a50db0} '<init>' '(Ljava/lang/String;Z)V' in 'org/spongepowered/asm/mixin/injection/callback/CallbackInfo')}
  0x0000027b5b56de1c: 48bf 382e | 0803 7b02 | 0000 4883 | 8710 0100 

  0x0000027b5b56de2c: ;   {metadata(method data for {method} {0x0000027b00000518} '<init>' '()V' in 'java/lang/Object')}
  0x0000027b5b56de2c: 0001 48be | 686b 2000 | 7b02 0000 | 8bbe cc00 | 0000 83c7 | 0289 becc | 0000 0081 | e7fe ff1f 
  0x0000027b5b56de4c: 0083 ff00 | 0f84 9f40 

  0x0000027b5b56de54: ;   {oop("m_91383_"{0x000000060a7b9100})}
  0x0000027b5b56de54: 0000 48be | 0091 7b0a | 0600 0000 | 410f be77 | 3883 fe00 | 0f85 a840 

  0x0000027b5b56de6c: ;   {oop("m_91383_"{0x000000060a7b9100})}
  0x0000027b5b56de6c: 0000 49ba | 0091 7b0a | 0600 0000 | 49c1 ea03 | 4489 5010 

  0x0000027b5b56de80: ;   {oop("m_91383_"{0x000000060a7b9100})}
  0x0000027b5b56de80: 48be 0091 | 7b0a 0600 | 0000 488b | f848 33fe | 48c1 ef16 | 4883 ff00 | 0f85 9740 | 0000 488b 
  0x0000027b5b56dea0: 9424 c800 

  0x0000027b5b56dea4: ;   {metadata(method data for {method} {0x0000027b02e70f20} 'm_91383_' '(Z)V' in 'net/minecraft/client/Minecraft')}
  0x0000027b5b56dea4: 0000 48be | a0c3 f82e | 7b02 0000 | 4883 86d0 | 0d00 0001 

  0x0000027b5b56deb8: ;   {metadata(method data for {method} {0x0000027b02e7f498} 'handler$cfh000$inject$blitToScreen' '(ZLorg/spongepowered/asm/mixin/injection/callback/CallbackInfo;)V' in 'net/minecraft/client/Minecraft')}
  0x0000027b5b56deb8: 48be 10b2 | f92e 7b02 | 0000 8bbe | cc00 0000 | 83c7 0289 | becc 0000 | 0081 e7fe | ff1f 0083 
  0x0000027b5b56ded8: ff00 0f84 | 6d40 0000 | 488b 9424 | c800 0000 | 0fbe 726e 

  0x0000027b5b56deec: ;   {metadata(method data for {method} {0x0000027b02e7f498} 'handler$cfh000$inject$blitToScreen' '(ZLorg/spongepowered/asm/mixin/injection/callback/CallbackInfo;)V' in 'net/minecraft/client/Minecraft')}
  0x0000027b5b56deec: 83fe 0048 | be10 b2f9 | 2e7b 0200 | 0048 c7c7 | 1001 0000 | 0f84 0700 | 0000 48c7 | c720 0100 
  0x0000027b5b56df0c: 0048 8b1c | 3e48 8d5b | 0148 891c | 3e0f 84d5 

  0x0000027b5b56df1c: ;   {static_call}
  0x0000027b5b56df1c: 0100 00e8 

  0x0000027b5b56df20: ; ImmutableOopMap {[256]=Oop [200]=Oop }
                      ;*invokestatic getInstance {reexecute=0 rethrow=0 return_oop=0}
                      ; - net.minecraft.client.Minecraft::handler$cfh000$inject$blitToScreen@7 (line 17878)
                      ; - net.minecraft.client.Minecraft::m_91383_@601 (line 1064)
  0x0000027b5b56df20: 5c3a a002 | 0f1f 4000 

  0x0000027b5b56df28: ;   {no_reloc}
  0x0000027b5b56df28: e950 4000 | 0090 9090 | 9090 488b | 9424 c800 | 0000 4889 | 8424 3801 | 0000 0f1f 

  0x0000027b5b56df44: ;   {static_call}
  0x0000027b5b56df44: 4400 00e8 

  0x0000027b5b56df48: ; ImmutableOopMap {[256]=Oop [200]=Oop [312]=Oop }
                      ;*invokedynamic {reexecute=0 rethrow=0 return_oop=0}
                      ; - net.minecraft.client.Minecraft::handler$cfh000$inject$blitToScreen@11 (line 17878)
                      ; - net.minecraft.client.Minecraft::m_91383_@601 (line 1064)
  0x0000027b5b56df48: 343a a002 

  0x0000027b5b56df4c: ;   {metadata(method data for {method} {0x0000027b02e7f498} 'handler$cfh000$inject$blitToScreen' '(ZLorg/spongepowered/asm/mixin/injection/callback/CallbackInfo;)V' in 'net/minecraft/client/Minecraft')}
  0x0000027b5b56df4c: 49b8 10b2 | f92e 7b02 | 0000 4d8d | 8060 0100 | 0048 85c0 | 7510 49f7 | 0001 0000 | 0075 50f0 
  0x0000027b5b56df6c: 4983 0801 | eb49 8b50 | 0849 ba00 | 0000 0008 | 0000 0049 | 03d2 4c8b | d249 3310 | 48f7 c2fc 
  0x0000027b5b56df8c: ffff ff74 | 2a48 f7c2 | 0200 0000 | 7521 49f7 | 00fe ffff | ff74 1549 | 8bd2 4933 | 1048 f7c2 
  0x0000027b5b56dfac: fcff ffff | 7409 4983 | 0802 eb03 | 4989 104c | 8b84 2438 | 0100 0049 | 3b00 498b 

  0x0000027b5b56dfc8: ;   {metadata(method data for {method} {0x0000027b02e7f498} 'handler$cfh000$inject$blitToScreen' '(ZLorg/spongepowered/asm/mixin/injection/callback/CallbackInfo;)V' in 'net/minecraft/client/Minecraft')}
  0x0000027b5b56dfc8: d048 be10 | b2f9 2e7b | 0200 0048 | 8386 7001 

  0x0000027b5b56dfd8: ;   {metadata(method data for {method} {0x0000027b002fd520} 'ifPresent' '(Ljava/util/function/Consumer;)V' in 'java/util/Optional')}
  0x0000027b5b56dfd8: 0000 0148 | ba78 0653 | 007b 0200 | 008b b2cc | 0000 0083 | c602 89b2 | cc00 0000 | 81e6 feff 
  0x0000027b5b56dff8: 1f00 83fe | 000f 8489 | 3f00 0045 | 8b40 0c49 | c1e0 0349 

  0x0000027b5b56e00c: ;   {metadata(method data for {method} {0x0000027b002fd520} 'ifPresent' '(Ljava/util/function/Consumer;)V' in 'java/util/Optional')}
  0x0000027b5b56e00c: 83f8 0048 | ba78 0653 | 007b 0200 | 0048 c7c6 | 1001 0000 | 0f84 0700 | 0000 48c7 | c620 0100 
  0x0000027b5b56e02c: 0048 8b3c | 3248 8d7f | 0148 893c | 320f 84b5 | 0000 0048 | 3b00 488b 

  0x0000027b5b56e044: ;   {metadata(method data for {method} {0x0000027b002fd520} 'ifPresent' '(Ljava/util/function/Consumer;)V' in 'java/util/Optional')}
  0x0000027b5b56e044: d048 be78 | 0653 007b | 0200 008b | 5208 49ba | 0000 0000 | 0800 0000 | 4903 d248 | 3b96 4001 
  0x0000027b5b56e064: 0000 750d | 4883 8648 | 0100 0001 | e966 0000 | 0048 3b96 | 5001 0000 | 750d 4883 | 8658 0100 
  0x0000027b5b56e084: 0001 e950 | 0000 0048 | 81be 4001 | 0000 0000 | 0000 7517 | 4889 9640 | 0100 0048 | c786 4801 
  0x0000027b5b56e0a4: 0000 0100 | 0000 e92c | 0000 0048 | 81be 5001 | 0000 0000 | 0000 7517 | 4889 9650 | 0100 0048 
  0x0000027b5b56e0c4: c786 5801 | 0000 0100 | 0000 e908 | 0000 0048 | 8386 3001 | 0000 0148 | 8bd0 0f1f | 8000 0000 
  0x0000027b5b56e0e4: 0048 b8ff | ffff ffff 

  0x0000027b5b56e0ec: ;   {virtual_call}
  0x0000027b5b56e0ec: ffff ffe8 

  0x0000027b5b56e0f0: ; ImmutableOopMap {[256]=Oop [200]=Oop }
                      ;*invokeinterface accept {reexecute=0 rethrow=0 return_oop=0}
                      ; - java.util.Optional::ifPresent@12 (line 178)
                      ; - net.minecraft.client.Minecraft::handler$cfh000$inject$blitToScreen@16 (line 17878)
                      ; - net.minecraft.client.Minecraft::m_91383_@601 (line 1064)
  0x0000027b5b56e0f0: 8c35 a002 | 488b bc24 | 0001 0000 

  0x0000027b5b56e0fc: ;   {metadata(method data for {method} {0x0000027b02e70f20} 'm_91383_' '(Z)V' in 'net/minecraft/client/Minecraft')}
  0x0000027b5b56e0fc: 488b f748 | bba0 c3f8 | 2e7b 0200 | 0048 8383 | f80d 0000 

  0x0000027b5b56e110: ;   {metadata(method data for {method} {0x0000027b0d8ea160} 'm_85849_' '()V' in 'com/mojang/blaze3d/vertex/PoseStack')}
  0x0000027b5b56e110: 0148 beb0 | a5eb 2d7b | 0200 008b | 9ecc 0000 | 0083 c302 | 899e cc00 | 0000 81e3 | feff 1f00 
  0x0000027b5b56e130: 83fb 000f | 8479 3e00 | 008b 770c | 48c1 e603 

  0x0000027b5b56e140: ; implicit exception: dispatches to 0x0000027b5b571fd3
  0x0000027b5b56e140: 483b 0648 

  0x0000027b5b56e144: ;   {metadata(method data for {method} {0x0000027b0d8ea160} 'm_85849_' '()V' in 'com/mojang/blaze3d/vertex/PoseStack')}
  0x0000027b5b56e144: 8bfe 48bb | b0a5 eb2d | 7b02 0000 | 8b7f 0849 | ba00 0000 | 0008 0000 | 0049 03fa | 483b bb20 
  0x0000027b5b56e164: 0100 0075 | 0d48 8383 | 2801 0000 | 01e9 6600 | 0000 483b | bb30 0100 | 0075 0d48 | 8383 3801 
  0x0000027b5b56e184: 0000 01e9 | 5000 0000 | 4881 bb20 | 0100 0000 | 0000 0075 | 1748 89bb | 2001 0000 | 48c7 8328 
  0x0000027b5b56e1a4: 0100 0001 | 0000 00e9 | 2c00 0000 | 4881 bb30 | 0100 0000 | 0000 0075 | 1748 89bb | 3001 0000 
  0x0000027b5b56e1c4: 48c7 8338 | 0100 0001 | 0000 00e9 | 0800 0000 | 4883 8310 | 0100 0001 | 488b d666 | 0f1f 4400 
  0x0000027b5b56e1e4: 0048 b850 | 6002 0008 

  0x0000027b5b56e1ec: ;   {virtual_call}
  0x0000027b5b56e1ec: 0000 00e8 

  0x0000027b5b56e1f0: ; ImmutableOopMap {[200]=Oop }
                      ;*invokeinterface removeLast {reexecute=0 rethrow=0 return_oop=0}
                      ; - com.mojang.blaze3d.vertex.PoseStack::m_85849_@4 (line 61)
                      ; - net.minecraft.client.Minecraft::m_91383_@606 (line 1065)
  0x0000027b5b56e1f0: 0c60 be03 

  0x0000027b5b56e1f4: ;   {metadata(method data for {method} {0x0000027b02e70f20} 'm_91383_' '(Z)V' in 'net/minecraft/client/Minecraft')}
  0x0000027b5b56e1f4: 48be a0c3 | f82e 7b02 | 0000 4883 | 8618 0e00 

  0x0000027b5b56e204: ;   {static_call}
  0x0000027b5b56e204: 0001 90e8 

  0x0000027b5b56e208: ; ImmutableOopMap {[200]=Oop }
                      ;*invokestatic m_157182_ {reexecute=0 rethrow=0 return_oop=0}
                      ; - net.minecraft.client.Minecraft::m_91383_@609 (line 1066)
  0x0000027b5b56e208: 34d8 f604 | 488b 9424 | c800 0000 | 8bb2 9801 | 0000 48c1 | e603 4883 | fe00 0f84 | 2900 0000 
  0x0000027b5b56e228: ;   {metadata('net/minecraft/util/profiling/InactiveProfiler')}
  0x0000027b5b56e228: 48b9 c8eb | d400 0800 | 0000 8b46 | 0849 ba00 | 0000 0008 | 0000 0049 | 03c2 483b | 4838 0f85 
  0x0000027b5b56e248: 8c3d 0000 | e900 0000 | 0048 8bfe 

  0x0000027b5b56e254: ; implicit exception: dispatches to 0x0000027b5b571fdd
                      ;   {metadata(method data for {method} {0x0000027b02e70f20} 'm_91383_' '(Z)V' in 'net/minecraft/client/Minecraft')}
  0x0000027b5b56e254: 483b 0648 | bfa0 c3f8 | 2e7b 0200 | 0048 8387 | 400e 0000 

  0x0000027b5b56e268: ;   {metadata(method data for {method} {0x0000027b0da5c5c8} 'm_6182_' '(Ljava/lang/String;)V' in 'net/minecraft/util/profiling/InactiveProfiler')}
  0x0000027b5b56e268: 0148 beb8 | 7de8 2d7b | 0200 008b | becc 0000 | 0083 c702 | 89be cc00 | 0000 81e7 | feff 1f00 
  0x0000027b5b56e288: 83ff 000f | 8451 3d00 | 008b b284 | 0000 0048 | c1e6 0348 | 3b06 488b 

  0x0000027b5b56e2a0: ;   {metadata(method data for {method} {0x0000027b02e70f20} 'm_91383_' '(Z)V' in 'net/minecraft/client/Minecraft')}
  0x0000027b5b56e2a0: fe48 bba0 | c3f8 2e7b | 0200 0048 | 8383 600e 

  0x0000027b5b56e2b0: ;   {metadata(method data for {method} {0x0000027b0e118f20} 'm_85435_' '()V' in 'com/mojang/blaze3d/platform/Window')}
  0x0000027b5b56e2b0: 0000 0148 | bf50 a3f8 | 2e7b 0200 | 008b 9fcc | 0000 0083 | c302 899f | cc00 0000 | 81e3 feff 
  0x0000027b5b56e2d0: 1f00 83fb | 000f 842d | 3d00 0048 | 8b7e 1048 | 89bc 2440 

  0x0000027b5b56e2e4: ;   {metadata(method data for {method} {0x0000027b0e118f20} 'm_85435_' '()V' in 'com/mojang/blaze3d/platform/Window')}
  0x0000027b5b56e2e4: 0100 0048 | bb50 a3f8 | 2e7b 0200 | 0048 8383 | 1001 0000 

  0x0000027b5b56e2f8: ;   {metadata(method data for {method} {0x0000027b0d9cd3f8} 'm_69495_' '(J)V' in 'com/mojang/blaze3d/systems/RenderSystem')}
  0x0000027b5b56e2f8: 0148 bb08 | a5f8 2e7b | 0200 008b | 83cc 0000 | 0083 c002 | 8983 cc00 | 0000 81e0 | feff 1f00 
  0x0000027b5b56e318: 83f8 000f | 8408 3d00 

  0x0000027b5b56e320: ;   {metadata(method data for {method} {0x0000027b0d9cd3f8} 'm_69495_' '(J)V' in 'com/mojang/blaze3d/systems/RenderSystem')}
  0x0000027b5b56e320: 0048 bb08 | a5f8 2e7b | 0200 0048 | 8383 1001 

  0x0000027b5b56e330: ;   {metadata(method data for {method} {0x0000027b0e00fcf8} 'glfwPollEvents' '()V' in 'org/lwjgl/glfw/GLFW')}
  0x0000027b5b56e330: 0000 0148 | bb50 bcea | 2d7b 0200 | 008b 83cc | 0000 0083 | c002 8983 | cc00 0000 | 81e0 feff 
  0x0000027b5b56e350: 1f00 83f8 | 000f 84ef 

  0x0000027b5b56e358: ;   {metadata(method data for {method} {0x0000027b0e00fcf8} 'glfwPollEvents' '()V' in 'org/lwjgl/glfw/GLFW')}
  0x0000027b5b56e358: 3c00 0048 | bb50 bcea | 2d7b 0200 | 0048 8383 | 1001 0000 

  0x0000027b5b56e36c: ;   {metadata(method data for {method} {0x0000027b2dbf6928} 'check' '()V' in 'org/lwjgl/glfw/EventLoop$OnScreen')}
  0x0000027b5b56e36c: 0148 bb20 | bdd8 2d7b | 0200 008b | 83cc 0000 | 0083 c002 | 8983 cc00 | 0000 81e0 | feff 1f00 
  0x0000027b5b56e38c: 83f8 000f | 84d6 3c00 

  0x0000027b5b56e394: ;   {metadata(method data for {method} {0x0000027b0e00fcf8} 'glfwPollEvents' '()V' in 'org/lwjgl/glfw/GLFW')}
  0x0000027b5b56e394: 0048 bb50 | bcea 2d7b | 0200 0048 | 8383 2001 | 0000 0148 | bbb0 6770 | acf8 7f00 | 0048 8bd3 
  0x0000027b5b56e3b4: 4889 b424 | 4801 0000 

  0x0000027b5b56e3bc: ;   {static_call}
  0x0000027b5b56e3bc: 6666 90e8 

  0x0000027b5b56e3c0: ; ImmutableOopMap {[328]=Oop [200]=Oop }
                      ;*invokestatic invokeV {reexecute=0 rethrow=0 return_oop=0}
                      ; - org.lwjgl.glfw.GLFW::glfwPollEvents@8 (line 3101)
                      ; - com.mojang.blaze3d.systems.RenderSystem::m_69495_@0 (line 197)
                      ; - com.mojang.blaze3d.platform.Window::m_85435_@4 (line 333)
                      ; - net.minecraft.client.Minecraft::m_91383_@628 (line 1068)
  0x0000027b5b56e3c0: 7cfd ec03 

  0x0000027b5b56e3c4: ;   {metadata(method data for {method} {0x0000027b0d9cd3f8} 'm_69495_' '(J)V' in 'com/mojang/blaze3d/systems/RenderSystem')}
  0x0000027b5b56e3c4: 48be 08a5 | f82e 7b02 | 0000 4883 | 8620 0100 

  0x0000027b5b56e3d4: ;   {static_call}
  0x0000027b5b56e3d4: 0001 90e8 

  0x0000027b5b56e3d8: ; ImmutableOopMap {[328]=Oop [200]=Oop }
                      ;*invokestatic m_69884_ {reexecute=0 rethrow=0 return_oop=0}
                      ; - com.mojang.blaze3d.systems.RenderSystem::m_69495_@3 (line 198)
                      ; - com.mojang.blaze3d.platform.Window::m_85435_@4 (line 333)
                      ; - net.minecraft.client.Minecraft::m_91383_@628 (line 1068)
  0x0000027b5b56e3d8: e456 9f06 

  0x0000027b5b56e3dc: ;   {metadata(method data for {method} {0x0000027b0d9cd3f8} 'm_69495_' '(J)V' in 'com/mojang/blaze3d/systems/RenderSystem')}
  0x0000027b5b56e3dc: 48ba 08a5 | f82e 7b02 | 0000 4883 | 8230 0100 

  0x0000027b5b56e3ec: ;   {metadata(method data for {method} {0x0000027b0d9da258} 'm_85913_' '()Lcom/mojang/blaze3d/vertex/Tesselator;' in 'com/mojang/blaze3d/vertex/Tesselator')}
  0x0000027b5b56e3ec: 0001 48ba | b0d5 ea2d | 7b02 0000 | 8bb2 cc00 | 0000 83c6 | 0289 b2cc | 0000 0081 | e6fe ff1f 
  0x0000027b5b56e40c: 0083 fe00 | 0f84 763c 

  0x0000027b5b56e414: ;   {metadata(method data for {method} {0x0000027b0d9da258} 'm_85913_' '()Lcom/mojang/blaze3d/vertex/Tesselator;' in 'com/mojang/blaze3d/vertex/Tesselator')}
  0x0000027b5b56e414: 0000 48ba | b0d5 ea2d | 7b02 0000 | 4883 8210 | 0100 0001 

  0x0000027b5b56e428: ;   {metadata(method data for {method} {0x0000027b0d9cd000} 'm_187553_' '()V' in 'com/mojang/blaze3d/systems/RenderSystem')}
  0x0000027b5b56e428: 48ba e80a | d22d 7b02 | 0000 8bb2 | cc00 0000 | 83c6 0289 | b2cc 0000 | 0081 e6fe | ff1f 0083 
  0x0000027b5b56e448: fe00 0f84 | 5d3c 0000 

  0x0000027b5b56e450: ;   {oop(a 'java/lang/Class'{0x0000000618c48000} = 'com/mojang/blaze3d/systems/RenderSystem')}
  0x0000027b5b56e450: 48ba 0080 | c418 0600 | 0000 0fbe | 92f1 0000 | 0083 fa00 

  0x0000027b5b56e464: ;   {metadata(method data for {method} {0x0000027b0d9cd000} 'm_187553_' '()V' in 'com/mojang/blaze3d/systems/RenderSystem')}
  0x0000027b5b56e464: 48ba e80a | d22d 7b02 | 0000 48c7 | c610 0100 | 000f 8507 | 0000 0048 | c7c6 2001 | 0000 488b 
  0x0000027b5b56e484: 3c32 488d | 7f01 4889 | 3c32 0f85 | 4a00 0000 

  0x0000027b5b56e494: ;   {metadata(method data for {method} {0x0000027b0d9cd000} 'm_187553_' '()V' in 'com/mojang/blaze3d/systems/RenderSystem')}
  0x0000027b5b56e494: 48ba e80a | d22d 7b02 | 0000 4883 | 8230 0100 

  0x0000027b5b56e4a4: ;   {metadata(method data for {method} {0x0000027b0d9cceb0} 'm_69584_' '()Z' in 'com/mojang/blaze3d/systems/RenderSystem')}
  0x0000027b5b56e4a4: 0001 48ba | 900c d22d | 7b02 0000 | 8bb2 cc00 | 0000 83c6 | 0289 b2cc | 0000 0081 | e6fe ff1f 
  0x0000027b5b56e4c4: 0083 fe00 | 0f84 003c 

  0x0000027b5b56e4cc: ;   {metadata(method data for {method} {0x0000027b0d9cd000} 'm_187553_' '()V' in 'com/mojang/blaze3d/systems/RenderSystem')}
  0x0000027b5b56e4cc: 0000 48ba | e80a d22d | 7b02 0000 | ff82 5001 

  0x0000027b5b56e4dc: ;   {oop(a 'com/mojang/blaze3d/vertex/Tesselator'{0x0000000618d7c3d0})}
  0x0000027b5b56e4dc: 0000 48ba | d0c3 d718 | 0600 0000 

  0x0000027b5b56e4e8: ;   {metadata(method data for {method} {0x0000027b0d9cd3f8} 'm_69495_' '(J)V' in 'com/mojang/blaze3d/systems/RenderSystem')}
  0x0000027b5b56e4e8: 488b f248 | bb08 a5f8 | 2e7b 0200 | 0048 8383 | 5801 0000 | 018b 520c | 48c1 e203 

  0x0000027b5b56e504: ; implicit exception: dispatches to 0x0000027b5b5720f4
  0x0000027b5b56e504: 483b 0248 

  0x0000027b5b56e508: ;   {metadata(method data for {method} {0x0000027b0d9cd3f8} 'm_69495_' '(J)V' in 'com/mojang/blaze3d/systems/RenderSystem')}
  0x0000027b5b56e508: 8bf2 48bb | 08a5 f82e | 7b02 0000 | 4883 8390 | 0100 0001 

  0x0000027b5b56e51c: ;   {optimized virtual_call}
  0x0000027b5b56e51c: 6666 90e8 

  0x0000027b5b56e520: ; ImmutableOopMap {[328]=Oop [200]=Oop }
                      ;*invokevirtual m_85729_ {reexecute=0 rethrow=0 return_oop=0}
                      ; - com.mojang.blaze3d.systems.RenderSystem::m_69495_@12 (line 201)
                      ; - com.mojang.blaze3d.platform.Window::m_85435_@4 (line 333)
                      ; - net.minecraft.client.Minecraft::m_91383_@628 (line 1068)
  0x0000027b5b56e520: 1c0b 4904 

  0x0000027b5b56e524: ;   {metadata(method data for {method} {0x0000027b0d9cd3f8} 'm_69495_' '(J)V' in 'com/mojang/blaze3d/systems/RenderSystem')}
  0x0000027b5b56e524: 48ba 08a5 | f82e 7b02 | 0000 4883 | 82b0 0100 | 0001 488b | 9424 4001 

  0x0000027b5b56e53c: ;   {static_call}
  0x0000027b5b56e53c: 0000 90e8 

  0x0000027b5b56e540: ; ImmutableOopMap {[328]=Oop [200]=Oop }
                      ;*invokestatic glfwSwapBuffers {reexecute=0 rethrow=0 return_oop=0}
                      ; - com.mojang.blaze3d.systems.RenderSystem::m_69495_@16 (line 203)
                      ; - com.mojang.blaze3d.platform.Window::m_85435_@4 (line 333)
                      ; - net.minecraft.client.Minecraft::m_91383_@628 (line 1068)
  0x0000027b5b56e540: 5c60 9f06 

  0x0000027b5b56e544: ;   {metadata(method data for {method} {0x0000027b0d9cd3f8} 'm_69495_' '(J)V' in 'com/mojang/blaze3d/systems/RenderSystem')}
  0x0000027b5b56e544: 48ba 08a5 | f82e 7b02 | 0000 4883 | 82c0 0100 

  0x0000027b5b56e554: ;   {metadata(method data for {method} {0x0000027b0e00fcf8} 'glfwPollEvents' '()V' in 'org/lwjgl/glfw/GLFW')}
  0x0000027b5b56e554: 0001 48ba | 50bc ea2d | 7b02 0000 | 8bb2 cc00 | 0000 83c6 | 0289 b2cc | 0000 0081 | e6fe ff1f 
  0x0000027b5b56e574: 0083 fe00 | 0f84 7b3b 

  0x0000027b5b56e57c: ;   {metadata(method data for {method} {0x0000027b0e00fcf8} 'glfwPollEvents' '()V' in 'org/lwjgl/glfw/GLFW')}
  0x0000027b5b56e57c: 0000 48ba | 50bc ea2d | 7b02 0000 | 4883 8210 | 0100 0001 

  0x0000027b5b56e590: ;   {metadata(method data for {method} {0x0000027b2dbf6928} 'check' '()V' in 'org/lwjgl/glfw/EventLoop$OnScreen')}
  0x0000027b5b56e590: 48ba 20bd | d82d 7b02 | 0000 8bb2 | cc00 0000 | 83c6 0289 | b2cc 0000 | 0081 e6fe | ff1f 0083 
  0x0000027b5b56e5b0: fe00 0f84 | 623b 0000 

  0x0000027b5b56e5b8: ;   {metadata(method data for {method} {0x0000027b0e00fcf8} 'glfwPollEvents' '()V' in 'org/lwjgl/glfw/GLFW')}
  0x0000027b5b56e5b8: 48ba 50bc | ea2d 7b02 | 0000 4883 | 8220 0100 | 0001 48ba | b067 70ac | f87f 0000 

  0x0000027b5b56e5d4: ;   {static_call}
  0x0000027b5b56e5d4: 6666 90e8 

  0x0000027b5b56e5d8: ; ImmutableOopMap {[328]=Oop [200]=Oop }
                      ;*invokestatic invokeV {reexecute=0 rethrow=0 return_oop=0}
                      ; - org.lwjgl.glfw.GLFW::glfwPollEvents@8 (line 3101)
                      ; - com.mojang.blaze3d.systems.RenderSystem::m_69495_@19 (line 204)
                      ; - com.mojang.blaze3d.platform.Window::m_85435_@4 (line 333)
                      ; - net.minecraft.client.Minecraft::m_91383_@628 (line 1068)
  0x0000027b5b56e5d8: 64fb ec03 | 488b b424 | 4801 0000 | 440f be46 | 500f be56 | 5144 3bc2 

  0x0000027b5b56e5f0: ;   {metadata(method data for {method} {0x0000027b0e118f20} 'm_85435_' '()V' in 'com/mojang/blaze3d/platform/Window')}
  0x0000027b5b56e5f0: 48ba 50a3 | f82e 7b02 | 0000 48c7 | c720 0100 | 000f 8407 | 0000 0048 | c7c7 3001 | 0000 488b 
  0x0000027b5b56e610: 1c3a 488d | 5b01 4889 | 1c3a 0f84 | 2c00 0000 | 4183 e001 | 4488 4651 | 440f be46 | 5348 8bd6 
  0x0000027b5b56e630: ;   {metadata(method data for {method} {0x0000027b0e118f20} 'm_85435_' '()V' in 'com/mojang/blaze3d/platform/Window')}
  0x0000027b5b56e630: 48bf 50a3 | f82e 7b02 | 0000 4883 | 8740 0100 | 0001 488b 

  0x0000027b5b56e644: ;   {optimized virtual_call}
  0x0000027b5b56e644: d666 90e8 

  0x0000027b5b56e648: ; ImmutableOopMap {[200]=Oop }
                      ;*invokevirtual m_85431_ {reexecute=0 rethrow=0 return_oop=0}
                      ; - com.mojang.blaze3d.platform.Window::m_85435_@31 (line 336)
                      ; - net.minecraft.client.Minecraft::m_91383_@628 (line 1068)
  0x0000027b5b56e648: 342d a002 | 488b 9424 | c800 0000 

  0x0000027b5b56e654: ;   {metadata(method data for {method} {0x0000027b02e70f20} 'm_91383_' '(Z)V' in 'net/minecraft/client/Minecraft')}
  0x0000027b5b56e654: 48be a0c3 | f82e 7b02 | 0000 4883 | 8698 0e00 | 0001 488b | 9424 c800 

  0x0000027b5b56e66c: ;   {optimized virtual_call}
  0x0000027b5b56e66c: 0000 90e8 

  0x0000027b5b56e670: ; ImmutableOopMap {[200]=Oop }
                      ;*invokevirtual m_91275_ {reexecute=0 rethrow=0 return_oop=0}
                      ; - net.minecraft.client.Minecraft::m_91383_@632 (line 1069)
  0x0000027b5b56e670: ec7c 9f06 

  0x0000027b5b56e674: ;   {oop(a 'net/minecraft/client/ProgressOption'{0x000000061b485230})}
  0x0000027b5b56e674: 48ba 3052 | 481b 0600 | 0000 488b 

  0x0000027b5b56e680: ;   {metadata(method data for {method} {0x0000027b02e70f20} 'm_91383_' '(Z)V' in 'net/minecraft/client/Minecraft')}
  0x0000027b5b56e680: f248 bfa0 | c3f8 2e7b | 0200 008b | 7608 49ba | 0000 0000 | 0800 0000 | 4903 f248 | 3bb7 e00e 
  0x0000027b5b56e6a0: 0000 750d | 4883 87e8 | 0e00 0001 | e966 0000 | 0048 3bb7 | f00e 0000 | 750d 4883 | 87f8 0e00 
  0x0000027b5b56e6c0: 0001 e950 | 0000 0048 | 81bf e00e | 0000 0000 | 0000 7517 | 4889 b7e0 | 0e00 0048 | c787 e80e 
  0x0000027b5b56e6e0: 0000 0100 | 0000 e92c | 0000 0048 | 81bf f00e | 0000 0000 | 0000 7517 | 4889 b7f0 | 0e00 0048 
  0x0000027b5b56e700: c787 f80e | 0000 0100 | 0000 e908 | 0000 0048 | 8387 d00e | 0000 01c5 | fb2a c0c5 | fb10 4a18 
  0x0000027b5b56e720: c5f9 2ec1 | ba01 0000 | 000f 8a13 | 0000 000f | 870d 0000 | 00ba 0000 | 0000 0f84 | 0200 0000 
  0x0000027b5b56e740: ffca 83fa 

  0x0000027b5b56e744: ;   {metadata(method data for {method} {0x0000027b02e70f20} 'm_91383_' '(Z)V' in 'net/minecraft/client/Minecraft')}
  0x0000027b5b56e744: 0048 baa0 | c3f8 2e7b | 0200 0048 | c7c6 080f | 0000 0f8d | 0700 0000 | 48c7 c618 | 0f00 0048 
  0x0000027b5b56e764: 8b3c 3248 | 8d7f 0148 | 893c 320f | 8d1f 0000 

  0x0000027b5b56e774: ;   {metadata(method data for {method} {0x0000027b02e70f20} 'm_91383_' '(Z)V' in 'net/minecraft/client/Minecraft')}
  0x0000027b5b56e774: 0048 baa0 | c3f8 2e7b | 0200 0048 | 8382 280f | 0000 0148 | 8bd0 0f1f 

  0x0000027b5b56e78c: ;   {static_call}
  0x0000027b5b56e78c: 4400 00e8 

  0x0000027b5b56e790: ; ImmutableOopMap {[200]=Oop }
                      ;*invokestatic m_69830_ {reexecute=0 rethrow=0 return_oop=0}
                      ; - net.minecraft.client.Minecraft::m_91383_@652 (line 1071)
  0x0000027b5b56e790: 4c53 9203 | 488b 9424 | c800 0000 | 8bb2 9801 | 0000 48c1 | e603 4883 | fe00 0f84 | 2900 0000 
  0x0000027b5b56e7b0: ;   {metadata('net/minecraft/util/profiling/InactiveProfiler')}
  0x0000027b5b56e7b0: 48b9 c8eb | d400 0800 | 0000 8b46 | 0849 ba00 | 0000 0008 | 0000 0049 | 03c2 483b | 4838 0f85 
  0x0000027b5b56e7d0: 6c39 0000 | e900 0000 | 0048 8bfe 

  0x0000027b5b56e7dc: ; implicit exception: dispatches to 0x0000027b5b572145
                      ;   {metadata(method data for {method} {0x0000027b02e70f20} 'm_91383_' '(Z)V' in 'net/minecraft/client/Minecraft')}
  0x0000027b5b56e7dc: 483b 0648 | bfa0 c3f8 | 2e7b 0200 | 0048 8387 | 500f 0000 

  0x0000027b5b56e7f0: ;   {metadata(method data for {method} {0x0000027b0da5c5c8} 'm_6182_' '(Ljava/lang/String;)V' in 'net/minecraft/util/profiling/InactiveProfiler')}
  0x0000027b5b56e7f0: 0148 beb8 | 7de8 2d7b | 0200 008b | becc 0000 | 0083 c702 | 89be cc00 | 0000 81e7 | feff 1f00 
  0x0000027b5b56e810: 83ff 000f | 8431 3900 

  0x0000027b5b56e818: ;   {metadata(method data for {method} {0x0000027b02e70f20} 'm_91383_' '(Z)V' in 'net/minecraft/client/Minecraft')}
  0x0000027b5b56e818: 0048 bea0 | c3f8 2e7b | 0200 0048 | 8386 700f | 0000 010f 

  0x0000027b5b56e82c: ;   {static_call}
  0x0000027b5b56e82c: 1f40 00e8 

  0x0000027b5b56e830: ; ImmutableOopMap {[200]=Oop }
                      ;*invokestatic yield {reexecute=0 rethrow=0 return_oop=0}
                      ; - net.minecraft.client.Minecraft::m_91383_@667 (line 1075)
  0x0000027b5b56e830: 8c82 cc03 | 488b 9424 | c800 0000 | 8bb2 9801 | 0000 48c1 | e603 4883 | fe00 0f84 | 2900 0000 
  0x0000027b5b56e850: ;   {metadata('net/minecraft/util/profiling/InactiveProfiler')}
  0x0000027b5b56e850: 48b9 c8eb | d400 0800 | 0000 8b46 | 0849 ba00 | 0000 0008 | 0000 0049 | 03c2 483b | 4838 0f85 
  0x0000027b5b56e870: f738 0000 | e900 0000 | 0048 8bfe 

  0x0000027b5b56e87c: ; implicit exception: dispatches to 0x0000027b5b572170
                      ;   {metadata(method data for {method} {0x0000027b02e70f20} 'm_91383_' '(Z)V' in 'net/minecraft/client/Minecraft')}
  0x0000027b5b56e87c: 483b 0648 | bfa0 c3f8 | 2e7b 0200 | 0048 8387 | 980f 0000 

  0x0000027b5b56e890: ;   {metadata(method data for {method} {0x0000027b0da5c520} 'm_7238_' '()V' in 'net/minecraft/util/profiling/InactiveProfiler')}
  0x0000027b5b56e890: 0148 be20 | 9ec9 2d7b | 0200 008b | becc 0000 | 0083 c702 | 89be cc00 | 0000 81e7 | feff 1f00 
  0x0000027b5b56e8b0: 83ff 000f | 84bc 3800 | 008b b284 | 0000 0048 | c1e6 0348 | 3b06 488b 

  0x0000027b5b56e8c8: ;   {metadata(method data for {method} {0x0000027b02e70f20} 'm_91383_' '(Z)V' in 'net/minecraft/client/Minecraft')}
  0x0000027b5b56e8c8: fe48 bba0 | c3f8 2e7b | 0200 0048 | 8383 b80f | 0000 0141 | 0fbe 7f38 | 83ff 000f | 85b2 3800 
  0x0000027b5b56e8e8: ;   {oop("Post render"{0x000000062a408450})}
  0x0000027b5b56e8e8: 0049 ba50 | 8440 2a06 | 0000 0049 | c1ea 0344 

  0x0000027b5b56e8f8: ;   {oop("Post render"{0x000000062a408450})}
  0x0000027b5b56e8f8: 8956 6448 | bf50 8440 | 2a06 0000 | 0048 8bde | 4833 df48 | c1eb 1648 | 83fb 000f | 85a1 3800 
  0x0000027b5b56e918: 008b 7258 | ffc6 8972 | 5848 8bf2 

  0x0000027b5b56e924: ;   {metadata(method data for {method} {0x0000027b02e70f20} 'm_91383_' '(Z)V' in 'net/minecraft/client/Minecraft')}
  0x0000027b5b56e924: 48bf a0c3 | f82e 7b02 | 0000 4883 | 8708 1000 

  0x0000027b5b56e934: ;   {metadata(method data for {method} {0x0000027b02e768e0} 'm_91091_' '()Z' in 'net/minecraft/client/Minecraft')}
  0x0000027b5b56e934: 0001 48be | 889b f82e | 7b02 0000 | 8bbe cc00 | 0000 83c7 | 0289 becc | 0000 0081 | e7fe ff1f 
  0x0000027b5b56e954: 0083 ff00 | 0f84 7438 | 0000 0fbe | 7264 83fe 

  0x0000027b5b56e964: ;   {metadata(method data for {method} {0x0000027b02e768e0} 'm_91091_' '()Z' in 'net/minecraft/client/Minecraft')}
  0x0000027b5b56e964: 0048 be88 | 9bf8 2e7b | 0200 0048 | c7c7 1001 | 0000 0f84 | 0700 0000 | 48c7 c720 | 0100 0048 
  0x0000027b5b56e984: 8b1c 3e48 | 8d5b 0148 | 891c 3e0f | 843e 0000 | 008b b260 | 0100 0048 | c1e6 0348 

  0x0000027b5b56e9a0: ;   {metadata(method data for {method} {0x0000027b02e768e0} 'm_91091_' '()Z' in 'net/minecraft/client/Minecraft')}
  0x0000027b5b56e9a0: 83fe 0048 | be88 9bf8 | 2e7b 0200 | 0048 c7c7 | 4001 0000 | 0f85 0700 | 0000 48c7 | c730 0100 
  0x0000027b5b56e9c0: 0048 8b1c | 3e48 8d5b | 0148 891c | 3e0f 850a | 0000 00be | 0000 0000 | e915 0000 

  0x0000027b5b56e9dc: ;   {metadata(method data for {method} {0x0000027b02e768e0} 'm_91091_' '()Z' in 'net/minecraft/client/Minecraft')}
  0x0000027b5b56e9dc: 0048 be88 | 9bf8 2e7b | 0200 00ff | 8650 0100 | 00be 0100 | 0000 83e6 | 0183 fe00 

  0x0000027b5b56e9f8: ;   {metadata(method data for {method} {0x0000027b02e70f20} 'm_91383_' '(Z)V' in 'net/minecraft/client/Minecraft')}
  0x0000027b5b56e9f8: 48be a0c3 | f82e 7b02 | 0000 48c7 | c728 1000 | 000f 8407 | 0000 0048 | c7c7 3810 | 0000 488b 
  0x0000027b5b56ea18: 1c3e 488d | 5b01 4889 | 1c3e 0f84 | 8a02 0000 | 8bb2 7801 | 0000 48c1 | e603 4883 

  0x0000027b5b56ea34: ;   {metadata(method data for {method} {0x0000027b02e70f20} 'm_91383_' '(Z)V' in 'net/minecraft/client/Minecraft')}
  0x0000027b5b56ea34: fe00 48bf | a0c3 f82e | 7b02 0000 | 48c7 c348 | 1000 000f | 8407 0000 | 0048 c7c3 | 5810 0000 
  0x0000027b5b56ea54: 488b 041f | 488d 4001 | 4889 041f | 0f84 e900 | 0000 483b | 0648 8bfe 

  0x0000027b5b56ea6c: ;   {metadata(method data for {method} {0x0000027b02e70f20} 'm_91383_' '(Z)V' in 'net/minecraft/client/Minecraft')}
  0x0000027b5b56ea6c: 48bb a0c3 | f82e 7b02 | 0000 8b7f | 0849 ba00 | 0000 0008 | 0000 0049 | 03fa 483b | bb78 1000 
  0x0000027b5b56ea8c: 0075 0d48 | 8383 8010 | 0000 01e9 | 6600 0000 | 483b bb88 | 1000 0075 | 0d48 8383 | 9010 0000 
  0x0000027b5b56eaac: 01e9 5000 | 0000 4881 | bb78 1000 | 0000 0000 | 0075 1748 | 89bb 7810 | 0000 48c7 | 8380 1000 
  0x0000027b5b56eacc: 0001 0000 | 00e9 2c00 | 0000 4881 | bb88 1000 | 0000 0000 | 0075 1748 | 89bb 8810 | 0000 48c7 
  0x0000027b5b56eaec: 8390 1000 | 0001 0000 | 00e9 0800 | 0000 4883 | 8368 1000 | 0001 488b | d648 b8ff | ffff ffff 
  0x0000027b5b56eb0c: ;   {virtual_call}
  0x0000027b5b56eb0c: ffff ffe8 

  0x0000027b5b56eb10: ; ImmutableOopMap {[200]=Oop }
                      ;*invokevirtual m_7043_ {reexecute=0 rethrow=0 return_oop=0}
                      ; - net.minecraft.client.Minecraft::m_91383_@717 (line 1079)
  0x0000027b5b56eb10: 8c53 ca02 

  0x0000027b5b56eb14: ;   {metadata(method data for {method} {0x0000027b02e70f20} 'm_91383_' '(Z)V' in 'net/minecraft/client/Minecraft')}
  0x0000027b5b56eb14: 83f8 0048 | baa0 c3f8 | 2e7b 0200 | 0048 c7c6 | a010 0000 | 0f85 0700 | 0000 48c7 | c6b0 1000 
  0x0000027b5b56eb34: 0048 8b3c | 3248 8d7f | 0148 893c | 3248 8b94 | 24c8 0000 | 000f 858b | 0000 008b | b27c 0100 
  0x0000027b5b56eb54: 0048 c1e6 | 0348 83fe 

  0x0000027b5b56eb5c: ;   {metadata(method data for {method} {0x0000027b02e70f20} 'm_91383_' '(Z)V' in 'net/minecraft/client/Minecraft')}
  0x0000027b5b56eb5c: 0048 bfa0 | c3f8 2e7b | 0200 0048 | c7c3 c010 | 0000 0f84 | 0700 0000 | 48c7 c3d0 | 1000 0048 
  0x0000027b5b56eb7c: 8b04 1f48 | 8d40 0148 | 8904 1f0f | 8425 0100 | 0048 3b06 

  0x0000027b5b56eb90: ;   {metadata(method data for {method} {0x0000027b02e70f20} 'm_91383_' '(Z)V' in 'net/minecraft/client/Minecraft')}
  0x0000027b5b56eb90: 48bf a0c3 | f82e 7b02 | 0000 4883 | 87f8 1000 

  0x0000027b5b56eba0: ;   {metadata(method data for {method} {0x0000027b02f528e8} 'm_7859_' '()Z' in 'net/minecraft/client/gui/screens/LoadingOverlay')}
  0x0000027b5b56eba0: 0001 48be | b8b6 f92e | 7b02 0000 | 8bbe cc00 | 0000 83c7 | 0289 becc | 0000 0081 | e7fe ff1f 
  0x0000027b5b56ebc0: 0083 ff00 | 0f84 3336 

  0x0000027b5b56ebc8: ;   {metadata(method data for {method} {0x0000027b02e70f20} 'm_91383_' '(Z)V' in 'net/minecraft/client/Minecraft')}
  0x0000027b5b56ebc8: 0000 48be | a0c3 f82e | 7b02 0000 | ff86 2811 | 0000 8bb2 | 6001 0000 | 48c1 e603 

  0x0000027b5b56ebe4: ; implicit exception: dispatches to 0x0000027b5b57221e
  0x0000027b5b56ebe4: 483b 0648 

  0x0000027b5b56ebe8: ;   {metadata(method data for {method} {0x0000027b02e70f20} 'm_91383_' '(Z)V' in 'net/minecraft/client/Minecraft')}
  0x0000027b5b56ebe8: 8bfe 48bb | a0c3 f82e | 7b02 0000 | 4883 8350 | 1100 0001 

  0x0000027b5b56ebfc: ;   {metadata(method data for {method} {0x0000027b1fd653e8} 'm_6992_' '()Z' in 'net/minecraft/client/server/IntegratedServer')}
  0x0000027b5b56ebfc: 48bf c8da | edbc 7b02 | 0000 8b9f | cc00 0000 | 83c3 0289 | 9fcc 0000 | 0081 e3fe | ff1f 0083 
  0x0000027b5b56ec1c: fb00 0f84 | ff35 0000 | 8bb6 1801 | 0000 83fe 

  0x0000027b5b56ec2c: ;   {metadata(method data for {method} {0x0000027b1fd653e8} 'm_6992_' '()Z' in 'net/minecraft/client/server/IntegratedServer')}
  0x0000027b5b56ec2c: ff48 bec8 | daed bc7b | 0200 0048 | c7c7 1001 | 0000 0f8e | 0700 0000 | 48c7 c720 | 0100 0048 
  0x0000027b5b56ec4c: 8b1c 3e48 | 8d5b 0148 | 891c 3e0f | 8e1a 0000 

  0x0000027b5b56ec5c: ;   {metadata(method data for {method} {0x0000027b1fd653e8} 'm_6992_' '()Z' in 'net/minecraft/client/server/IntegratedServer')}
  0x0000027b5b56ec5c: 0048 bec8 | daed bc7b | 0200 00ff | 8630 0100 | 00be 0100 | 0000 e905 | 0000 00be | 0000 0000 
  0x0000027b5b56ec7c: 83e6 0183 

  0x0000027b5b56ec80: ;   {metadata(method data for {method} {0x0000027b02e70f20} 'm_91383_' '(Z)V' in 'net/minecraft/client/Minecraft')}
  0x0000027b5b56ec80: fe00 48be | a0c3 f82e | 7b02 0000 | 48c7 c780 | 1100 000f | 8407 0000 | 0048 c7c7 | 7011 0000 
  0x0000027b5b56eca0: 488b 1c3e | 488d 5b01 | 4889 1c3e | 0f84 0a00 | 0000 be00 | 0000 00e9 | 1500 0000 

  0x0000027b5b56ecbc: ;   {metadata(method data for {method} {0x0000027b02e70f20} 'm_91383_' '(Z)V' in 'net/minecraft/client/Minecraft')}
  0x0000027b5b56ecbc: 48be a0c3 | f82e 7b02 | 0000 ff86 | 9011 0000 | be01 0000 | 000f be7a 

  0x0000027b5b56ecd4: ;   {metadata(method data for {method} {0x0000027b02e70f20} 'm_91383_' '(Z)V' in 'net/minecraft/client/Minecraft')}
  0x0000027b5b56ecd4: 653b fe48 | bfa0 c3f8 | 2e7b 0200 | 0048 c7c3 | a811 0000 | 0f84 0700 | 0000 48c7 | c3b8 1100 
  0x0000027b5b56ecf4: 0048 8b04 | 1f48 8d40 | 0148 8904 | 1f0f 8481 | 0000 000f | be7a 6583 

  0x0000027b5b56ed0c: ;   {metadata(method data for {method} {0x0000027b02e70f20} 'm_91383_' '(Z)V' in 'net/minecraft/client/Minecraft')}
  0x0000027b5b56ed0c: ff00 48bf | a0c3 f82e | 7b02 0000 | 48c7 c3c8 | 1100 000f | 8407 0000 | 0048 c7c3 | d811 0000 
  0x0000027b5b56ed2c: 488b 041f | 488d 4001 | 4889 041f | 0f84 2900 | 0000 8bba | 8800 0000 | 48c1 e703 

  0x0000027b5b56ed48: ; implicit exception: dispatches to 0x0000027b5b572244
  0x0000027b5b56ed48: c5fa 1047 | 0cc5 fa11 

  0x0000027b5b56ed50: ;   {metadata(method data for {method} {0x0000027b02e70f20} 'm_91383_' '(Z)V' in 'net/minecraft/client/Minecraft')}
  0x0000027b5b56ed50: 4254 48bf | a0c3 f82e | 7b02 0000 | ff87 e811 | 0000 e914 | 0000 008b | ba88 0000 | 0048 c1e7 
  0x0000027b5b56ed70: 03c5 fa10 | 4254 c5fa | 1147 0c83 | e601 4088 | 7265 f083 | 4424 c000 

  0x0000027b5b56ed88: ;   {metadata(method data for {method} {0x0000027b02e70f20} 'm_91383_' '(Z)V' in 'net/minecraft/client/Minecraft')}
  0x0000027b5b56ed88: 48be a0c3 | f82e 7b02 | 0000 4883 | 8600 1200 

  0x0000027b5b56ed98: ;   {metadata(method data for {method} {0x0000027b02a84ac0} 'm_137569_' '()J' in 'net/minecraft/Util')}
  0x0000027b5b56ed98: 0001 48be | 00c9 ed2d | 7b02 0000 | 8bbe cc00 | 0000 83c7 | 0289 becc | 0000 0081 | e7fe ff1f 
  0x0000027b5b56edb8: 0083 ff00 | 0f84 8c34 

  0x0000027b5b56edc0: ;   {oop(a 'java/lang/Class'{0x0000000612ce6cb8} = 'net/minecraft/Util')}
  0x0000027b5b56edc0: 0000 48be | b86c ce12 | 0600 0000 | 8bb6 8800 | 0000 48c1 | e603 483b | 0648 8bfe 

  0x0000027b5b56eddc: ;   {metadata(method data for {method} {0x0000027b02a84ac0} 'm_137569_' '()J' in 'net/minecraft/Util')}
  0x0000027b5b56eddc: 48bb 00c9 | ed2d 7b02 | 0000 8b7f | 0849 ba00 | 0000 0008 | 0000 0049 | 03fa 483b | bb20 0100 
  0x0000027b5b56edfc: 0075 0d48 | 8383 2801 | 0000 01e9 | 6600 0000 | 483b bb30 | 0100 0075 | 0d48 8383 | 3801 0000 
  0x0000027b5b56ee1c: 01e9 5000 | 0000 4881 | bb20 0100 | 0000 0000 | 0075 1748 | 89bb 2001 | 0000 48c7 | 8328 0100 
  0x0000027b5b56ee3c: 0001 0000 | 00e9 2c00 | 0000 4881 | bb30 0100 | 0000 0000 | 0075 1748 | 89bb 3001 | 0000 48c7 
  0x0000027b5b56ee5c: 8338 0100 | 0001 0000 | 00e9 0800 | 0000 4883 | 8310 0100 | 0001 488b | d648 b800 | 40e5 0008 
  0x0000027b5b56ee7c: ;   {virtual_call}
  0x0000027b5b56ee7c: 0000 00e8 

  0x0000027b5b56ee80: ; ImmutableOopMap {[200]=Oop }
                      ;*invokeinterface getAsLong {reexecute=0 rethrow=0 return_oop=0}
                      ; - net.minecraft.Util::m_137569_@3 (line 107)
                      ; - net.minecraft.client.Minecraft::m_91383_@804 (line 1090)
  0x0000027b5b56ee80: bcb9 f405 | 488b 9424 | c800 0000 | 8b9a e400 | 0000 48c1 | e303 4c8b | 5a20 4c8b 

  0x0000027b5b56ee9c: ;   {metadata('org/spongepowered/asm/mixin/injection/callback/CallbackInfo')}
  0x0000027b5b56ee9c: ea48 bad8 | 2d5f 0008 | 0000 0048 | 8984 2458 | 0100 0049 | 8b87 0801 | 0000 488d | 7818 493b 
  0x0000027b5b56eebc: bf18 0100 | 000f 87ad | 3300 0049 | 89bf 0801 | 0000 48c7 | 0001 0000 | 0048 8bca | 49ba 0000 
  0x0000027b5b56eedc: 0000 0800 | 0000 492b | ca89 4808 | 4833 c989 | 480c 4833 | c948 8948 | 104c 8bc0 

  0x0000027b5b56eef8: ;   {metadata(method data for {method} {0x0000027b02e70f20} 'm_91383_' '(Z)V' in 'net/minecraft/client/Minecraft')}
  0x0000027b5b56eef8: 49b9 a0c3 | f82e 7b02 | 0000 4983 | 8110 1200 

  0x0000027b5b56ef08: ;   {metadata(method data for {method} {0x0000027b02a50db0} '<init>' '(Ljava/lang/String;Z)V' in 'org/spongepowered/asm/mixin/injection/callback/CallbackInfo')}
  0x0000027b5b56ef08: 0001 49b8 | 382e 0803 | 7b02 0000 | 458b 88cc | 0000 0041 | 83c1 0245 | 8988 cc00 | 0000 4181 
  0x0000027b5b56ef28: e1fe ff1f | 0041 83f9 | 000f 844a | 3300 004c 

  0x0000027b5b56ef38: ;   {metadata(method data for {method} {0x0000027b02a50db0} '<init>' '(Ljava/lang/String;Z)V' in 'org/spongepowered/asm/mixin/injection/callback/CallbackInfo')}
  0x0000027b5b56ef38: 8bc0 49b9 | 382e 0803 | 7b02 0000 | 4983 8110 | 0100 0001 

  0x0000027b5b56ef4c: ;   {metadata(method data for {method} {0x0000027b00000518} '<init>' '()V' in 'java/lang/Object')}
  0x0000027b5b56ef4c: 49b8 686b | 2000 7b02 | 0000 458b | 88cc 0000 | 0041 83c1 | 0245 8988 | cc00 0000 | 4181 e1fe 
  0x0000027b5b56ef6c: ff1f 0041 | 83f9 000f | 8429 3300 

  0x0000027b5b56ef78: ;   {oop("m_91383_"{0x000000060a7b9100})}
  0x0000027b5b56ef78: 0049 b800 | 917b 0a06 | 0000 0045 | 0fbe 4738 | 4183 f800 | 0f85 3133 

  0x0000027b5b56ef90: ;   {oop("m_91383_"{0x000000060a7b9100})}
  0x0000027b5b56ef90: 0000 49ba | 0091 7b0a | 0600 0000 | 49c1 ea03 | 4489 5010 

  0x0000027b5b56efa4: ;   {oop("m_91383_"{0x000000060a7b9100})}
  0x0000027b5b56efa4: 49b8 0091 | 7b0a 0600 | 0000 4c8b | c84d 33c8 | 49c1 e916 | 4983 f900 | 0f85 2133 | 0000 498b 
  0x0000027b5b56efc4: ;   {metadata(method data for {method} {0x0000027b02e70f20} 'm_91383_' '(Z)V' in 'net/minecraft/client/Minecraft')}
  0x0000027b5b56efc4: d549 b8a0 | c3f8 2e7b | 0200 0049 | 8380 2012 | 0000 0144 | 8b84 24d0 | 0000 004c | 8bc8 498b 
  0x0000027b5b56efe4: d54c 899c | 2460 0100 | 0048 899c | 2450 0100 

  0x0000027b5b56eff4: ;   {optimized virtual_call}
  0x0000027b5b56eff4: 0066 90e8 

  0x0000027b5b56eff8: ; ImmutableOopMap {[336]=Oop [200]=Oop }
                      ;*invokespecial handler$cfh000$inject$saveCPUDuration {reexecute=0 rethrow=0 return_oop=0}
                      ; - net.minecraft.client.Minecraft::m_91383_@832 (line 1091)
  0x0000027b5b56eff8: 247b 9f06 | 488b 9c24 | 5001 0000 

  0x0000027b5b56f004: ; implicit exception: dispatches to 0x0000027b5b5722fb
  0x0000027b5b56f004: 483b 034c 

  0x0000027b5b56f008: ;   {metadata(method data for {method} {0x0000027b02e70f20} 'm_91383_' '(Z)V' in 'net/minecraft/client/Minecraft')}
  0x0000027b5b56f008: 8bc3 48ba | a0c3 f82e | 7b02 0000 | 4883 8248 | 1200 0001 | 488b 8424 | 5801 0000 | 4c8b 9c24 
  0x0000027b5b56f028: 6001 0000 | 492b c34c | 8bc0 488b 

  0x0000027b5b56f034: ;   {optimized virtual_call}
  0x0000027b5b56f034: d366 90e8 

  0x0000027b5b56f038: ; ImmutableOopMap {[200]=Oop }
                      ;*invokevirtual m_13755_ {reexecute=0 rethrow=0 return_oop=0}
                      ; - net.minecraft.client.Minecraft::m_91383_@836 (line 1091)
  0x0000027b5b56f038: e433 8006 | 488b 8424 | 5801 0000 | 488b 9424 | c800 0000 | 4889 4220 | 8bb2 9801 | 0000 48c1 
  0x0000027b5b56f058: e603 4883 | fe00 0f84 | 2900 0000 

  0x0000027b5b56f064: ;   {metadata('net/minecraft/util/profiling/InactiveProfiler')}
  0x0000027b5b56f064: 49b8 c8eb | d400 0800 | 0000 8b4e | 0849 ba00 | 0000 0008 | 0000 0049 | 03ca 4c3b | 4138 0f85 
  0x0000027b5b56f084: 7832 0000 | e900 0000 | 0048 8bfe 

  0x0000027b5b56f090: ; implicit exception: dispatches to 0x0000027b5b572305
                      ;   {metadata(method data for {method} {0x0000027b02e70f20} 'm_91383_' '(Z)V' in 'net/minecraft/client/Minecraft')}
  0x0000027b5b56f090: 483b 0648 | bfa0 c3f8 | 2e7b 0200 | 0048 8387 | 8012 0000 

  0x0000027b5b56f0a4: ;   {metadata(method data for {method} {0x0000027b0da5c328} 'm_6180_' '(Ljava/lang/String;)V' in 'net/minecraft/util/profiling/InactiveProfiler')}
  0x0000027b5b56f0a4: 0148 be20 | daca 2d7b | 0200 008b | becc 0000 | 0083 c702 | 89be cc00 | 0000 81e7 | feff 1f00 
  0x0000027b5b56f0c4: 83ff 000f | 843d 3200 | 0048 8bda 

  0x0000027b5b56f0d0: ;   {metadata('org/spongepowered/asm/mixin/injection/callback/CallbackInfo')}
  0x0000027b5b56f0d0: 48ba d82d | 5f00 0800 | 0000 498b | 8708 0100 | 0048 8d78 | 1849 3bbf | 1801 0000 | 0f87 3932 
  0x0000027b5b56f0f0: 0000 4989 | bf08 0100 | 0048 c700 | 0100 0000 | 488b ca49 | ba00 0000 | 0008 0000 | 0049 2bca 
  0x0000027b5b56f110: 8948 0848 | 33c9 8948 | 0c48 33c9 | 4889 4810 

  0x0000027b5b56f120: ;   {metadata(method data for {method} {0x0000027b02e70f20} 'm_91383_' '(Z)V' in 'net/minecraft/client/Minecraft')}
  0x0000027b5b56f120: 4c8b c049 | b9a0 c3f8 | 2e7b 0200 | 0049 8381 | a012 0000 

  0x0000027b5b56f134: ;   {metadata(method data for {method} {0x0000027b02a50db0} '<init>' '(Ljava/lang/String;Z)V' in 'org/spongepowered/asm/mixin/injection/callback/CallbackInfo')}
  0x0000027b5b56f134: 0149 b838 | 2e08 037b | 0200 0045 | 8b88 cc00 | 0000 4183 | c102 4589 | 88cc 0000 | 0041 81e1 
  0x0000027b5b56f154: feff 1f00 | 4183 f900 | 0f84 d631 | 0000 4c8b 

  0x0000027b5b56f164: ;   {metadata(method data for {method} {0x0000027b02a50db0} '<init>' '(Ljava/lang/String;Z)V' in 'org/spongepowered/asm/mixin/injection/callback/CallbackInfo')}
  0x0000027b5b56f164: c049 b938 | 2e08 037b | 0200 0049 | 8381 1001 

  0x0000027b5b56f174: ;   {metadata(method data for {method} {0x0000027b00000518} '<init>' '()V' in 'java/lang/Object')}
  0x0000027b5b56f174: 0000 0149 | b868 6b20 | 007b 0200 | 0045 8b88 | cc00 0000 | 4183 c102 | 4589 88cc | 0000 0041 
  0x0000027b5b56f194: 81e1 feff | 1f00 4183 | f900 0f84 | b531 0000 | 450f be47 | 3841 83f8 | 000f 85c7 

  0x0000027b5b56f1b0: ;   {oop("m_91383_"{0x000000060a7b9100})}
  0x0000027b5b56f1b0: 3100 0049 | ba00 917b | 0a06 0000 | 0049 c1ea | 0344 8950 

  0x0000027b5b56f1c4: ;   {oop("m_91383_"{0x000000060a7b9100})}
  0x0000027b5b56f1c4: 1049 b800 | 917b 0a06 | 0000 004c | 8bc8 4d33 | c849 c1e9 | 1649 83f9 | 000f 85b7 | 3100 0048 
  0x0000027b5b56f1e4: ;   {metadata(method data for {method} {0x0000027b02e70f20} 'm_91383_' '(Z)V' in 'net/minecraft/client/Minecraft')}
  0x0000027b5b56f1e4: 8bd3 49b8 | a0c3 f82e | 7b02 0000 | 4983 80b0 | 1200 0001 | 448b 8424 | d000 0000 | 4c8b c848 
  0x0000027b5b56f204: ;   {optimized virtual_call}
  0x0000027b5b56f204: 8bd3 90e8 

  0x0000027b5b56f208: ; ImmutableOopMap {[200]=Oop }
                      ;*invokespecial handler$cfh000$inject$fpsPush {reexecute=0 rethrow=0 return_oop=0}
                      ; - net.minecraft.client.Minecraft::m_91383_@870 (line 1093)
  0x0000027b5b56f208: 9446 6106 | 488b 9424 | c800 0000 | 0f1f 4000 

  0x0000027b5b56f218: ;   {metadata(method data for {method} {0x0000027b02e70f20} 'm_91383_' '(Z)V' in 'net/minecraft/client/Minecraft')}
  0x0000027b5b56f218: 48bb a0c3 | f82e 7b02 | 0000 4883 | 83c0 1200 

  0x0000027b5b56f228: ;   {metadata(method data for {method} {0x0000027b02a89278} 'm_137550_' '()J' in 'net/minecraft/Util')}
  0x0000027b5b56f228: 0001 48bb | 783e ea2d | 7b02 0000 | 8bb3 cc00 | 0000 83c6 | 0289 b3cc | 0000 0081 | e6fe ff1f 
  0x0000027b5b56f248: 0083 fe00 | 0f84 6031 

  0x0000027b5b56f250: ;   {oop(a 'java/lang/Class'{0x0000000612cdbbb0} = 'net/mega/tc/Main')}
  0x0000027b5b56f250: 0000 48bb | b0bb cd12 | 0600 0000 | 488b b388 | 0000 0048 | 8b5a 2848 | c7c7 e803 | 0000 4803 
  0x0000027b5b56f270: df48 3bf3 

  0x0000027b5b56f274: ;   {metadata(method data for {method} {0x0000027b02e70f20} 'm_91383_' '(Z)V' in 'net/minecraft/client/Minecraft')}
  0x0000027b5b56f274: 48bb a0c3 | f82e 7b02 | 0000 48c7 | c6d0 1200 | 000f 8c07 | 0000 0048 | c7c6 e012 | 0000 488b 
  0x0000027b5b56f294: 3c33 488d | 7f01 4889 | 3c33 0f8c | f016 0000 

  0x0000027b5b56f2a4: ;   {oop(a 'java/lang/Class'{0x00000006151cc7f8} = 'net/minecraft/client/Minecraft')}
  0x0000027b5b56f2a4: 8b5a 5849 | b9f8 c71c | 1506 0000 | 0041 8999 | a000 0000 | bb06 0000 | 004c 8bda 

  0x0000027b5b56f2c0: ;   {metadata('java/lang/Object'[])}
  0x0000027b5b56f2c0: 48ba 5076 | 0500 0800 | 0000 4863 | db48 8bfb | 4881 fbff | ffff 000f | 87f6 3000 | 0048 be17 
  0x0000027b5b56f2e0: 0000 0000 | 0000 0048 | 8d34 9e48 | 83e6 f849 | 8b87 0801 | 0000 488d | 3430 493b | b718 0100 
  0x0000027b5b56f300: 000f 87cc | 3000 0049 | 89b7 0801 | 0000 482b | f048 c700 | 0100 0000 | 488b ca49 | ba00 0000 
  0x0000027b5b56f320: 0008 0000 | 0049 2bca | 8948 0889 | 580c 4883 | ee10 0f84 | 1a00 0000 | 4885 f60f | 8411 0000 
  0x0000027b5b56f340: 0048 33db | 48c1 ee03 | 4889 5cf0 | 0848 ffce | 75f6 418b | 99a0 0000 

  0x0000027b5b56f358: ;   {metadata(method data for {method} {0x0000027b02e70f20} 'm_91383_' '(Z)V' in 'net/minecraft/client/Minecraft')}
  0x0000027b5b56f358: 0048 baa0 | c3f8 2e7b | 0200 0048 | 8382 f012 

  0x0000027b5b56f368: ;   {metadata(method data for {method} {0x0000027b00122328} 'valueOf' '(I)Ljava/lang/Integer;' in 'java/lang/Integer')}
  0x0000027b5b56f368: 0000 0148 | ba00 646f | 007b 0200 | 008b b2cc | 0000 0083 | c602 89b2 | cc00 0000 | 81e6 feff 
  0x0000027b5b56f388: 1f00 83fe | 000f 844a | 3000 0083 

  0x0000027b5b56f394: ;   {metadata(method data for {method} {0x0000027b00122328} 'valueOf' '(I)Ljava/lang/Integer;' in 'java/lang/Integer')}
  0x0000027b5b56f394: fb80 48ba | 0064 6f00 | 7b02 0000 | 48c7 c610 | 0100 000f | 8c07 0000 | 0048 c7c6 | 2001 0000 
  0x0000027b5b56f3b4: 488b 3c32 | 488d 7f01 | 4889 3c32 | 0f8c 3300 | 0000 83fb 

  0x0000027b5b56f3c8: ;   {metadata(method data for {method} {0x0000027b00122328} 'valueOf' '(I)Ljava/lang/Integer;' in 'java/lang/Integer')}
  0x0000027b5b56f3c8: 7f48 ba00 | 646f 007b | 0200 0048 | c7c6 4001 | 0000 0f8e | 0700 0000 | 48c7 c630 | 0100 0048 
  0x0000027b5b56f3e8: 8b3c 3248 | 8d7f 0148 | 893c 320f | 8e0e 0100 

  0x0000027b5b56f3f8: ;   {metadata('java/lang/Integer')}
  0x0000027b5b56f3f8: 0048 bad8 | 6205 0008 | 0000 004c | 8bc8 498b | 8708 0100 | 0048 8d78 | 1049 3bbf | 1801 0000 
  0x0000027b5b56f418: 0f87 e02f | 0000 4989 | bf08 0100 | 0048 c700 | 0100 0000 | 488b ca49 | ba00 0000 | 0008 0000 
  0x0000027b5b56f438: 0049 2bca | 8948 0848 | 33c9 8948 | 0c48 33c9 

  0x0000027b5b56f448: ;   {metadata(method data for {method} {0x0000027b00122328} 'valueOf' '(I)Ljava/lang/Integer;' in 'java/lang/Integer')}
  0x0000027b5b56f448: 488b d048 | be00 646f | 007b 0200 | 0048 8386 | 5001 0000 

  0x0000027b5b56f45c: ;   {metadata(method data for {method} {0x0000027b001223f8} '<init>' '(I)V' in 'java/lang/Integer')}
  0x0000027b5b56f45c: 0148 ba90 | 656f 007b | 0200 008b | b2cc 0000 | 0083 c602 | 89b2 cc00 | 0000 81e6 | feff 1f00 
  0x0000027b5b56f47c: 83fe 000f | 8486 2f00 | 0048 8bd0 

  0x0000027b5b56f488: ;   {metadata(method data for {method} {0x0000027b001223f8} '<init>' '(I)V' in 'java/lang/Integer')}
  0x0000027b5b56f488: 48be 9065 | 6f00 7b02 | 0000 4883 | 8610 0100 

  0x0000027b5b56f498: ;   {metadata(method data for {method} {0x0000027b00119108} '<init>' '()V' in 'java/lang/Number')}
  0x0000027b5b56f498: 0001 48ba | d806 6f00 | 7b02 0000 | 8bb2 cc00 | 0000 83c6 | 0289 b2cc | 0000 0081 | e6fe ff1f 
  0x0000027b5b56f4b8: 0083 fe00 | 0f84 6a2f | 0000 488b 

  0x0000027b5b56f4c4: ;   {metadata(method data for {method} {0x0000027b00119108} '<init>' '()V' in 'java/lang/Number')}
  0x0000027b5b56f4c4: d048 bed8 | 066f 007b | 0200 0048 | 8386 1001 

  0x0000027b5b56f4d4: ;   {metadata(method data for {method} {0x0000027b00000518} '<init>' '()V' in 'java/lang/Object')}
  0x0000027b5b56f4d4: 0000 0148 | ba68 6b20 | 007b 0200 | 008b b2cc | 0000 0083 | c602 89b2 | cc00 0000 | 81e6 feff 
  0x0000027b5b56f4f4: 1f00 83fe | 000f 844e | 2f00 0089 | 580c e921 | 0000 004c | 8bc8 81c3 | 8000 0000 

  0x0000027b5b56f510: ;   {oop(a 'java/lang/Integer'[256] {0x00000006003a1e40})}
  0x0000027b5b56f510: 48ba 401e | 3a00 0600 | 0000 4863 | db8b 549a | 1048 c1e2 | 0348 8bc2 | 4883 f800 

  0x0000027b5b56f52c: ;   {metadata(method data for {method} {0x0000027b02e70f20} 'm_91383_' '(Z)V' in 'net/minecraft/client/Minecraft')}
  0x0000027b5b56f52c: 7516 48be | a0c3 f82e | 7b02 0000 | 808e f912 | 0000 01e9 | 0001 0000 

  0x0000027b5b56f544: ; implicit exception: dispatches to 0x0000027b5b572473
  0x0000027b5b56f544: 418b 5108 | 49ba 0000 | 0000 0800 | 0000 4903 | d28b 7008 | 49ba 0000 | 0000 0800 | 0000 4903 
  0x0000027b5b56f564: f248 8b92 | e000 0000 | 483b f20f | 8428 0000 | 008b 7a14 | 483b 143e | 0f84 1b00 | 0000 83ff 
  0x0000027b5b56f584: 200f 85a2 | 0000 0056 

  0x0000027b5b56f58c: ;   {runtime_call slow_subtype_check Runtime1 stub}
  0x0000027b5b56f58c: 52e8 ee8c | aa02 5e5a | 83fa 000f | 8490 0000 

  0x0000027b5b56f59c: ;   {metadata(method data for {method} {0x0000027b02e70f20} 'm_91383_' '(Z)V' in 'net/minecraft/client/Minecraft')}
  0x0000027b5b56f59c: 0048 bea0 | c3f8 2e7b | 0200 008b | 5008 49ba | 0000 0000 | 0800 0000 | 4903 d248 | 3b96 1013 
  0x0000027b5b56f5bc: 0000 750d | 4883 8618 | 1300 0001 | e977 0000 | 0048 3b96 | 2013 0000 | 750d 4883 | 8628 1300 
  0x0000027b5b56f5dc: 0001 e961 | 0000 0048 | 81be 1013 | 0000 0000 | 0000 7517 | 4889 9610 | 1300 0048 | c786 1813 
  0x0000027b5b56f5fc: 0000 0100 | 0000 e93d | 0000 0048 | 81be 2013 | 0000 0000 | 0000 7517 | 4889 9620 | 1300 0048 
  0x0000027b5b56f61c: c786 2813 | 0000 0100 | 0000 e919 | 0000 00eb 

  0x0000027b5b56f62c: ;   {metadata(method data for {method} {0x0000027b02e70f20} 'm_91383_' '(Z)V' in 'net/minecraft/client/Minecraft')}
  0x0000027b5b56f62c: 1748 bea0 | c3f8 2e7b | 0200 0048 | 83ae 0013 | 0000 01e9 | 342e 0000 | 498d 5110 | 410f be77 
  0x0000027b5b56f64c: 3883 fe00 | 0f85 2b2e | 0000 4c8b | d049 c1ea | 0344 8912 | 488b f248 | 33f0 48c1 | ee16 4883 
  0x0000027b5b56f66c: fe00 0f85 | 2b2e 0000 | 418b 9bc0 | 0000 0048 | c1e3 0344 

  0x0000027b5b56f680: ;   {oop(a 'net/minecraft/client/ProgressOption'{0x000000061b485230})}
  0x0000027b5b56f680: 8b6b 7c48 | ba30 5248 | 1b06 0000 | 0048 8bf2 

  0x0000027b5b56f690: ;   {metadata(method data for {method} {0x0000027b02e70f20} 'm_91383_' '(Z)V' in 'net/minecraft/client/Minecraft')}
  0x0000027b5b56f690: 48bf a0c3 | f82e 7b02 | 0000 8b76 | 0849 ba00 | 0000 0008 | 0000 0049 | 03f2 483b | b748 1300 
  0x0000027b5b56f6b0: 0075 0d48 | 8387 5013 | 0000 01e9 | 6600 0000 | 483b b758 | 1300 0075 | 0d48 8387 | 6013 0000 
  0x0000027b5b56f6d0: 01e9 5000 | 0000 4881 | bf48 1300 | 0000 0000 | 0075 1748 | 89b7 4813 | 0000 48c7 | 8750 1300 
  0x0000027b5b56f6f0: 0001 0000 | 00e9 2c00 | 0000 4881 | bf58 1300 | 0000 0000 | 0075 1748 | 89b7 5813 | 0000 48c7 
  0x0000027b5b56f710: 8760 1300 | 0001 0000 | 00e9 0800 | 0000 4883 | 8738 1300 | 0001 c5fb | 1042 18c4 | c173 2acd 
  0x0000027b5b56f730: c5f9 2ec8 | baff ffff | ff0f 8a14 | 0000 000f | 820e 0000 | 00ba 0000 | 0000 0f84 | 0300 0000 
  0x0000027b5b56f750: 48ff c283 

  0x0000027b5b56f754: ;   {metadata(method data for {method} {0x0000027b02e70f20} 'm_91383_' '(Z)V' in 'net/minecraft/client/Minecraft')}
  0x0000027b5b56f754: fa00 48ba | a0c3 f82e | 7b02 0000 | 48c7 c670 | 1300 000f | 8507 0000 | 0048 c7c6 | 8013 0000 
  0x0000027b5b56f774: 488b 3c32 | 488d 7f01 | 4889 3c32 | 0f85 1f00 

  0x0000027b5b56f784: ;   {metadata(method data for {method} {0x0000027b02e70f20} 'm_91383_' '(Z)V' in 'net/minecraft/client/Minecraft')}
  0x0000027b5b56f784: 0000 48ba | a0c3 f82e | 7b02 0000 | ff82 9013 

  0x0000027b5b56f794: ;   {oop("inf"{0x000000061fe15238})}
  0x0000027b5b56f794: 0000 49bd | 3852 e11f | 0600 0000 | e9d1 0100 

  0x0000027b5b56f7a4: ;   {metadata(method data for {method} {0x0000027b02e70f20} 'm_91383_' '(Z)V' in 'net/minecraft/client/Minecraft')}
  0x0000027b5b56f7a4: 0048 baa0 | c3f8 2e7b | 0200 0048 | 8382 a813 

  0x0000027b5b56f7b4: ;   {metadata(method data for {method} {0x0000027b00122328} 'valueOf' '(I)Ljava/lang/Integer;' in 'java/lang/Integer')}
  0x0000027b5b56f7b4: 0000 0148 | ba00 646f | 007b 0200 | 008b b2cc | 0000 0083 | c602 89b2 | cc00 0000 | 81e6 feff 
  0x0000027b5b56f7d4: 1f00 83fe | 000f 84dd | 2c00 0041 

  0x0000027b5b56f7e0: ;   {metadata(method data for {method} {0x0000027b00122328} 'valueOf' '(I)Ljava/lang/Integer;' in 'java/lang/Integer')}
  0x0000027b5b56f7e0: 83fd 8048 | ba00 646f | 007b 0200 | 0048 c7c6 | 1001 0000 | 0f8c 0700 | 0000 48c7 | c620 0100 
  0x0000027b5b56f800: 0048 8b3c | 3248 8d7f | 0148 893c | 320f 8c34 | 0000 0041 

  0x0000027b5b56f814: ;   {metadata(method data for {method} {0x0000027b00122328} 'valueOf' '(I)Ljava/lang/Integer;' in 'java/lang/Integer')}
  0x0000027b5b56f814: 83fd 7f48 | ba00 646f | 007b 0200 | 0048 c7c6 | 4001 0000 | 0f8e 0700 | 0000 48c7 | c630 0100 
  0x0000027b5b56f834: 0048 8b3c | 3248 8d7f | 0148 893c | 320f 8e0f 

  0x0000027b5b56f844: ;   {metadata('java/lang/Integer')}
  0x0000027b5b56f844: 0100 0048 | bad8 6205 | 0008 0000 | 0049 8b87 | 0801 0000 | 488d 7810 | 493b bf18 | 0100 000f 
  0x0000027b5b56f864: 8774 2c00 | 0049 89bf | 0801 0000 | 48c7 0001 | 0000 0048 | 8bca 49ba | 0000 0000 | 0800 0000 
  0x0000027b5b56f884: 492b ca89 | 4808 4833 | c989 480c | 4833 c948 

  0x0000027b5b56f894: ;   {metadata(method data for {method} {0x0000027b00122328} 'valueOf' '(I)Ljava/lang/Integer;' in 'java/lang/Integer')}
  0x0000027b5b56f894: 8bd0 48be | 0064 6f00 | 7b02 0000 | 4883 8650 | 0100 0001 

  0x0000027b5b56f8a8: ;   {metadata(method data for {method} {0x0000027b001223f8} '<init>' '(I)V' in 'java/lang/Integer')}
  0x0000027b5b56f8a8: 48ba 9065 | 6f00 7b02 | 0000 8bb2 | cc00 0000 | 83c6 0289 | b2cc 0000 | 0081 e6fe | ff1f 0083 
  0x0000027b5b56f8c8: fe00 0f84 | 1a2c 0000 

  0x0000027b5b56f8d0: ;   {metadata(method data for {method} {0x0000027b001223f8} '<init>' '(I)V' in 'java/lang/Integer')}
  0x0000027b5b56f8d0: 488b d048 | be90 656f | 007b 0200 | 0048 8386 | 1001 0000 

  0x0000027b5b56f8e4: ;   {metadata(method data for {method} {0x0000027b00119108} '<init>' '()V' in 'java/lang/Number')}
  0x0000027b5b56f8e4: 0148 bad8 | 066f 007b | 0200 008b | b2cc 0000 | 0083 c602 | 89b2 cc00 | 0000 81e6 | feff 1f00 
  0x0000027b5b56f904: 83fe 000f | 84fe 2b00 | 0048 8bd0 

  0x0000027b5b56f910: ;   {metadata(method data for {method} {0x0000027b00119108} '<init>' '()V' in 'java/lang/Number')}
  0x0000027b5b56f910: 48be d806 | 6f00 7b02 | 0000 4883 | 8610 0100 

  0x0000027b5b56f920: ;   {metadata(method data for {method} {0x0000027b00000518} '<init>' '()V' in 'java/lang/Object')}
  0x0000027b5b56f920: 0001 48ba | 686b 2000 | 7b02 0000 | 8bb2 cc00 | 0000 83c6 | 0289 b2cc | 0000 0081 | e6fe ff1f 
  0x0000027b5b56f940: 0083 fe00 | 0f84 e22b | 0000 4489 | 680c 4c8b | e8e9 2000 | 0000 4181 | c580 0000 

  0x0000027b5b56f95c: ;   {oop(a 'java/lang/Integer'[256] {0x00000006003a1e40})}
  0x0000027b5b56f95c: 0048 ba40 | 1e3a 0006 | 0000 004d | 63ed 428b | 54aa 1048 | c1e2 034c | 8bea 4983 | fd00 7516 
  0x0000027b5b56f97c: ;   {metadata(method data for {method} {0x0000027b02e70f20} 'm_91383_' '(Z)V' in 'net/minecraft/client/Minecraft')}
  0x0000027b5b56f97c: 48be a0c3 | f82e 7b02 | 0000 808e | b113 0000 | 01e9 0201 | 0000 418b | 5108 49ba | 0000 0000 
  0x0000027b5b56f99c: 0800 0000 | 4903 d241 | 8b75 0849 | ba00 0000 | 0008 0000 | 0049 03f2 | 488b 92e0 | 0000 0048 
  0x0000027b5b56f9bc: 3bf2 0f84 | 2800 0000 | 8b7a 1448 | 3b14 3e0f | 841b 0000 | 0083 ff20 | 0f85 a300 | 0000 5652 
  0x0000027b5b56f9dc: ;   {runtime_call slow_subtype_check Runtime1 stub}
  0x0000027b5b56f9dc: e89f 88aa | 025e 5a83 | fa00 0f84 | 9100 0000 

  0x0000027b5b56f9ec: ;   {metadata(method data for {method} {0x0000027b02e70f20} 'm_91383_' '(Z)V' in 'net/minecraft/client/Minecraft')}
  0x0000027b5b56f9ec: 48be a0c3 | f82e 7b02 | 0000 418b | 5508 49ba | 0000 0000 | 0800 0000 | 4903 d248 | 3b96 c813 
  0x0000027b5b56fa0c: 0000 750d | 4883 86d0 | 1300 0001 | e977 0000 | 0048 3b96 | d813 0000 | 750d 4883 | 86e0 1300 
  0x0000027b5b56fa2c: 0001 e961 | 0000 0048 | 81be c813 | 0000 0000 | 0000 7517 | 4889 96c8 | 1300 0048 | c786 d013 
  0x0000027b5b56fa4c: 0000 0100 | 0000 e93d | 0000 0048 | 81be d813 | 0000 0000 | 0000 7517 | 4889 96d8 | 1300 0048 
  0x0000027b5b56fa6c: c786 e013 | 0000 0100 | 0000 e919 | 0000 00eb 

  0x0000027b5b56fa7c: ;   {metadata(method data for {method} {0x0000027b02e70f20} 'm_91383_' '(Z)V' in 'net/minecraft/client/Minecraft')}
  0x0000027b5b56fa7c: 1748 bea0 | c3f8 2e7b | 0200 0048 | 83ae b813 | 0000 01e9 | c32a 0000 | 498d 5114 | 410f be77 
  0x0000027b5b56fa9c: 3883 fe00 | 0f85 ba2a | 0000 4d8b | d549 c1ea | 0344 8912 | 488b f249 | 33f5 48c1 | ee16 4883 
  0x0000027b5b56fabc: fe00 0f85 | ba2a 0000 | 0fbe 93af | 0000 0083 

  0x0000027b5b56facc: ;   {metadata(method data for {method} {0x0000027b02e70f20} 'm_91383_' '(Z)V' in 'net/minecraft/client/Minecraft')}
  0x0000027b5b56facc: fa00 48ba | a0c3 f82e | 7b02 0000 | 48c7 c6f0 | 1300 000f | 8407 0000 | 0048 c7c6 | 0014 0000 
  0x0000027b5b56faec: 488b 3c32 | 488d 7f01 | 4889 3c32 | 0f84 1f00 

  0x0000027b5b56fafc: ;   {metadata(method data for {method} {0x0000027b02e70f20} 'm_91383_' '(Z)V' in 'net/minecraft/client/Minecraft')}
  0x0000027b5b56fafc: 0000 48ba | a0c3 f82e | 7b02 0000 | ff82 1014 

  0x0000027b5b56fb0c: ;   {oop(" vsync"{0x000000062a4083a8})}
  0x0000027b5b56fb0c: 0000 48ba | a883 402a | 0600 0000 | e90a 0000 

  0x0000027b5b56fb1c: ;   {oop(""{0x00000006003929b0})}
  0x0000027b5b56fb1c: 0048 bab0 | 2939 0006 | 0000 0048 | 83fa 0075 

  0x0000027b5b56fb2c: ;   {metadata(method data for {method} {0x0000027b02e70f20} 'm_91383_' '(Z)V' in 'net/minecraft/client/Minecraft')}
  0x0000027b5b56fb2c: 1648 bfa0 | c3f8 2e7b | 0200 0080 | 8f21 1400 | 0001 e900 | 0100 0041 | 8b71 0849 | ba00 0000 
  0x0000027b5b56fb4c: 0008 0000 | 0049 03f2 | 8b7a 0849 | ba00 0000 | 0008 0000 | 0049 03fa | 488b b6e0 | 0000 0048 
  0x0000027b5b56fb6c: 3bfe 0f84 | 2800 0000 | 8b46 1448 | 3b34 070f | 841b 0000 | 0083 f820 | 0f85 a200 | 0000 5756 
  0x0000027b5b56fb8c: ;   {runtime_call slow_subtype_check Runtime1 stub}
  0x0000027b5b56fb8c: e8ef 86aa | 025f 5e83 | fe00 0f84 | 9000 0000 

  0x0000027b5b56fb9c: ;   {metadata(method data for {method} {0x0000027b02e70f20} 'm_91383_' '(Z)V' in 'net/minecraft/client/Minecraft')}
  0x0000027b5b56fb9c: 48bf a0c3 | f82e 7b02 | 0000 8b72 | 0849 ba00 | 0000 0008 | 0000 0049 | 03f2 483b | b738 1400 
  0x0000027b5b56fbbc: 0075 0d48 | 8387 4014 | 0000 01e9 | 7700 0000 | 483b b748 | 1400 0075 | 0d48 8387 | 5014 0000 
  0x0000027b5b56fbdc: 01e9 6100 | 0000 4881 | bf38 1400 | 0000 0000 | 0075 1748 | 89b7 3814 | 0000 48c7 | 8740 1400 
  0x0000027b5b56fbfc: 0001 0000 | 00e9 3d00 | 0000 4881 | bf48 1400 | 0000 0000 | 0075 1748 | 89b7 4814 | 0000 48c7 
  0x0000027b5b56fc1c: 8750 1400 | 0001 0000 | 00e9 1900 | 0000 eb17 

  0x0000027b5b56fc2c: ;   {metadata(method data for {method} {0x0000027b02e70f20} 'm_91383_' '(Z)V' in 'net/minecraft/client/Minecraft')}
  0x0000027b5b56fc2c: 48bf a0c3 | f82e 7b02 | 0000 4883 | af28 1400 | 0001 e958 | 2900 0049 | 8d71 1841 | 0fbe 7f38 
  0x0000027b5b56fc4c: 83ff 000f | 854f 2900 | 004c 8bd2 | 49c1 ea03 | 4489 1648 | 8bfe 4833 | fa48 c1ef | 1648 83ff 
  0x0000027b5b56fc6c: 000f 854f | 2900 008b | 93cc 0000 | 0048 c1e2 | 0348 83fa 

  0x0000027b5b56fc80: ;   {metadata(method data for {method} {0x0000027b02e70f20} 'm_91383_' '(Z)V' in 'net/minecraft/client/Minecraft')}
  0x0000027b5b56fc80: 0075 1648 | bfa0 c3f8 | 2e7b 0200 | 0080 8f59 | 1400 0001 | e900 0100 | 0041 8b71 | 0849 ba00 
  0x0000027b5b56fca0: 0000 0008 | 0000 0049 | 03f2 8b7a | 0849 ba00 | 0000 0008 | 0000 0049 | 03fa 488b | b6e0 0000 
  0x0000027b5b56fcc0: 0048 3bfe | 0f84 2800 | 0000 8b46 | 1448 3b34 | 070f 841b | 0000 0083 | f820 0f85 | a200 0000 
  0x0000027b5b56fce0: ;   {runtime_call slow_subtype_check Runtime1 stub}
  0x0000027b5b56fce0: 5756 e899 | 85aa 025f | 5e83 fe00 | 0f84 9000 

  0x0000027b5b56fcf0: ;   {metadata(method data for {method} {0x0000027b02e70f20} 'm_91383_' '(Z)V' in 'net/minecraft/client/Minecraft')}
  0x0000027b5b56fcf0: 0000 48bf | a0c3 f82e | 7b02 0000 | 8b72 0849 | ba00 0000 | 0008 0000 | 0049 03f2 | 483b b770 
  0x0000027b5b56fd10: 1400 0075 | 0d48 8387 | 7814 0000 | 01e9 7700 | 0000 483b | b780 1400 | 0075 0d48 | 8387 8814 
  0x0000027b5b56fd30: 0000 01e9 | 6100 0000 | 4881 bf70 | 1400 0000 | 0000 0075 | 1748 89b7 | 7014 0000 | 48c7 8778 
  0x0000027b5b56fd50: 1400 0001 | 0000 00e9 | 3d00 0000 | 4881 bf80 | 1400 0000 | 0000 0075 | 1748 89b7 | 8014 0000 
  0x0000027b5b56fd70: 48c7 8788 | 1400 0001 | 0000 00e9 | 1900 0000 

  0x0000027b5b56fd80: ;   {metadata(method data for {method} {0x0000027b02e70f20} 'm_91383_' '(Z)V' in 'net/minecraft/client/Minecraft')}
  0x0000027b5b56fd80: eb17 48bf | a0c3 f82e | 7b02 0000 | 4883 af60 | 1400 0001 | e946 2800 | 0049 8d71 | 1c41 0fbe 
  0x0000027b5b56fda0: 7f38 83ff | 000f 853d | 2800 004c | 8bd2 49c1 | ea03 4489 | 1648 8bfe | 4833 fa48 | c1ef 1648 
  0x0000027b5b56fdc0: 83ff 000f | 853d 2800 | 008b 93c8 | 0000 0048 

  0x0000027b5b56fdd0: ;   {oop(a 'net/minecraft/client/CloudStatus'{0x00000006112b3478})}
  0x0000027b5b56fdd0: c1e2 0349 | ba78 342b | 1106 0000 | 0049 3bd2 

  0x0000027b5b56fde0: ;   {metadata(method data for {method} {0x0000027b02e70f20} 'm_91383_' '(Z)V' in 'net/minecraft/client/Minecraft')}
  0x0000027b5b56fde0: 48be a0c3 | f82e 7b02 | 0000 48c7 | c798 1400 | 000f 8507 | 0000 0048 | c7c7 a814 | 0000 488b 
  0x0000027b5b56fe00: 043e 488d | 4001 4889 | 043e 0f85 | 1f00 0000 

  0x0000027b5b56fe10: ;   {metadata(method data for {method} {0x0000027b02e70f20} 'm_91383_' '(Z)V' in 'net/minecraft/client/Minecraft')}
  0x0000027b5b56fe10: 48ba a0c3 | f82e 7b02 | 0000 ff82 | b814 0000 

  0x0000027b5b56fe20: ;   {oop(""{0x00000006003929b0})}
  0x0000027b5b56fe20: 48ba b029 | 3900 0600 | 0000 e966 

  0x0000027b5b56fe2c: ;   {oop(a 'net/minecraft/client/CloudStatus'{0x000000061b3fa2a8})}
  0x0000027b5b56fe2c: 0000 0049 | baa8 a23f | 1b06 0000 | 0049 3bd2 

  0x0000027b5b56fe3c: ;   {metadata(method data for {method} {0x0000027b02e70f20} 'm_91383_' '(Z)V' in 'net/minecraft/client/Minecraft')}
  0x0000027b5b56fe3c: 48ba a0c3 | f82e 7b02 | 0000 48c7 | c6d0 1400 | 000f 8507 | 0000 0048 | c7c6 e014 | 0000 488b 
  0x0000027b5b56fe5c: 3c32 488d | 7f01 4889 | 3c32 0f85 | 1f00 0000 

  0x0000027b5b56fe6c: ;   {metadata(method data for {method} {0x0000027b02e70f20} 'm_91383_' '(Z)V' in 'net/minecraft/client/Minecraft')}
  0x0000027b5b56fe6c: 48ba a0c3 | f82e 7b02 | 0000 ff82 | f014 0000 

  0x0000027b5b56fe7c: ;   {oop(" fast-clouds"{0x000000062a408370})}
  0x0000027b5b56fe7c: 48ba 7083 | 402a 0600 | 0000 e90a 

  0x0000027b5b56fe88: ;   {oop(" fancy-clouds"{0x000000062a408338})}
  0x0000027b5b56fe88: 0000 0048 | ba38 8340 | 2a06 0000 | 0048 83fa 

  0x0000027b5b56fe98: ;   {metadata(method data for {method} {0x0000027b02e70f20} 'm_91383_' '(Z)V' in 'net/minecraft/client/Minecraft')}
  0x0000027b5b56fe98: 0075 1648 | bfa0 c3f8 | 2e7b 0200 | 0080 8f01 | 1500 0001 | e900 0100 | 0041 8b71 | 0849 ba00 
  0x0000027b5b56feb8: 0000 0008 | 0000 0049 | 03f2 8b7a | 0849 ba00 | 0000 0008 | 0000 0049 | 03fa 488b | b6e0 0000 
  0x0000027b5b56fed8: 0048 3bfe | 0f84 2800 | 0000 8b46 | 1448 3b34 | 070f 841b | 0000 0083 | f820 0f85 | a200 0000 
  0x0000027b5b56fef8: ;   {runtime_call slow_subtype_check Runtime1 stub}
  0x0000027b5b56fef8: 5756 e881 | 83aa 025f | 5e83 fe00 | 0f84 9000 

  0x0000027b5b56ff08: ;   {metadata(method data for {method} {0x0000027b02e70f20} 'm_91383_' '(Z)V' in 'net/minecraft/client/Minecraft')}
  0x0000027b5b56ff08: 0000 48bf | a0c3 f82e | 7b02 0000 | 8b72 0849 | ba00 0000 | 0008 0000 | 0049 03f2 | 483b b718 
  0x0000027b5b56ff28: 1500 0075 | 0d48 8387 | 2015 0000 | 01e9 7700 | 0000 483b | b728 1500 | 0075 0d48 | 8387 3015 
  0x0000027b5b56ff48: 0000 01e9 | 6100 0000 | 4881 bf18 | 1500 0000 | 0000 0075 | 1748 89b7 | 1815 0000 | 48c7 8720 
  0x0000027b5b56ff68: 1500 0001 | 0000 00e9 | 3d00 0000 | 4881 bf28 | 1500 0000 | 0000 0075 | 1748 89b7 | 2815 0000 
  0x0000027b5b56ff88: 48c7 8730 | 1500 0001 | 0000 00e9 | 1900 0000 

  0x0000027b5b56ff98: ;   {metadata(method data for {method} {0x0000027b02e70f20} 'm_91383_' '(Z)V' in 'net/minecraft/client/Minecraft')}
  0x0000027b5b56ff98: eb17 48bf | a0c3 f82e | 7b02 0000 | 4883 af08 | 1500 0001 | e972 2600 | 0049 8d71 | 2041 0fbe 
  0x0000027b5b56ffb8: 7f38 83ff | 000f 8569 | 2600 004c | 8bd2 49c1 | ea03 4489 | 1648 8bfe | 4833 fa48 | c1ef 1648 
  0x0000027b5b56ffd8: 83ff 000f | 8569 2600 | 008b 9b8c 

  0x0000027b5b56ffe4: ;   {metadata(method data for {method} {0x0000027b02e70f20} 'm_91383_' '(Z)V' in 'net/minecraft/client/Minecraft')}
  0x0000027b5b56ffe4: 0000 0048 | baa0 c3f8 | 2e7b 0200 | 0048 8382 | 4015 0000 

  0x0000027b5b56fff8: ;   {metadata(method data for {method} {0x0000027b00122328} 'valueOf' '(I)Ljava/lang/Integer;' in 'java/lang/Integer')}
  0x0000027b5b56fff8: 0148 ba00 | 646f 007b | 0200 008b | b2cc 0000 | 0083 c602 | 89b2 cc00 | 0000 81e6 | feff 1f00 
  0x0000027b5b570018: 83fe 000f | 8441 2600 | 0083 fb80 

  0x0000027b5b570024: ;   {metadata(method data for {method} {0x0000027b00122328} 'valueOf' '(I)Ljava/lang/Integer;' in 'java/lang/Integer')}
  0x0000027b5b570024: 48ba 0064 | 6f00 7b02 | 0000 48c7 | c610 0100 | 000f 8c07 | 0000 0048 | c7c6 2001 | 0000 488b 
  0x0000027b5b570044: 3c32 488d | 7f01 4889 | 3c32 0f8c | 3300 0000 

  0x0000027b5b570054: ;   {metadata(method data for {method} {0x0000027b00122328} 'valueOf' '(I)Ljava/lang/Integer;' in 'java/lang/Integer')}
  0x0000027b5b570054: 83fb 7f48 | ba00 646f | 007b 0200 | 0048 c7c6 | 4001 0000 | 0f8e 0700 | 0000 48c7 | c630 0100 
  0x0000027b5b570074: 0048 8b3c | 3248 8d7f | 0148 893c | 320f 8e0b 

  0x0000027b5b570084: ;   {metadata('java/lang/Integer')}
  0x0000027b5b570084: 0100 0048 | bad8 6205 | 0008 0000 | 0049 8b87 | 0801 0000 | 488d 7810 | 493b bf18 | 0100 000f 
  0x0000027b5b5700a4: 87da 2500 | 0049 89bf | 0801 0000 | 48c7 0001 | 0000 0048 | 8bca 49ba | 0000 0000 | 0800 0000 
  0x0000027b5b5700c4: 492b ca89 | 4808 4833 | c989 480c | 4833 c948 

  0x0000027b5b5700d4: ;   {metadata(method data for {method} {0x0000027b00122328} 'valueOf' '(I)Ljava/lang/Integer;' in 'java/lang/Integer')}
  0x0000027b5b5700d4: 8bd0 48be | 0064 6f00 | 7b02 0000 | 4883 8650 | 0100 0001 

  0x0000027b5b5700e8: ;   {metadata(method data for {method} {0x0000027b001223f8} '<init>' '(I)V' in 'java/lang/Integer')}
  0x0000027b5b5700e8: 48ba 9065 | 6f00 7b02 | 0000 8bb2 | cc00 0000 | 83c6 0289 | b2cc 0000 | 0081 e6fe | ff1f 0083 
  0x0000027b5b570108: fe00 0f84 | 8025 0000 

  0x0000027b5b570110: ;   {metadata(method data for {method} {0x0000027b001223f8} '<init>' '(I)V' in 'java/lang/Integer')}
  0x0000027b5b570110: 488b d048 | be90 656f | 007b 0200 | 0048 8386 | 1001 0000 

  0x0000027b5b570124: ;   {metadata(method data for {method} {0x0000027b00119108} '<init>' '()V' in 'java/lang/Number')}
  0x0000027b5b570124: 0148 bad8 | 066f 007b | 0200 008b | b2cc 0000 | 0083 c602 | 89b2 cc00 | 0000 81e6 | feff 1f00 
  0x0000027b5b570144: 83fe 000f | 8464 2500 | 0048 8bd0 

  0x0000027b5b570150: ;   {metadata(method data for {method} {0x0000027b00119108} '<init>' '()V' in 'java/lang/Number')}
  0x0000027b5b570150: 48be d806 | 6f00 7b02 | 0000 4883 | 8610 0100 

  0x0000027b5b570160: ;   {metadata(method data for {method} {0x0000027b00000518} '<init>' '()V' in 'java/lang/Object')}
  0x0000027b5b570160: 0001 48ba | 686b 2000 | 7b02 0000 | 8bb2 cc00 | 0000 83c6 | 0289 b2cc | 0000 0081 | e6fe ff1f 
  0x0000027b5b570180: 0083 fe00 | 0f84 4825 | 0000 8958 | 0ce9 1e00 | 0000 81c3 | 8000 0000 

  0x0000027b5b570198: ;   {oop(a 'java/lang/Integer'[256] {0x00000006003a1e40})}
  0x0000027b5b570198: 48ba 401e | 3a00 0600 | 0000 4863 | db8b 549a | 1048 c1e2 | 0348 8bc2 | 4883 f800 

  0x0000027b5b5701b4: ;   {metadata(method data for {method} {0x0000027b02e70f20} 'm_91383_' '(Z)V' in 'net/minecraft/client/Minecraft')}
  0x0000027b5b5701b4: 7516 48bf | a0c3 f82e | 7b02 0000 | 808f 4915 | 0000 01e9 | 0001 0000 

  0x0000027b5b5701cc: ; implicit exception: dispatches to 0x0000027b5b5726f8
  0x0000027b5b5701cc: 418b 7108 | 49ba 0000 | 0000 0800 | 0000 4903 | f28b 7808 | 49ba 0000 | 0000 0800 | 0000 4903 
  0x0000027b5b5701ec: fa48 8bb6 | e000 0000 | 483b fe0f | 8428 0000 | 008b 4e14 | 483b 340f | 0f84 1b00 | 0000 83f9 
  0x0000027b5b57020c: 200f 85a2 | 0000 0057 

  0x0000027b5b570214: ;   {runtime_call slow_subtype_check Runtime1 stub}
  0x0000027b5b570214: 56e8 6680 | aa02 5f5e | 83fe 000f | 8490 0000 

  0x0000027b5b570224: ;   {metadata(method data for {method} {0x0000027b02e70f20} 'm_91383_' '(Z)V' in 'net/minecraft/client/Minecraft')}
  0x0000027b5b570224: 0048 bfa0 | c3f8 2e7b | 0200 008b | 7008 49ba | 0000 0000 | 0800 0000 | 4903 f248 | 3bb7 6015 
  0x0000027b5b570244: 0000 750d | 4883 8768 | 1500 0001 | e977 0000 | 0048 3bb7 | 7015 0000 | 750d 4883 | 8778 1500 
  0x0000027b5b570264: 0001 e961 | 0000 0048 | 81bf 6015 | 0000 0000 | 0000 7517 | 4889 b760 | 1500 0048 | c787 6815 
  0x0000027b5b570284: 0000 0100 | 0000 e93d | 0000 0048 | 81bf 7015 | 0000 0000 | 0000 7517 | 4889 b770 | 1500 0048 
  0x0000027b5b5702a4: c787 7815 | 0000 0100 | 0000 e919 | 0000 00eb 

  0x0000027b5b5702b4: ;   {metadata(method data for {method} {0x0000027b02e70f20} 'm_91383_' '(Z)V' in 'net/minecraft/client/Minecraft')}
  0x0000027b5b5702b4: 1748 bfa0 | c3f8 2e7b | 0200 0048 | 83af 5015 | 0000 01e9 | 3124 0000 | 498d 7124 | 410f be7f 
  0x0000027b5b5702d4: 3883 ff00 | 0f85 2824 | 0000 4c8b | d049 c1ea | 0344 8916 | 488b fe48 | 33f8 48c1 | ef16 4883 
  0x0000027b5b5702f4: ff00 0f85 | 2824 0000 

  0x0000027b5b5702fc: ;   {metadata(method data for {method} {0x0000027b02e70f20} 'm_91383_' '(Z)V' in 'net/minecraft/client/Minecraft')}
  0x0000027b5b5702fc: 48be a0c3 | f82e 7b02 | 0000 4883 | 8688 1500 

  0x0000027b5b57030c: ;   {metadata(method data for {method} {0x0000027b0000dfd0} 'format' '(Ljava/lang/String;[Ljava/lang/Object;)Ljava/lang/String;' in 'java/lang/String')}
  0x0000027b5b57030c: 0001 48be | 48f6 b900 | 7b02 0000 | 8bbe cc00 | 0000 83c7 | 0289 becc | 0000 0081 | e7fe ff1f 
  0x0000027b5b57032c: 0083 ff00 | 0f84 0624 

  0x0000027b5b570334: ;   {metadata('java/util/Formatter')}
  0x0000027b5b570334: 0000 48ba | 58e3 1f00 | 0800 0000 | 498b 8708 | 0100 0048 | 8d78 2049 | 3bbf 1801 | 0000 0f87 
  0x0000027b5b570354: 0524 0000 | 4989 bf08 | 0100 0048 | c700 0100 | 0000 488b | ca49 ba00 | 0000 0008 | 0000 0049 
  0x0000027b5b570374: 2bca 8948 | 0848 33c9 | 8948 0c48 | 33c9 4889 | 4810 4889 | 4818 488b 

  0x0000027b5b57038c: ;   {metadata(method data for {method} {0x0000027b0000dfd0} 'format' '(Ljava/lang/String;[Ljava/lang/Object;)Ljava/lang/String;' in 'java/lang/String')}
  0x0000027b5b57038c: d048 be48 | f6b9 007b | 0200 0048 | 8386 1001 

  0x0000027b5b57039c: ;   {metadata(method data for {method} {0x0000027b010ccb70} '<init>' '()V' in 'java/util/Formatter')}
  0x0000027b5b57039c: 0000 0148 | ba88 5d39 | 017b 0200 | 008b b2cc | 0000 0083 | c602 89b2 | cc00 0000 | 81e6 feff 
  0x0000027b5b5703bc: 1f00 83fe | 000f 84a3 

  0x0000027b5b5703c4: ;   {metadata(method data for {method} {0x0000027b010ccb70} '<init>' '()V' in 'java/util/Formatter')}
  0x0000027b5b5703c4: 2300 0048 | ba88 5d39 | 017b 0200 | 0048 8382 | 1001 0000 

  0x0000027b5b5703d8: ;   {oop(a 'java/util/Locale$Category'{0x00000006040d9a68})}
  0x0000027b5b5703d8: 0148 ba68 | 9a0d 0406 | 0000 004c | 898c 2470 | 0100 0048 | 8984 2468 | 0100 000f 

  0x0000027b5b5703f4: ;   {static_call}
  0x0000027b5b5703f4: 1f40 00e8 

  0x0000027b5b5703f8: ; ImmutableOopMap {[368]=Oop [360]=Oop [200]=Oop }
                      ;*invokestatic getDefault {reexecute=0 rethrow=0 return_oop=0}
                      ; - java.util.Formatter::<init>@4 (line 1989)
                      ; - java.lang.String::format@4 (line 4145)
                      ; - net.minecraft.client.Minecraft::m_91383_@1039 (line 1097)
  0x0000027b5b5703f8: a400 2903 

  0x0000027b5b5703fc: ;   {metadata('java/lang/StringBuilder')}
  0x0000027b5b5703fc: 48ba d0f7 | 0400 0800 | 0000 4889 | 8424 8001 | 0000 498b | 8708 0100 | 0048 8d78 | 1849 3bbf 
  0x0000027b5b57041c: 1801 0000 | 0f87 6523 | 0000 4989 | bf08 0100 | 0048 c700 | 0100 0000 | 488b ca49 | ba00 0000 
  0x0000027b5b57043c: 0008 0000 | 0049 2bca | 8948 0848 | 33c9 8948 | 0c48 33c9 | 4889 4810 

  0x0000027b5b570454: ;   {metadata(method data for {method} {0x0000027b010ccb70} '<init>' '()V' in 'java/util/Formatter')}
  0x0000027b5b570454: 4c8b c048 | ba88 5d39 | 017b 0200 | 0048 8382 | 2001 0000 

  0x0000027b5b570468: ;   {metadata(method data for {method} {0x0000027b000b5220} '<init>' '()V' in 'java/lang/StringBuilder')}
  0x0000027b5b570468: 0149 b8b8 | 6136 007b | 0200 0041 | 8b90 cc00 | 0000 83c2 | 0241 8990 | cc00 0000 | 81e2 feff 
  0x0000027b5b570488: 1f00 83fa | 000f 8405 | 2300 004c 

  0x0000027b5b570494: ;   {metadata(method data for {method} {0x0000027b000b5220} '<init>' '()V' in 'java/lang/StringBuilder')}
  0x0000027b5b570494: 8bc0 48ba | b861 3600 | 7b02 0000 | 4883 8210 | 0100 0001 | 41b8 1000 | 0000 488b | d048 8984 
  0x0000027b5b5704b4: 2478 0100 | 0066 0f1f 

  0x0000027b5b5704bc: ;   {optimized virtual_call}
  0x0000027b5b5704bc: 4400 00e8 

  0x0000027b5b5704c0: ; ImmutableOopMap {[368]=Oop [360]=Oop [200]=Oop [376]=Oop [384]=Oop }
                      ;*invokespecial <init> {reexecute=0 rethrow=0 return_oop=0}
                      ; - java.lang.StringBuilder::<init>@3 (line 106)
                      ; - java.util.Formatter::<init>@11 (line 1989)
                      ; - java.lang.String::format@4 (line 4145)
                      ; - net.minecraft.client.Minecraft::m_91383_@1039 (line 1097)
  0x0000027b5b5704c0: fce9 2503 | 488b 8424 | 6801 0000 

  0x0000027b5b5704cc: ;   {metadata(method data for {method} {0x0000027b010ccb70} '<init>' '()V' in 'java/util/Formatter')}
  0x0000027b5b5704cc: 49b8 885d | 3901 7b02 | 0000 4983 | 8030 0100 

  0x0000027b5b5704dc: ;   {metadata(method data for {method} {0x0000027b010cc9d8} '<init>' '(Ljava/util/Locale;Ljava/lang/Appendable;)V' in 'java/util/Formatter')}
  0x0000027b5b5704dc: 0001 49b8 | 3861 3901 | 7b02 0000 | 458b 88cc | 0000 0041 | 83c1 0245 | 8988 cc00 | 0000 4181 
  0x0000027b5b5704fc: e1fe ff1f | 0041 83f9 | 000f 84ae | 2200 0048 | 8b84 2468 

  0x0000027b5b570510: ;   {metadata(method data for {method} {0x0000027b010cc9d8} '<init>' '(Ljava/util/Locale;Ljava/lang/Appendable;)V' in 'java/util/Formatter')}
  0x0000027b5b570510: 0100 0049 | b838 6139 | 017b 0200 | 0049 8380 | 1001 0000 

  0x0000027b5b570524: ;   {metadata(method data for {method} {0x0000027b00000518} '<init>' '()V' in 'java/lang/Object')}
  0x0000027b5b570524: 0149 b868 | 6b20 007b | 0200 0045 | 8b88 cc00 | 0000 4183 | c102 4589 | 88cc 0000 | 0041 81e1 
  0x0000027b5b570544: feff 1f00 | 4183 f900 | 0f84 8822 | 0000 41b8 | feff 0000 | 488b 8424 | 6801 0000 | 6644 8940 
  0x0000027b5b570564: 0c45 0fbe | 4738 4183 | f800 0f85 | 8722 0000 | 4c8b 8424 | 7801 0000 | 4d8b d049 | c1ea 0344 
  0x0000027b5b570584: 8950 104c | 8bc8 4d33 | c849 c1e9 | 1649 83f9 | 000f 8580 | 2200 0045 | 0fbe 4738 | 4183 f800 
  0x0000027b5b5705a4: 0f85 8922 | 0000 4c8b | 8424 8001 | 0000 4d8b | d049 c1ea | 0344 8950 | 144c 8bc8 | 4d33 c849 
  0x0000027b5b5705c4: c1e9 1649 | 83f9 000f | 8582 2200 | 004c 8bc8 

  0x0000027b5b5705d4: ;   {metadata(method data for {method} {0x0000027b0000dfd0} 'format' '(Ljava/lang/String;[Ljava/lang/Object;)Ljava/lang/String;' in 'java/lang/String')}
  0x0000027b5b5705d4: 48bf 48f6 | b900 7b02 | 0000 4883 | 8720 0100 

  0x0000027b5b5705e4: ;   {metadata(method data for {method} {0x0000027b010cdf30} 'format' '(Ljava/lang/String;[Ljava/lang/Object;)Ljava/util/Formatter;' in 'java/util/Formatter')}
  0x0000027b5b5705e4: 0001 49b9 | c872 3901 | 7b02 0000 | 418b b9cc | 0000 0083 | c702 4189 | b9cc 0000 | 0081 e7fe 
  0x0000027b5b570604: ff1f 0083 | ff00 0f84 | 5b22 0000 

  0x0000027b5b570610: ;   {metadata(method data for {method} {0x0000027b010cdf30} 'format' '(Ljava/lang/String;[Ljava/lang/Object;)Ljava/util/Formatter;' in 'java/util/Formatter')}
  0x0000027b5b570610: 4c8b c848 | bfc8 7239 | 017b 0200 | 0048 8387 | 1001 0000 

  0x0000027b5b570624: ;   {oop("%d fps T: %s%s%s%s B: %d"{0x000000062a4083d8})}
  0x0000027b5b570624: 0149 b9d8 | 8340 2a06 | 0000 0048 | 8bbc 2470 | 0100 0048 | 8bd0 0f1f 

  0x0000027b5b57063c: ;   {optimized virtual_call}
  0x0000027b5b57063c: 4400 00e8 

  0x0000027b5b570640: ; ImmutableOopMap {[200]=Oop }
                      ;*invokevirtual format {reexecute=0 rethrow=0 return_oop=0}
                      ; - java.util.Formatter::format@7 (line 2625)
                      ; - java.lang.String::format@9 (line 4145)
                      ; - net.minecraft.client.Minecraft::m_91383_@1039 (line 1097)
  0x0000027b5b570640: dc1e e604 

  0x0000027b5b570644: ; implicit exception: dispatches to 0x0000027b5b57288c
  0x0000027b5b570644: 483b 0048 

  0x0000027b5b570648: ;   {metadata(method data for {method} {0x0000027b0000dfd0} 'format' '(Ljava/lang/String;[Ljava/lang/Object;)Ljava/lang/String;' in 'java/lang/String')}
  0x0000027b5b570648: 8bd0 48be | 48f6 b900 | 7b02 0000 | 4883 8658 | 0100 0001 

  0x0000027b5b57065c: ;   {metadata(method data for {method} {0x0000027b010cdb30} 'toString' '()Ljava/lang/String;' in 'java/util/Formatter')}
  0x0000027b5b57065c: 48ba d07c | 3901 7b02 | 0000 8bb2 | cc00 0000 | 83c6 0289 | b2cc 0000 | 0081 e6fe | ff1f 0083 
  0x0000027b5b57067c: fe00 0f84 | 0d22 0000 

  0x0000027b5b570684: ;   {metadata(method data for {method} {0x0000027b010cdb30} 'toString' '()Ljava/lang/String;' in 'java/util/Formatter')}
  0x0000027b5b570684: 488b d048 | bed0 7c39 | 017b 0200 | 0048 8386 | 1001 0000 

  0x0000027b5b570698: ;   {metadata(method data for {method} {0x0000027b010cddd0} 'ensureOpen' '()V' in 'java/util/Formatter')}
  0x0000027b5b570698: 0148 ba10 | 7f39 017b | 0200 008b | b2cc 0000 | 0083 c602 | 89b2 cc00 | 0000 81e6 | feff 1f00 
  0x0000027b5b5706b8: 83fe 000f | 84f1 2100 | 008b 5010 | 48c1 e203 | 4883 fa00 

  0x0000027b5b5706cc: ;   {metadata(method data for {method} {0x0000027b010cddd0} 'ensureOpen' '()V' in 'java/util/Formatter')}
  0x0000027b5b5706cc: 48be 107f | 3901 7b02 | 0000 48c7 | c720 0100 | 000f 8407 | 0000 0048 | c7c7 1001 | 0000 488b 
  0x0000027b5b5706ec: 1c3e 488d | 5b01 4889 | 1c3e 0f84 | 1e08 0000 

  0x0000027b5b5706fc: ; implicit exception: dispatches to 0x0000027b5b5728d3
  0x0000027b5b5706fc: 483b 0248 

  0x0000027b5b570700: ;   {metadata(method data for {method} {0x0000027b010cdb30} 'toString' '()Ljava/lang/String;' in 'java/util/Formatter')}
  0x0000027b5b570700: 8bf2 48bf | d07c 3901 | 7b02 0000 | 8b76 0849 | ba00 0000 | 0008 0000 | 0049 03f2 | 483b b758 
  0x0000027b5b570720: 0100 0075 | 0d48 8387 | 6001 0000 | 01e9 6600 | 0000 483b | b768 0100 | 0075 0d48 | 8387 7001 
  0x0000027b5b570740: 0000 01e9 | 5000 0000 | 4881 bf58 | 0100 0000 | 0000 0075 | 1748 89b7 | 5801 0000 | 48c7 8760 
  0x0000027b5b570760: 0100 0001 | 0000 00e9 | 2c00 0000 | 4881 bf68 | 0100 0000 | 0000 0075 | 1748 89b7 | 6801 0000 
  0x0000027b5b570780: 48c7 8770 | 0100 0001 | 0000 00e9 | 0800 0000 | 4883 8748 | 0100 0001 | 0f1f 4400 | 0048 b8d0 
  0x0000027b5b5707a0: f704 0008 

  0x0000027b5b5707a4: ;   {virtual_call}
  0x0000027b5b5707a4: 0000 00e8 

  0x0000027b5b5707a8: ; ImmutableOopMap {[200]=Oop }
                      ;*invokevirtual toString {reexecute=0 rethrow=0 return_oop=0}
                      ; - java.util.Formatter::toString@8 (line 2525)
                      ; - java.lang.String::format@12 (line 4145)
                      ; - net.minecraft.client.Minecraft::m_91383_@1039 (line 1097)
  0x0000027b5b5707a8: f4e3 3003 | 488b 9424 | c800 0000 | 410f be77 | 3883 fe00 | 0f85 1621 | 0000 4c8b | d049 c1ea 
  0x0000027b5b5707c8: 0344 8992 | 8801 0000 | 488b f248 | 33f0 48c1 | ee16 4883 | fe00 0f85 | 1621 0000 

  0x0000027b5b5707e4: ;   {metadata('org/spongepowered/asm/mixin/injection/callback/CallbackInfo')}
  0x0000027b5b5707e4: 488b da48 | bad8 2d5f | 0008 0000 | 0049 8b87 | 0801 0000 | 488d 7818 | 493b bf18 | 0100 000f 
  0x0000027b5b570804: 8709 2100 | 0049 89bf | 0801 0000 | 48c7 0001 | 0000 0048 | 8bca 49ba | 0000 0000 | 0800 0000 
  0x0000027b5b570824: 492b ca89 | 4808 4833 | c989 480c | 4833 c948 | 8948 104c 

  0x0000027b5b570838: ;   {metadata(method data for {method} {0x0000027b02e70f20} 'm_91383_' '(Z)V' in 'net/minecraft/client/Minecraft')}
  0x0000027b5b570838: 8bc0 49b9 | a0c3 f82e | 7b02 0000 | 4983 8198 | 1500 0001 

  0x0000027b5b57084c: ;   {metadata(method data for {method} {0x0000027b02a50db0} '<init>' '(Ljava/lang/String;Z)V' in 'org/spongepowered/asm/mixin/injection/callback/CallbackInfo')}
  0x0000027b5b57084c: 49b8 382e | 0803 7b02 | 0000 458b | 88cc 0000 | 0041 83c1 | 0245 8988 | cc00 0000 | 4181 e1fe 
  0x0000027b5b57086c: ff1f 0041 | 83f9 000f | 84a6 2000 | 004c 8bc0 

  0x0000027b5b57087c: ;   {metadata(method data for {method} {0x0000027b02a50db0} '<init>' '(Ljava/lang/String;Z)V' in 'org/spongepowered/asm/mixin/injection/callback/CallbackInfo')}
  0x0000027b5b57087c: 49b9 382e | 0803 7b02 | 0000 4983 | 8110 0100 

  0x0000027b5b57088c: ;   {metadata(method data for {method} {0x0000027b00000518} '<init>' '()V' in 'java/lang/Object')}
  0x0000027b5b57088c: 0001 49b8 | 686b 2000 | 7b02 0000 | 458b 88cc | 0000 0041 | 83c1 0245 | 8988 cc00 | 0000 4181 
  0x0000027b5b5708ac: e1fe ff1f | 0041 83f9 | 000f 8485 

  0x0000027b5b5708b8: ;   {oop("m_91383_"{0x000000060a7b9100})}
  0x0000027b5b5708b8: 2000 0049 | b800 917b | 0a06 0000 | 0045 0fbe | 4738 4183 | f800 0f85 | 8d20 0000 

  0x0000027b5b5708d4: ;   {oop("m_91383_"{0x000000060a7b9100})}
  0x0000027b5b5708d4: 49ba 0091 | 7b0a 0600 | 0000 49c1 | ea03 4489 

  0x0000027b5b5708e4: ;   {oop("m_91383_"{0x000000060a7b9100})}
  0x0000027b5b5708e4: 5010 49b8 | 0091 7b0a | 0600 0000 | 4c8b c84d | 33c8 49c1 | e916 4983 | f900 0f85 | 7d20 0000 
  0x0000027b5b570904: ;   {metadata(method data for {method} {0x0000027b02e70f20} 'm_91383_' '(Z)V' in 'net/minecraft/client/Minecraft')}
  0x0000027b5b570904: 488b d349 | b8a0 c3f8 | 2e7b 0200 | 0049 8380 | a815 0000 | 0144 8b84 | 24d0 0000 | 004c 8bc8 
  0x0000027b5b570924: ;   {optimized virtual_call}
  0x0000027b5b570924: 488b d3e8 

  0x0000027b5b570928: ; ImmutableOopMap {[200]=Oop }
                      ;*invokespecial handler$cfh000$modify$fpsString {reexecute=0 rethrow=0 return_oop=0}
                      ; - net.minecraft.client.Minecraft::m_91383_@1058 (line 1097)
  0x0000027b5b570928: b4da 5dfd | 488b 9424 | c800 0000 | 488b 7228 | 48c7 c7e8 | 0300 0048 | 03f7 4889 | 7228 c742 
  0x0000027b5b570948: 5800 0000 

  0x0000027b5b57094c: ;   {metadata(method data for {method} {0x0000027b02e70f20} 'm_91383_' '(Z)V' in 'net/minecraft/client/Minecraft')}
  0x0000027b5b57094c: 0048 bea0 | c3f8 2e7b | 0200 008b | bed0 0000 | 0083 c702 | 89be d000 | 0000 81e7 | fe3f 0000 
  0x0000027b5b57096c: 83ff 000f | 8424 2000 | 004d 8b97 

  0x0000027b5b570978: ; ImmutableOopMap {rdx=Oop [200]=Oop }
                      ;*goto {reexecute=1 rethrow=0 return_oop=0}
                      ; - (reexecute) net.minecraft.client.Minecraft::m_91383_@1078 (line 1099)
  0x0000027b5b570978: 5003 0000 

  0x0000027b5b57097c: ;   {poll}
  0x0000027b5b57097c: 4185 0248 | bea0 c3f8 | 2e7b 0200 | 00ff 86b8 | 1500 00e9 | 84e8 ffff | 8bb2 9801 | 0000 48c1 
  0x0000027b5b57099c: e603 4883 | fe00 0f84 | 2900 0000 

  0x0000027b5b5709a8: ;   {metadata('net/minecraft/util/profiling/InactiveProfiler')}
  0x0000027b5b5709a8: 48bb c8eb | d400 0800 | 0000 8b4e | 0849 ba00 | 0000 0008 | 0000 0049 | 03ca 483b | 5938 0f85 
  0x0000027b5b5709c8: ee1f 0000 | e900 0000 | 0048 8bfe 

  0x0000027b5b5709d4: ; implicit exception: dispatches to 0x0000027b5b5729bf
                      ;   {metadata(method data for {method} {0x0000027b02e70f20} 'm_91383_' '(Z)V' in 'net/minecraft/client/Minecraft')}
  0x0000027b5b5709d4: 483b 0648 | bfa0 c3f8 | 2e7b 0200 | 0048 8387 | e815 0000 

  0x0000027b5b5709e8: ;   {metadata(method data for {method} {0x0000027b0da5c520} 'm_7238_' '()V' in 'net/minecraft/util/profiling/InactiveProfiler')}
  0x0000027b5b5709e8: 0148 be20 | 9ec9 2d7b | 0200 008b | becc 0000 | 0083 c702 | 89be cc00 | 0000 81e7 | feff 1f00 
  0x0000027b5b570a08: 83ff 000f | 84b3 1f00 | 0048 8bda 

  0x0000027b5b570a14: ;   {metadata('org/spongepowered/asm/mixin/injection/callback/CallbackInfo')}
  0x0000027b5b570a14: 48ba d82d | 5f00 0800 | 0000 498b | 8708 0100 | 0048 8d78 | 1849 3bbf | 1801 0000 | 0f87 af1f 
  0x0000027b5b570a34: 0000 4989 | bf08 0100 | 0048 c700 | 0100 0000 | 488b ca49 | ba00 0000 | 0008 0000 | 0049 2bca 
  0x0000027b5b570a54: 8948 0848 | 33c9 8948 | 0c48 33c9 | 4889 4810 

  0x0000027b5b570a64: ;   {metadata(method data for {method} {0x0000027b02e70f20} 'm_91383_' '(Z)V' in 'net/minecraft/client/Minecraft')}
  0x0000027b5b570a64: 488b f048 | bfa0 c3f8 | 2e7b 0200 | 0048 8387 | 0816 0000 

  0x0000027b5b570a78: ;   {metadata(method data for {method} {0x0000027b02a50db0} '<init>' '(Ljava/lang/String;Z)V' in 'org/spongepowered/asm/mixin/injection/callback/CallbackInfo')}
  0x0000027b5b570a78: 0148 be38 | 2e08 037b | 0200 008b | becc 0000 | 0083 c702 | 89be cc00 | 0000 81e7 | feff 1f00 
  0x0000027b5b570a98: 83ff 000f | 8451 1f00 | 0048 8bf0 

  0x0000027b5b570aa4: ;   {metadata(method data for {method} {0x0000027b02a50db0} '<init>' '(Ljava/lang/String;Z)V' in 'org/spongepowered/asm/mixin/injection/callback/CallbackInfo')}
  0x0000027b5b570aa4: 48bf 382e | 0803 7b02 | 0000 4883 | 8710 0100 

  0x0000027b5b570ab4: ;   {metadata(method data for {method} {0x0000027b00000518} '<init>' '()V' in 'java/lang/Object')}
  0x0000027b5b570ab4: 0001 48be | 686b 2000 | 7b02 0000 | 8bbe cc00 | 0000 83c7 | 0289 becc | 0000 0081 | e7fe ff1f 
  0x0000027b5b570ad4: 0083 ff00 | 0f84 351f 

  0x0000027b5b570adc: ;   {oop("m_91383_"{0x000000060a7b9100})}
  0x0000027b5b570adc: 0000 48be | 0091 7b0a | 0600 0000 | 410f be77 | 3883 fe00 | 0f85 3e1f 

  0x0000027b5b570af4: ;   {oop("m_91383_"{0x000000060a7b9100})}
  0x0000027b5b570af4: 0000 49ba | 0091 7b0a | 0600 0000 | 49c1 ea03 | 4489 5010 

  0x0000027b5b570b08: ;   {oop("m_91383_"{0x000000060a7b9100})}
  0x0000027b5b570b08: 48be 0091 | 7b0a 0600 | 0000 488b | f848 33fe | 48c1 ef16 | 4883 ff00 | 0f85 2d1f | 0000 488b 
  0x0000027b5b570b28: ;   {metadata(method data for {method} {0x0000027b02e70f20} 'm_91383_' '(Z)V' in 'net/minecraft/client/Minecraft')}
  0x0000027b5b570b28: d348 bea0 | c3f8 2e7b | 0200 0048 | 8386 1816 

  0x0000027b5b570b38: ;   {metadata(method data for {method} {0x0000027b02e7e868} 'handler$bim000$onRunTick' '(ZLorg/spongepowered/asm/mixin/injection/callback/CallbackInfo;)V' in 'net/minecraft/client/Minecraft')}
  0x0000027b5b570b38: 0000 0148 | be08 c4f9 | 2e7b 0200 | 008b becc | 0000 0083 | c702 89be | cc00 0000 | 81e7 feff 
  0x0000027b5b570b58: 1f00 83ff | 000f 8408 

  0x0000027b5b570b60: ;   {metadata(method data for {method} {0x0000027b02e7e868} 'handler$bim000$onRunTick' '(ZLorg/spongepowered/asm/mixin/injection/callback/CallbackInfo;)V' in 'net/minecraft/client/Minecraft')}
  0x0000027b5b570b60: 1f00 0048 | be08 c4f9 | 2e7b 0200 | 0048 8386 | 1001 0000 

  0x0000027b5b570b74: ;   {metadata(method data for {method} {0x0000027b2dc693c8} 'tick' '()V' in 'codechicken/lib/internal/ItemFileRenderer')}
  0x0000027b5b570b74: 0148 be78 | c5f9 2e7b | 0200 008b | becc 0000 | 0083 c702 | 89be cc00 | 0000 81e7 | feff 1f00 
  0x0000027b5b570b94: 83ff 000f | 84ef 1e00 

  0x0000027b5b570b9c: ;   {metadata(method data for {method} {0x0000027b2dc693c8} 'tick' '()V' in 'codechicken/lib/internal/ItemFileRenderer')}
  0x0000027b5b570b9c: 0048 be78 | c5f9 2e7b | 0200 0048 | 8386 1001 

  0x0000027b5b570bac: ;   {static_call}
  0x0000027b5b570bac: 0000 01e8 

  0x0000027b5b570bb0: ; ImmutableOopMap {[200]=Oop }
                      ;*invokestatic renderStackToFile {reexecute=0 rethrow=0 return_oop=0}
                      ; - codechicken.lib.internal.ItemFileRenderer::tick@0 (line 55)
                      ; - net.minecraft.client.Minecraft::handler$bim000$onRunTick@0 (line 11352)
                      ; - net.minecraft.client.Minecraft::m_91383_@1103 (line 1103)
  0x0000027b5b570bb0: 4cb2 b304 

  0x0000027b5b570bb4: ;   {metadata(method data for {method} {0x0000027b2dc693c8} 'tick' '()V' in 'codechicken/lib/internal/ItemFileRenderer')}
  0x0000027b5b570bb4: 49b8 78c5 | f92e 7b02 | 0000 4983 | 8020 0100 

  0x0000027b5b570bc4: ;   {metadata(method data for {method} {0x0000027b2dc69540} 'renderGifs' '()V' in 'codechicken/lib/internal/ItemFileRenderer')}
  0x0000027b5b570bc4: 0001 49b8 | 30c9 f92e | 7b02 0000 | 418b 90cc | 0000 0083 | c202 4189 | 90cc 0000 | 0081 e2fe 
  0x0000027b5b570be4: ff1f 0083 | fa00 0f84 | bd1e 0000 

  0x0000027b5b570bf0: ;   {metadata(method data for {method} {0x0000027b003f9df8} 'linkToTargetMethod' '(Ljava/lang/Object;)Ljava/lang/Object;' in 'java/lang/invoke/Invokers$Holder')}
  0x0000027b5b570bf0: 49b8 d8f0 | 5200 7b02 | 0000 4d8d | 80e8 0100 

  0x0000027b5b570c00: ;   {oop(a 'java/lang/invoke/BoundMethodHandle$Species_L'{0x000000062deb1a50})}
  0x0000027b5b570c00: 0048 ba50 | 1aeb 2d06 | 0000 0048 | 85d2 750e | 49f7 0001 | 0000 0075 | 05f0 4983 

  0x0000027b5b570c1c: ;   {metadata(method data for {method} {0x0000027b2dc69540} 'renderGifs' '()V' in 'codechicken/lib/internal/ItemFileRenderer')}
  0x0000027b5b570c1c: 0801 49b8 | 30c9 f92e | 7b02 0000 | 4983 8010 | 0100 0001 

  0x0000027b5b570c30: ;   {metadata(method data for {method} {0x0000027b003f9df8} 'linkToTargetMethod' '(Ljava/lang/Object;)Ljava/lang/Object;' in 'java/lang/invoke/Invokers$Holder')}
  0x0000027b5b570c30: 49b8 d8f0 | 5200 7b02 | 0000 418b | b0cc 0000 | 0083 c602 | 4189 b0cc | 0000 0081 | e6fe ff1f 
  0x0000027b5b570c50: 0083 fe00 | 0f84 741e 

  0x0000027b5b570c58: ;   {metadata(method data for {method} {0x0000027b00500270} 'invoke' '(Ljava/lang/Object;)Ljava/lang/Object;' in 'java/lang/invoke/LambdaForm$MH+0x0000000800000400')}
  0x0000027b5b570c58: 0000 49b8 | 8804 5000 | 7b02 0000 | 4d8d 80a0 | 0100 0048 | 85d2 750e | 49f7 0001 | 0000 0075 
  0x0000027b5b570c78: 05f0 4983 

  0x0000027b5b570c7c: ;   {metadata(method data for {method} {0x0000027b003f9df8} 'linkToTargetMethod' '(Ljava/lang/Object;)Ljava/lang/Object;' in 'java/lang/invoke/Invokers$Holder')}
  0x0000027b5b570c7c: 0801 49b8 | d8f0 5200 | 7b02 0000 | 4983 8048 | 0100 0001 

  0x0000027b5b570c90: ;   {metadata(method data for {method} {0x0000027b00500270} 'invoke' '(Ljava/lang/Object;)Ljava/lang/Object;' in 'java/lang/invoke/LambdaForm$MH+0x0000000800000400')}
  0x0000027b5b570c90: 49b8 8804 | 5000 7b02 | 0000 418b | 90cc 0000 | 0083 c202 | 4189 90cc | 0000 0081 | e2fe ff1f 
  0x0000027b5b570cb0: 0083 fa00 | 0f84 351e 

  0x0000027b5b570cb8: ;   {metadata(method data for {method} {0x0000027b003f9df8} 'linkToTargetMethod' '(Ljava/lang/Object;)Ljava/lang/Object;' in 'java/lang/invoke/Invokers$Holder')}
  0x0000027b5b570cb8: 0000 49b8 | d8f0 5200 | 7b02 0000 | 4d8d 8080 

  0x0000027b5b570cc8: ;   {oop(a 'codechicken/lib/internal/ItemFileRenderer$$Lambda$21246+0x0000000802ee67d8'{0x000000062deb1a70})}
  0x0000027b5b570cc8: 0100 0048 | ba70 1aeb | 2d06 0000 | 0048 85d2 | 750e 49f7 | 0001 0000 | 0075 05f0 | 4983 0801 
  0x0000027b5b570ce8: ;   {metadata(method data for {method} {0x0000027b2dc69540} 'renderGifs' '()V' in 'codechicken/lib/internal/ItemFileRenderer')}
  0x0000027b5b570ce8: 49b8 30c9 | f92e 7b02 | 0000 4d8d | 8020 0100 | 0048 85d2 | 750e 49f7 | 0001 0000 | 0075 05f0 
  0x0000027b5b570d08: 4983 0801 

  0x0000027b5b570d0c: ;   {oop(a 'java/util/LinkedList'{0x000000062deb1b18})}
  0x0000027b5b570d0c: 48be 181b | eb2d 0600 | 0000 4c8b 

  0x0000027b5b570d18: ;   {metadata(method data for {method} {0x0000027b2dc69540} 'renderGifs' '()V' in 'codechicken/lib/internal/ItemFileRenderer')}
  0x0000027b5b570d18: c648 bf30 | c9f9 2e7b | 0200 0045 | 8b40 0849 | ba00 0000 | 0008 0000 | 004d 03c2 | 4c3b 8740 
  0x0000027b5b570d38: 0100 0075 | 0d48 8387 | 4801 0000 | 01e9 6600 | 0000 4c3b | 8750 0100 | 0075 0d48 | 8387 5801 
  0x0000027b5b570d58: 0000 01e9 | 5000 0000 | 4881 bf40 | 0100 0000 | 0000 0075 | 174c 8987 | 4001 0000 | 48c7 8748 
  0x0000027b5b570d78: 0100 0001 | 0000 00e9 | 2c00 0000 | 4881 bf50 | 0100 0000 | 0000 0075 | 174c 8987 | 5001 0000 
  0x0000027b5b570d98: 48c7 8758 | 0100 0001 | 0000 00e9 | 0800 0000 | 4883 8730 | 0100 0001 | 4c8b c248 

  0x0000027b5b570db4: ;   {optimized virtual_call}
  0x0000027b5b570db4: 8bd6 90e8 

  0x0000027b5b570db8: ; ImmutableOopMap {[200]=Oop }
                      ;*invokeinterface removeIf {reexecute=0 rethrow=0 return_oop=0}
                      ; - codechicken.lib.internal.ItemFileRenderer::renderGifs@8 (line 73)
                      ; - codechicken.lib.internal.ItemFileRenderer::tick@3 (line 56)
                      ; - net.minecraft.client.Minecraft::handler$bim000$onRunTick@0 (line 11352)
                      ; - net.minecraft.client.Minecraft::m_91383_@1103 (line 1103)
  0x0000027b5b570db8: 24be 1c05 

  0x0000027b5b570dbc: ;   {metadata('org/spongepowered/asm/mixin/injection/callback/CallbackInfo')}
  0x0000027b5b570dbc: 48ba d82d | 5f00 0800 | 0000 498b | 8708 0100 | 0048 8d78 | 1849 3bbf | 1801 0000 | 0f87 321d 
  0x0000027b5b570ddc: 0000 4989 | bf08 0100 | 0048 c700 | 0100 0000 | 488b ca49 | ba00 0000 | 0008 0000 | 0049 2bca 
  0x0000027b5b570dfc: 8948 0848 | 33c9 8948 | 0c48 33c9 | 4889 4810 

  0x0000027b5b570e0c: ;   {metadata(method data for {method} {0x0000027b02e70f20} 'm_91383_' '(Z)V' in 'net/minecraft/client/Minecraft')}
  0x0000027b5b570e0c: 4c8b c049 | b9a0 c3f8 | 2e7b 0200 | 0049 8381 | 2816 0000 

  0x0000027b5b570e20: ;   {metadata(method data for {method} {0x0000027b02a50db0} '<init>' '(Ljava/lang/String;Z)V' in 'org/spongepowered/asm/mixin/injection/callback/CallbackInfo')}
  0x0000027b5b570e20: 0149 b838 | 2e08 037b | 0200 0045 | 8b88 cc00 | 0000 4183 | c102 4589 | 88cc 0000 | 0041 81e1 
  0x0000027b5b570e40: feff 1f00 | 4183 f900 | 0f84 cf1c | 0000 4c8b 

  0x0000027b5b570e50: ;   {metadata(method data for {method} {0x0000027b02a50db0} '<init>' '(Ljava/lang/String;Z)V' in 'org/spongepowered/asm/mixin/injection/callback/CallbackInfo')}
  0x0000027b5b570e50: c049 b938 | 2e08 037b | 0200 0049 | 8381 1001 

  0x0000027b5b570e60: ;   {metadata(method data for {method} {0x0000027b00000518} '<init>' '()V' in 'java/lang/Object')}
  0x0000027b5b570e60: 0000 0149 | b868 6b20 | 007b 0200 | 0045 8b88 | cc00 0000 | 4183 c102 | 4589 88cc | 0000 0041 
  0x0000027b5b570e80: 81e1 feff | 1f00 4183 | f900 0f84 | ae1c 0000 | 450f be47 | 3841 83f8 | 000f 85c0 

  0x0000027b5b570e9c: ;   {oop("m_91383_"{0x000000060a7b9100})}
  0x0000027b5b570e9c: 1c00 0049 | ba00 917b | 0a06 0000 | 0049 c1ea | 0344 8950 

  0x0000027b5b570eb0: ;   {oop("m_91383_"{0x000000060a7b9100})}
  0x0000027b5b570eb0: 1049 b800 | 917b 0a06 | 0000 004c | 8bc8 4d33 | c849 c1e9 | 1649 83f9 | 000f 85b0 | 1c00 0048 
  0x0000027b5b570ed0: 8b94 24c8 

  0x0000027b5b570ed4: ;   {metadata(method data for {method} {0x0000027b02e70f20} 'm_91383_' '(Z)V' in 'net/minecraft/client/Minecraft')}
  0x0000027b5b570ed4: 0000 0049 | b8a0 c3f8 | 2e7b 0200 | 0049 8380 | 3816 0000 | 0144 8b84 | 24d0 0000 | 004c 8bc8 
  0x0000027b5b570ef4: 488b 9424 | c800 0000 

  0x0000027b5b570efc: ;   {optimized virtual_call}
  0x0000027b5b570efc: 6666 90e8 

  0x0000027b5b570f00: ; ImmutableOopMap {}
                      ;*invokespecial handler$zmi000$postRender {reexecute=0 rethrow=0 return_oop=0}
                      ; - net.minecraft.client.Minecraft::m_91383_@1119 (line 1103)
  0x0000027b5b570f00: bca8 b304 | 4881 c4b0 | 0100 005d 

  0x0000027b5b570f0c: ;   {poll_return}
  0x0000027b5b570f0c: 493b a748 | 0300 000f | 877e 1c00 | 00c3 4889 | 8424 9001 | 0000 660f | 1f44 0000 

  0x0000027b5b570f28: ;   {no_reloc}
  0x0000027b5b570f28: e98f 1c00 | 0000 0000 | 0000 e98f | 1c00 0048 

  0x0000027b5b570f38: ;   {metadata(method data for {method} {0x0000027b010cddd0} 'ensureOpen' '()V' in 'java/util/Formatter')}
  0x0000027b5b570f38: 8bd0 48bf | 107f 3901 | 7b02 0000 | 4883 8730 | 0100 0001 | 488b d048 | 8984 2488 

  0x0000027b5b570f54: ;   {optimized virtual_call}
  0x0000027b5b570f54: 0100 00e8 

  0x0000027b5b570f58: ; ImmutableOopMap {[200]=Oop [392]=Oop [400]=Oop }
                      ;*invokespecial <init> {reexecute=0 rethrow=0 return_oop=0}
                      ; - java.util.Formatter::ensureOpen@11 (line 2577)
                      ; - java.util.Formatter::toString@1 (line 2524)
                      ; - java.lang.String::format@12 (line 4145)
                      ; - net.minecraft.client.Minecraft::m_91383_@1039 (line 1097)
  0x0000027b5b570f58: 2404 a002 | 488b 8424 | 8801 0000 | e917 1d00 

  0x0000027b5b570f68: ;   {metadata(method data for {method} {0x0000027b0d9cd0b0} 'm_187555_' '()V' in 'com/mojang/blaze3d/systems/RenderSystem')}
  0x0000027b5b570f68: 0048 ba00 | d54e 2c7b | 0200 0048 | 8382 6001 

  0x0000027b5b570f78: ;   {metadata(method data for {method} {0x0000027b0d9cd208} 'm_187556_' '()Ljava/lang/IllegalStateException;' in 'com/mojang/blaze3d/systems/RenderSystem')}
  0x0000027b5b570f78: 0000 0148 | ba38 d84e | 2c7b 0200 | 008b b2cc | 0000 0083 | c602 89b2 | cc00 0000 | 81e6 feff 
  0x0000027b5b570f98: 1f00 83fe | 000f 8430 | 1c00 000f | 1f44 0000 

  0x0000027b5b570fa8: ;   {no_reloc}
  0x0000027b5b570fa8: e956 1c00 | 0000 0000 | 0000 498b | 8708 0100 | 0048 8d78 | 2849 3bbf | 1801 0000 | 0f87 431c 
  0x0000027b5b570fc8: 0000 4989 | bf08 0100 | 0048 c700 | 0100 0000 | 488b ca49 | ba00 0000 | 0008 0000 | 0049 2bca 
  0x0000027b5b570fe8: 8948 0848 | 33c9 8948 | 0c48 33c9 | 4889 4810 | 4889 4818 | 4889 4820 

  0x0000027b5b571000: ;   {metadata(method data for {method} {0x0000027b0d9cd208} 'm_187556_' '()Ljava/lang/IllegalStateException;' in 'com/mojang/blaze3d/systems/RenderSystem')}
  0x0000027b5b571000: 4c8b c048 | ba38 d84e | 2c7b 0200 | 0048 8382 | 1001 0000 

  0x0000027b5b571014: ;   {oop("Rendersystem called from wrong thread"{0x0000000629365758})}
  0x0000027b5b571014: 0149 b858 | 5736 2906 | 0000 0048 | 8bd0 4889 | 8424 9801 | 0000 0f1f 

  0x0000027b5b57102c: ;   {optimized virtual_call}
  0x0000027b5b57102c: 4400 00e8 

  0x0000027b5b571030: ; ImmutableOopMap {[200]=Oop [256]=Oop [408]=Oop }
                      ;*invokespecial <init> {reexecute=0 rethrow=0 return_oop=0}
                      ; - com.mojang.blaze3d.systems.RenderSystem::m_187556_@6 (line 181)
                      ; - com.mojang.blaze3d.systems.RenderSystem::m_187555_@13 (line 165)
                      ; - com.mojang.blaze3d.platform.GlStateManager::m_84109_@0 (line 533)
                      ; - com.mojang.blaze3d.systems.RenderSystem::m_69493_@3 (line 470)
                      ; - net.minecraft.client.Minecraft::m_91383_@342 (line 1040)
  0x0000027b5b571030: 4c03 a002 | 488b 8424 | 9801 0000 | e93f 1c00 

  0x0000027b5b571040: ;   {metadata(method data for {method} {0x0000027b0d9cd0b0} 'm_187555_' '()V' in 'com/mojang/blaze3d/systems/RenderSystem')}
  0x0000027b5b571040: 0048 be00 | d54e 2c7b | 0200 0048 | 8386 6001 

  0x0000027b5b571050: ;   {metadata(method data for {method} {0x0000027b0d9cd208} 'm_187556_' '()Ljava/lang/IllegalStateException;' in 'com/mojang/blaze3d/systems/RenderSystem')}
  0x0000027b5b571050: 0000 0148 | be38 d84e | 2c7b 0200 | 008b 8ecc | 0000 0083 | c102 898e | cc00 0000 | 81e1 feff 
  0x0000027b5b571070: 1f00 83f9 | 000f 849f | 1b00 000f | 1f44 0000 

  0x0000027b5b571080: ;   {no_reloc}
  0x0000027b5b571080: e9c5 1b00 | 0000 0000 | 0000 498b | 8708 0100 | 0048 8d78 | 2849 3bbf | 1801 0000 | 0f87 b21b 
  0x0000027b5b5710a0: 0000 4989 | bf08 0100 | 0048 c700 | 0100 0000 | 488b ca49 | ba00 0000 | 0008 0000 | 0049 2bca 
  0x0000027b5b5710c0: 8948 0848 | 33c9 8948 | 0c48 33c9 | 4889 4810 | 4889 4818 | 4889 4820 

  0x0000027b5b5710d8: ;   {metadata(method data for {method} {0x0000027b0d9cd208} 'm_187556_' '()Ljava/lang/IllegalStateException;' in 'com/mojang/blaze3d/systems/RenderSystem')}
  0x0000027b5b5710d8: 488b d048 | be38 d84e | 2c7b 0200 | 0048 8386 | 1001 0000 

  0x0000027b5b5710ec: ;   {oop("Rendersystem called from wrong thread"{0x0000000629365758})}
  0x0000027b5b5710ec: 0149 b858 | 5736 2906 | 0000 0048 | 8bd0 4889 | 8424 a001 | 0000 0f1f 

  0x0000027b5b571104: ;   {optimized virtual_call}
  0x0000027b5b571104: 4400 00e8 

  0x0000027b5b571108: ; ImmutableOopMap {[200]=Oop [256]=Oop [416]=Oop }
                      ;*invokespecial <init> {reexecute=0 rethrow=0 return_oop=0}
                      ; - com.mojang.blaze3d.systems.RenderSystem::m_187556_@6 (line 181)
                      ; - com.mojang.blaze3d.systems.RenderSystem::m_187555_@13 (line 165)
                      ; - com.mojang.blaze3d.platform.GlStateManager::m_84266_@0 (line 700)
                      ; - com.mojang.blaze3d.systems.RenderSystem::m_69421_@5 (line 618)
                      ; - net.minecraft.client.Minecraft::m_91383_@316 (line 1036)
  0x0000027b5b571108: 7402 a002 | 488b 8424 | a001 0000 | e967 1b00 

  0x0000027b5b571118: ;   {metadata({method} {0x0000027b02e70f20} 'm_91383_' '(Z)V' in 'net/minecraft/client/Minecraft')}
  0x0000027b5b571118: 0049 ba18 | 0fe7 027b | 0200 004c | 8954 2408 | 48c7 0424 | ffff ffff 

  0x0000027b5b571130: ;   {runtime_call counter_overflow Runtime1 stub}
  0x0000027b5b571130: e84b 98aa 

  0x0000027b5b571134: ; ImmutableOopMap {rdx=Oop [200]=Oop }
                      ;*synchronization entry
                      ; - net.minecraft.client.Minecraft::m_91383_@-1
  0x0000027b5b571134: 02e9 4d97 | ffff 488b 

  0x0000027b5b57113c: ;   {runtime_call fast_new_instance Runtime1 stub}
  0x0000027b5b57113c: d2e8 3e50 

  0x0000027b5b571140: ; ImmutableOopMap {rbx=Oop [200]=Oop }
                      ;*new {reexecute=0 rethrow=0 return_oop=0}
                      ; - net.minecraft.client.Minecraft::m_91383_@2
  0x0000027b5b571140: aa02 e993 

  0x0000027b5b571144: ;   {metadata({method} {0x0000027b02a50db0} '<init>' '(Ljava/lang/String;Z)V' in 'org/spongepowered/asm/mixin/injection/callback/CallbackInfo')}
  0x0000027b5b571144: 97ff ff49 | baa8 0da5 | 027b 0200 | 004c 8954 | 2408 48c7 | 0424 ffff 

  0x0000027b5b57115c: ;   {runtime_call counter_overflow Runtime1 stub}
  0x0000027b5b57115c: ffff e81d 

  0x0000027b5b571160: ; ImmutableOopMap {rbx=Oop [200]=Oop rax=Oop }
                      ;*synchronization entry
                      ; - org.spongepowered.asm.mixin.injection.callback.CallbackInfo::<init>@-1 (line 61)
                      ; - net.minecraft.client.Minecraft::m_91383_@10
  0x0000027b5b571160: 98aa 02e9 | b197 ffff 

  0x0000027b5b571168: ;   {metadata({method} {0x0000027b00000518} '<init>' '()V' in 'java/lang/Object')}
  0x0000027b5b571168: 49ba 1005 | 0000 7b02 | 0000 4c89 | 5424 0848 | c704 24ff 

  0x0000027b5b57117c: ;   {runtime_call counter_overflow Runtime1 stub}
  0x0000027b5b57117c: ffff ffe8 

  0x0000027b5b571180: ; ImmutableOopMap {rbx=Oop [200]=Oop rax=Oop }
                      ;*synchronization entry
                      ; - java.lang.Object::<init>@-1 (line 44)
                      ; - org.spongepowered.asm.mixin.injection.callback.CallbackInfo::<init>@1 (line 61)
                      ; - net.minecraft.client.Minecraft::m_91383_@10
  0x0000027b5b571180: fc97 aa02 | e9cf 97ff | ff44 8b48 | 1049 c1e1 | 0349 83f9 | 000f 84d6 | 97ff ff4c 

  0x0000027b5b57119c: ;   {runtime_call g1_pre_barrier_slow}
  0x0000027b5b57119c: 890c 24e8 | dc9d aa02 | e9c8 97ff | ff49 83f9 | 000f 84ee | 97ff ff48 

  0x0000027b5b5711b4: ;   {runtime_call g1_post_barrier_slow}
  0x0000027b5b5711b4: 8904 24e8 | c4a0 aa02 | e9e0 97ff 

  0x0000027b5b5711c0: ;   {metadata({method} {0x0000027b2c9b9a48} 'onMinecraftRunTick' '()V' in 'xaero/map/core/XaeroWorldMapCore')}
  0x0000027b5b5711c0: ff49 ba40 | 9a9b 2c7b | 0200 004c | 8954 2408 | 48c7 0424 | ffff ffff 

  0x0000027b5b5711d8: ;   {runtime_call counter_overflow Runtime1 stub}
  0x0000027b5b5711d8: e8a3 97aa 

  0x0000027b5b5711dc: ; ImmutableOopMap {[200]=Oop }
                      ;*synchronization entry
                      ; - xaero.map.core.XaeroWorldMapCore::onMinecraftRunTick@-1 (line 171)
                      ; - net.minecraft.client.Minecraft::m_91383_@16 (line 993)
  0x0000027b5b5711dc: 02e9 2498 

  0x0000027b5b5711e0: ;   {runtime_call throw_null_pointer_exception Runtime1 stub}
  0x0000027b5b5711e0: ffff e8b9 

  0x0000027b5b5711e4: ; ImmutableOopMap {[200]=Oop rdx=Oop }
                      ;*invokevirtual handleClientRunTickStart {reexecute=0 rethrow=0 return_oop=0}
                      ; - xaero.map.core.XaeroWorldMapCore::onMinecraftRunTick@9 (line 172)
                      ; - net.minecraft.client.Minecraft::m_91383_@16 (line 993)
                      ;   {runtime_call throw_null_pointer_exception Runtime1 stub}
  0x0000027b5b5711e4: 46aa 02e8 

  0x0000027b5b5711e8: ; ImmutableOopMap {rdx=Oop [200]=Oop rsi=Oop }
                      ;*invokevirtual m_85403_ {reexecute=0 rethrow=0 return_oop=0}
                      ; - net.minecraft.client.Minecraft::m_91383_@26 (line 993)
  0x0000027b5b5711e8: b446 aa02 | 8b7e 6448 | c1e7 0348 | 83ff 000f | 842f 99ff | ff48 893c 

  0x0000027b5b571200: ;   {runtime_call g1_pre_barrier_slow}
  0x0000027b5b571200: 24e8 7a9d | aa02 e921 | 99ff ff48 | 83ff 000f | 8447 99ff | ff48 8934 

  0x0000027b5b571218: ;   {runtime_call g1_post_barrier_slow}
  0x0000027b5b571218: 24e8 62a0 | aa02 e939 

  0x0000027b5b571220: ;   {metadata({method} {0x0000027b02a84ac0} 'm_137569_' '()J' in 'net/minecraft/Util')}
  0x0000027b5b571220: 99ff ff49 | bab8 4aa8 | 027b 0200 | 004c 8954 | 2408 48c7 | 0424 ffff 

  0x0000027b5b571238: ;   {runtime_call counter_overflow Runtime1 stub}
  0x0000027b5b571238: ffff e841 

  0x0000027b5b57123c: ; ImmutableOopMap {rdx=Oop [200]=Oop }
                      ;*synchronization entry
                      ; - net.minecraft.Util::m_137569_@-1 (line 107)
                      ; - net.minecraft.client.Minecraft::m_91383_@29 (line 994)
  0x0000027b5b57123c: 97aa 02e9 | 5299 ffff 

  0x0000027b5b571244: ;   {runtime_call throw_null_pointer_exception Runtime1 stub}
  0x0000027b5b571244: e857 46aa 

  0x0000027b5b571248: ; ImmutableOopMap {rdx=Oop [200]=Oop rsi=Oop }
                      ;*invokeinterface getAsLong {reexecute=0 rethrow=0 return_oop=0}
                      ; - net.minecraft.Util::m_137569_@3 (line 107)
                      ; - net.minecraft.client.Minecraft::m_91383_@29 (line 994)
                      ;   {runtime_call throw_null_pointer_exception Runtime1 stub}
  0x0000027b5b571248: 02e8 5246 

  0x0000027b5b57124c: ; ImmutableOopMap {rdx=Oop [200]=Oop rsi=Oop }
                      ;*invokevirtual m_85411_ {reexecute=0 rethrow=0 return_oop=0}
                      ; - net.minecraft.client.Minecraft::m_91383_@37 (line 995)
                      ;   {metadata({method} {0x0000027b0e1179d8} 'm_85411_' '()Z' in 'com/mojang/blaze3d/platform/Window')}
  0x0000027b5b57124c: aa02 49ba | d079 110e | 7b02 0000 | 4c89 5424 | 0848 c704 | 24ff ffff 

  0x0000027b5b571264: ;   {runtime_call counter_overflow Runtime1 stub}
  0x0000027b5b571264: ffe8 1697 

  0x0000027b5b571268: ; ImmutableOopMap {rdx=Oop [200]=Oop rsi=Oop }
                      ;*synchronization entry
                      ; - com.mojang.blaze3d.platform.Window::m_85411_@-1 (line 114)
                      ; - net.minecraft.client.Minecraft::m_91383_@37 (line 995)
  0x0000027b5b571268: aa02 e947 

  0x0000027b5b57126c: ;   {metadata({method} {0x0000027b0e113410} 'm_69355_' '(Lcom/mojang/blaze3d/platform/Window;)Z' in 'com/mojang/blaze3d/platform/GLX')}
  0x0000027b5b57126c: 9aff ff49 | ba08 3411 | 0e7b 0200 | 004c 8954 | 2408 48c7 | 0424 ffff 

  0x0000027b5b571284: ;   {runtime_call counter_overflow Runtime1 stub}
  0x0000027b5b571284: ffff e8f5 

  0x0000027b5b571288: ; ImmutableOopMap {rdx=Oop [200]=Oop rsi=Oop }
                      ;*synchronization entry
                      ; - com.mojang.blaze3d.platform.GLX::m_69355_@-1 (line 91)
                      ; - com.mojang.blaze3d.platform.Window::m_85411_@1 (line 114)
                      ; - net.minecraft.client.Minecraft::m_91383_@37 (line 995)
  0x0000027b5b571288: 96aa 02e9 | 609a ffff 

  0x0000027b5b571290: ;   {metadata({method} {0x0000027b02e72900} 'm_91395_' '()V' in 'net/minecraft/client/Minecraft')}
  0x0000027b5b571290: 49ba f828 | e702 7b02 | 0000 4c89 | 5424 0848 | c704 24ff 

  0x0000027b5b5712a4: ;   {runtime_call counter_overflow Runtime1 stub}
  0x0000027b5b5712a4: ffff ffe8 

  0x0000027b5b5712a8: ; ImmutableOopMap {rdx=Oop [200]=Oop }
                      ;*synchronization entry
                      ; - net.minecraft.client.Minecraft::m_91395_@-1 (line 1429)
                      ; - net.minecraft.client.Minecraft::m_91383_@44 (line 996)
  0x0000027b5b5712a8: d496 aa02 | e904 9bff | ff44 8b82 | 9001 0000 | 49c1 e003 | 4983 f800 | 0f84 929c | ffff 4c89 
  0x0000027b5b5712c8: ;   {runtime_call g1_pre_barrier_slow}
  0x0000027b5b5712c8: 0424 e8b1 | 9caa 02e9 | 849c ffff 

  0x0000027b5b5712d4: ;   {metadata({method} {0x0000027b02e701e8} 'm_91391_' '()Ljava/util/concurrent/CompletableFuture;' in 'net/minecraft/client/Minecraft')}
  0x0000027b5b5712d4: 49ba e001 | e702 7b02 | 0000 4c89 | 5424 0848 | c704 24ff 

  0x0000027b5b5712e8: ;   {runtime_call counter_overflow Runtime1 stub}
  0x0000027b5b5712e8: ffff ffe8 

  0x0000027b5b5712ec: ; ImmutableOopMap {rdx=Oop [200]=Oop [224]=Oop }
                      ;*synchronization entry
                      ; - net.minecraft.client.Minecraft::m_91391_@-1 (line 796)
                      ; - net.minecraft.client.Minecraft::m_91383_@76 (line 1002)
  0x0000027b5b5712ec: 9096 aa02 | e9bd 9cff | ff49 b800 | 0000 0000 | 0000 00b8 | 000f 050a 

  0x0000027b5b571304: ;   {runtime_call load_appendix_patching Runtime1 stub}
  0x0000027b5b571304: e8f7 8eaa 

  0x0000027b5b571308: ; ImmutableOopMap {[224]=Oop [200]=Oop rax=Oop }
                      ;*invokedynamic {reexecute=1 rethrow=0 return_oop=0}
                      ; - (reexecute) net.minecraft.client.Minecraft::m_91383_@81 (line 1002)
  0x0000027b5b571308: 02e9 d29c 

  0x0000027b5b57130c: ;   {runtime_call throw_null_pointer_exception Runtime1 stub}
  0x0000027b5b57130c: ffff e88d 

  0x0000027b5b571310: ; ImmutableOopMap {[200]=Oop rax=Oop rdx=Oop }
                      ;*invokevirtual thenRun {reexecute=0 rethrow=0 return_oop=0}
                      ; - net.minecraft.client.Minecraft::m_91383_@86 (line 1002)
                      ;   {metadata({method} {0x0000027b01d04ac8} 'thenRun' '(Ljava/lang/Runnable;)Ljava/util/concurrent/CompletableFuture;' in 'java/util/concurrent/CompletableFuture')}
  0x0000027b5b571310: 45aa 0249 | bac0 4ad0 | 017b 0200 | 004c 8954 | 2408 48c7 | 0424 ffff 

  0x0000027b5b571328: ;   {runtime_call counter_overflow Runtime1 stub}
  0x0000027b5b571328: ffff e851 

  0x0000027b5b57132c: ; ImmutableOopMap {[200]=Oop rax=Oop rdx=Oop }
                      ;*synchronization entry
                      ; - java.util.concurrent.CompletableFuture::thenRun@-1 (line 2195)
                      ; - net.minecraft.client.Minecraft::m_91383_@86 (line 1002)
  0x0000027b5b57132c: 96aa 02e9 | 129e ffff 

  0x0000027b5b571334: ;   {runtime_call throw_null_pointer_exception Runtime1 stub}
  0x0000027b5b571334: e867 45aa 

  0x0000027b5b571338: ; ImmutableOopMap {[200]=Oop rdx=Oop }
                      ;*invokeinterface run {reexecute=0 rethrow=0 return_oop=0}
                      ; - net.minecraft.client.Minecraft::m_91383_@110 (line 1009)
                      ;   {metadata({method} {0x0000027b02e70f20} 'm_91383_' '(Z)V' in 'net/minecraft/client/Minecraft')}
  0x0000027b5b571338: 0249 ba18 | 0fe7 027b | 0200 004c | 8954 2408 | 48c7 0424 | 7300 0000 

  0x0000027b5b571350: ;   {runtime_call counter_overflow Runtime1 stub}
  0x0000027b5b571350: e82b 96aa 

  0x0000027b5b571354: ; ImmutableOopMap {[200]=Oop }
                      ;*goto {reexecute=1 rethrow=0 return_oop=0}
                      ; - (reexecute) net.minecraft.client.Minecraft::m_91383_@115 (line 1009)
  0x0000027b5b571354: 02e9 049f 

  0x0000027b5b571358: ;   {runtime_call throw_null_pointer_exception Runtime1 stub}
  0x0000027b5b571358: ffff e841 

  0x0000027b5b57135c: ; ImmutableOopMap {rdx=Oop [200]=Oop rsi=Oop }
                      ;*invokeinterface poll {reexecute=0 rethrow=0 return_oop=0}
                      ; - net.minecraft.client.Minecraft::m_91383_@94 (line 1008)
  0x0000027b5b57135c: 45aa 0248 

  0x0000027b5b571360: ;   {runtime_call throw_class_cast_exception Runtime1 stub}
  0x0000027b5b571360: 8904 24e8 

  0x0000027b5b571364: ; ImmutableOopMap {[200]=Oop }
                      ;*checkcast {reexecute=0 rethrow=0 return_oop=0}
                      ; - net.minecraft.client.Minecraft::m_91383_@99 (line 1008)
  0x0000027b5b571364: 3869 aa02 

  0x0000027b5b571368: ;   {metadata({method} {0x0000027b02a89278} 'm_137550_' '()J' in 'net/minecraft/Util')}
  0x0000027b5b571368: 49ba 7092 | a802 7b02 | 0000 4c89 | 5424 0848 | c704 24ff 

  0x0000027b5b57137c: ;   {runtime_call counter_overflow Runtime1 stub}
  0x0000027b5b57137c: ffff ffe8 

  0x0000027b5b571380: ; ImmutableOopMap {rdx=Oop [200]=Oop rsi=Oop }
                      ;*synchronization entry
                      ; - net.minecraft.Util::m_137550_@-1 (line 1738)
                      ; - net.minecraft.client.Minecraft::m_91383_@126 (line 1013)
  0x0000027b5b571380: fc95 aa02 | e97c a1ff 

  0x0000027b5b571388: ;   {runtime_call throw_null_pointer_exception Runtime1 stub}
  0x0000027b5b571388: ffe8 1245 

  0x0000027b5b57138c: ; ImmutableOopMap {rdx=Oop [200]=Oop rsi=Oop }
                      ;*invokevirtual m_92525_ {reexecute=0 rethrow=0 return_oop=0}
                      ; - net.minecraft.client.Minecraft::m_91383_@129 (line 1013)
                      ;   {runtime_call throw_incompatible_class_change_error Runtime1 stub}
  0x0000027b5b57138c: aa02 e80d 

  0x0000027b5b571390: ; ImmutableOopMap {rdx=Oop [200]=Oop rsi=Oop }
                      ;*invokeinterface m_6180_ {reexecute=0 rethrow=0 return_oop=0}
                      ; - net.minecraft.client.Minecraft::m_91383_@141 (line 1014)
                      ;   {runtime_call throw_null_pointer_exception Runtime1 stub}
  0x0000027b5b571390: 6caa 02e8 

  0x0000027b5b571394: ; ImmutableOopMap {rdx=Oop [200]=Oop rsi=Oop }
                      ;*invokeinterface m_6180_ {reexecute=0 rethrow=0 return_oop=0}
                      ; - net.minecraft.client.Minecraft::m_91383_@141 (line 1014)
  0x0000027b5b571394: 0845 aa02 

  0x0000027b5b571398: ;   {metadata({method} {0x0000027b0da5c328} 'm_6180_' '(Ljava/lang/String;)V' in 'net/minecraft/util/profiling/InactiveProfiler')}
  0x0000027b5b571398: 49ba 20c3 | a50d 7b02 | 0000 4c89 | 5424 0848 | c704 24ff 

  0x0000027b5b5713ac: ;   {runtime_call counter_overflow Runtime1 stub}
  0x0000027b5b5713ac: ffff ffe8 

  0x0000027b5b5713b0: ; ImmutableOopMap {rdx=Oop [200]=Oop }
                      ;*synchronization entry
                      ; - net.minecraft.util.profiling.InactiveProfiler::m_6180_@-1 (line 27)
                      ; - net.minecraft.client.Minecraft::m_91383_@141 (line 1014)
  0x0000027b5b5713b0: cc95 aa02 | e90f a2ff 

  0x0000027b5b5713b8: ;   {runtime_call throw_incompatible_class_change_error Runtime1 stub}
  0x0000027b5b5713b8: ffe8 e26b 

  0x0000027b5b5713bc: ; ImmutableOopMap {rdx=Oop [200]=Oop rsi=Oop }
                      ;*invokeinterface m_7238_ {reexecute=0 rethrow=0 return_oop=0}
                      ; - net.minecraft.client.Minecraft::m_91383_@154 (line 1016)
                      ;   {runtime_call throw_null_pointer_exception Runtime1 stub}
  0x0000027b5b5713bc: aa02 e8dd 

  0x0000027b5b5713c0: ; ImmutableOopMap {rdx=Oop [200]=Oop rsi=Oop }
                      ;*invokeinterface m_7238_ {reexecute=0 rethrow=0 return_oop=0}
                      ; - net.minecraft.client.Minecraft::m_91383_@154 (line 1016)
                      ;   {metadata({method} {0x0000027b0da5c520} 'm_7238_' '()V' in 'net/minecraft/util/profiling/InactiveProfiler')}
  0x0000027b5b5713c0: 44aa 0249 | ba18 c5a5 | 0d7b 0200 | 004c 8954 | 2408 48c7 | 0424 ffff 

  0x0000027b5b5713d8: ;   {runtime_call counter_overflow Runtime1 stub}
  0x0000027b5b5713d8: ffff e8a1 

  0x0000027b5b5713dc: ; ImmutableOopMap {rdx=Oop [200]=Oop rsi=Oop }
                      ;*synchronization entry
                      ; - net.minecraft.util.profiling.InactiveProfiler::m_7238_@-1 (line 39)
                      ; - net.minecraft.client.Minecraft::m_91383_@154 (line 1016)
  0x0000027b5b5713dc: 95aa 02e9 | 10a3 ffff 

  0x0000027b5b5713e4: ;   {runtime_call throw_incompatible_class_change_error Runtime1 stub}
  0x0000027b5b5713e4: e8b7 6baa 

  0x0000027b5b5713e8: ; ImmutableOopMap {rdx=Oop [200]=Oop rsi=Oop }
                      ;*invokeinterface m_6180_ {reexecute=0 rethrow=0 return_oop=0}
                      ; - net.minecraft.client.Minecraft::m_91383_@166 (line 1017)
                      ;   {metadata({method} {0x0000027b0da5c328} 'm_6180_' '(Ljava/lang/String;)V' in 'net/minecraft/util/profiling/InactiveProfiler')}
  0x0000027b5b5713e8: 0249 ba20 | c3a5 0d7b | 0200 004c | 8954 2408 | 48c7 0424 | ffff ffff 

  0x0000027b5b571400: ;   {runtime_call counter_overflow Runtime1 stub}
  0x0000027b5b571400: e87b 95aa 

  0x0000027b5b571404: ; ImmutableOopMap {rdx=Oop [200]=Oop }
                      ;*synchronization entry
                      ; - net.minecraft.util.profiling.InactiveProfiler::m_6180_@-1 (line 27)
                      ; - net.minecraft.client.Minecraft::m_91383_@166 (line 1017)
  0x0000027b5b571404: 02e9 5aa3 

  0x0000027b5b571408: ;   {metadata({method} {0x0000027b0018a5b8} 'min' '(II)I' in 'java/lang/Math')}
  0x0000027b5b571408: ffff 49ba | b0a5 1800 | 7b02 0000 | 4c89 5424 | 0848 c704 | 24ff ffff 

  0x0000027b5b571420: ;   {runtime_call counter_overflow Runtime1 stub}
  0x0000027b5b571420: ffe8 5a95 

  0x0000027b5b571424: ; ImmutableOopMap {rdx=Oop [200]=Oop }
                      ;*synchronization entry
                      ; - java.lang.Math::min@-1 (line 1649)
                      ; - net.minecraft.client.Minecraft::m_91383_@180 (line 1019)
  0x0000027b5b571424: aa02 e97f 

  0x0000027b5b571428: ;   {runtime_call throw_incompatible_class_change_error Runtime1 stub}
  0x0000027b5b571428: a3ff ffe8 

  0x0000027b5b57142c: ; ImmutableOopMap {rdx=Oop [200]=Oop rdi=Oop }
                      ;*invokeinterface m_6174_ {reexecute=0 rethrow=0 return_oop=0}
                      ; - net.minecraft.client.Minecraft::m_91383_@193 (line 1020)
  0x0000027b5b57142c: 706b aa02 

  0x0000027b5b571430: ;   {runtime_call throw_null_pointer_exception Runtime1 stub}
  0x0000027b5b571430: e86b 44aa 

  0x0000027b5b571434: ; ImmutableOopMap {rdx=Oop [200]=Oop rdi=Oop }
                      ;*invokeinterface m_6174_ {reexecute=0 rethrow=0 return_oop=0}
                      ; - net.minecraft.client.Minecraft::m_91383_@193 (line 1020)
                      ;   {metadata({method} {0x0000027b02f4c2e0} 'm_6174_' '(Ljava/lang/String;)V' in 'net/minecraft/util/profiling/ProfilerFiller')}
  0x0000027b5b571434: 0249 bad8 | c2f4 027b | 0200 004c | 8954 2408 | 48c7 0424 | ffff ffff 

  0x0000027b5b57144c: ;   {runtime_call counter_overflow Runtime1 stub}
  0x0000027b5b57144c: e82f 95aa 

  0x0000027b5b571450: ; ImmutableOopMap {rdx=Oop [200]=Oop rdi=Oop }
                      ;*synchronization entry
                      ; - net.minecraft.util.profiling.ProfilerFiller::m_6174_@-1 (line 27)
                      ; - net.minecraft.client.Minecraft::m_91383_@193 (line 1020)
  0x0000027b5b571450: 02e9 e2a4 

  0x0000027b5b571454: ;   {runtime_call throw_incompatible_class_change_error Runtime1 stub}
  0x0000027b5b571454: ffff e845 

  0x0000027b5b571458: ; ImmutableOopMap {rdx=Oop [200]=Oop rdi=Oop }
                      ;*invokeinterface m_183275_ {reexecute=0 rethrow=0 return_oop=0}
                      ; - net.minecraft.util.profiling.ProfilerFiller::m_6174_@3 (line 27)
                      ; - net.minecraft.client.Minecraft::m_91383_@193 (line 1020)
                      ;   {metadata({method} {0x0000027b0da5c730} 'm_183275_' '(Ljava/lang/String;I)V' in 'net/minecraft/util/profiling/InactiveProfiler')}
  0x0000027b5b571458: 6baa 0249 | ba28 c7a5 | 0d7b 0200 | 004c 8954 | 2408 48c7 | 0424 ffff 

  0x0000027b5b571470: ;   {runtime_call counter_overflow Runtime1 stub}
  0x0000027b5b571470: ffff e809 

  0x0000027b5b571474: ; ImmutableOopMap {rdx=Oop [200]=Oop }
                      ;*synchronization entry
                      ; - net.minecraft.util.profiling.InactiveProfiler::m_183275_@-1 (line 51)
                      ; - net.minecraft.util.profiling.ProfilerFiller::m_6174_@3 (line 27)
                      ; - net.minecraft.client.Minecraft::m_91383_@193 (line 1020)
  0x0000027b5b571474: 95aa 02e9 | 2da5 ffff 

  0x0000027b5b57147c: ;   {metadata({method} {0x0000027b02e70f20} 'm_91383_' '(Z)V' in 'net/minecraft/client/Minecraft')}
  0x0000027b5b57147c: 49ba 180f | e702 7b02 | 0000 4c89 | 5424 0848 | c704 24cd 

  0x0000027b5b571490: ;   {runtime_call counter_overflow Runtime1 stub}
  0x0000027b5b571490: 0000 00e8 

  0x0000027b5b571494: ; ImmutableOopMap {[200]=Oop }
                      ;*goto {reexecute=1 rethrow=0 return_oop=0}
                      ; - (reexecute) net.minecraft.client.Minecraft::m_91383_@205 (line 1019)
  0x0000027b5b571494: e894 aa02 | e960 a5ff 

  0x0000027b5b57149c: ;   {runtime_call throw_incompatible_class_change_error Runtime1 stub}
  0x0000027b5b57149c: ffe8 fe6a 

  0x0000027b5b5714a0: ; ImmutableOopMap {rdx=Oop [200]=Oop rsi=Oop }
                      ;*invokeinterface m_7238_ {reexecute=0 rethrow=0 return_oop=0}
                      ; - net.minecraft.client.Minecraft::m_91383_@212 (line 1024)
                      ;   {runtime_call throw_null_pointer_exception Runtime1 stub}
  0x0000027b5b5714a0: aa02 e8f9 

  0x0000027b5b5714a4: ; ImmutableOopMap {rdx=Oop [200]=Oop rsi=Oop }
                      ;*invokeinterface m_7238_ {reexecute=0 rethrow=0 return_oop=0}
                      ; - net.minecraft.client.Minecraft::m_91383_@212 (line 1024)
                      ;   {metadata({method} {0x0000027b0da5c520} 'm_7238_' '()V' in 'net/minecraft/util/profiling/InactiveProfiler')}
  0x0000027b5b5714a4: 43aa 0249 | ba18 c5a5 | 0d7b 0200 | 004c 8954 | 2408 48c7 | 0424 ffff 

  0x0000027b5b5714bc: ;   {runtime_call counter_overflow Runtime1 stub}
  0x0000027b5b5714bc: ffff e8bd 

  0x0000027b5b5714c0: ; ImmutableOopMap {rdx=Oop [200]=Oop }
                      ;*synchronization entry
                      ; - net.minecraft.util.profiling.InactiveProfiler::m_7238_@-1 (line 39)
                      ; - net.minecraft.client.Minecraft::m_91383_@212 (line 1024)
  0x0000027b5b5714c0: 94aa 02e9 | e0a5 ffff 

  0x0000027b5b5714c8: ;   {runtime_call throw_null_pointer_exception Runtime1 stub}
  0x0000027b5b5714c8: e8d3 43aa 

  0x0000027b5b5714cc: ; ImmutableOopMap {rdx=Oop [200]=Oop rsi=Oop }
                      ;*invokevirtual m_91523_ {reexecute=0 rethrow=0 return_oop=0}
                      ; - net.minecraft.client.Minecraft::m_91383_@221 (line 1027)
                      ;   {runtime_call throw_null_pointer_exception Runtime1 stub}
  0x0000027b5b5714cc: 02e8 ce43 

  0x0000027b5b5714d0: ; ImmutableOopMap {rdx=Oop [200]=Oop r8=Oop }
                      ;*invokevirtual m_85403_ {reexecute=0 rethrow=0 return_oop=0}
                      ; - net.minecraft.client.Minecraft::m_91383_@231 (line 1028)
  0x0000027b5b5714d0: aa02 418b | 7064 48c1 | e603 4883 | fe00 0f84 | 29a6 ffff | 4889 3424 

  0x0000027b5b5714e8: ;   {runtime_call g1_pre_barrier_slow}
  0x0000027b5b5714e8: e893 9aaa | 02e9 1ba6 | ffff 4883 | fe00 0f84 | 41a6 ffff | 4c89 0424 

  0x0000027b5b571500: ;   {runtime_call g1_post_barrier_slow}
  0x0000027b5b571500: e87b 9daa | 02e9 33a6 

  0x0000027b5b571508: ;   {runtime_call throw_incompatible_class_change_error Runtime1 stub}
  0x0000027b5b571508: ffff e891 

  0x0000027b5b57150c: ; ImmutableOopMap {rdx=Oop [200]=Oop r8=Oop }
                      ;*invokeinterface m_6180_ {reexecute=0 rethrow=0 return_oop=0}
                      ; - net.minecraft.client.Minecraft::m_91383_@241 (line 1029)
                      ;   {runtime_call throw_null_pointer_exception Runtime1 stub}
  0x0000027b5b57150c: 6aaa 02e8 

  0x0000027b5b571510: ; ImmutableOopMap {rdx=Oop [200]=Oop r8=Oop }
                      ;*invokeinterface m_6180_ {reexecute=0 rethrow=0 return_oop=0}
                      ; - net.minecraft.client.Minecraft::m_91383_@241 (line 1029)
  0x0000027b5b571510: 8c43 aa02 

  0x0000027b5b571514: ;   {metadata({method} {0x0000027b0da5c328} 'm_6180_' '(Ljava/lang/String;)V' in 'net/minecraft/util/profiling/InactiveProfiler')}
  0x0000027b5b571514: 49ba 20c3 | a50d 7b02 | 0000 4c89 | 5424 0848 | c704 24ff 

  0x0000027b5b571528: ;   {runtime_call counter_overflow Runtime1 stub}
  0x0000027b5b571528: ffff ffe8 

  0x0000027b5b57152c: ; ImmutableOopMap {rdx=Oop [200]=Oop }
                      ;*synchronization entry
                      ; - net.minecraft.util.profiling.InactiveProfiler::m_6180_@-1 (line 27)
                      ; - net.minecraft.client.Minecraft::m_91383_@241 (line 1029)
  0x0000027b5b57152c: 5094 aa02 | e989 a6ff 

  0x0000027b5b571534: ;   {runtime_call throw_null_pointer_exception Runtime1 stub}
  0x0000027b5b571534: ffe8 6643 

  0x0000027b5b571538: ; ImmutableOopMap {rdx=Oop [200]=Oop r8=Oop rsi=Oop }
                      ;*invokevirtual m_109153_ {reexecute=0 rethrow=0 return_oop=0}
                      ; - net.minecraft.client.Minecraft::m_91383_@254 (line 1030)
                      ;   {runtime_call throw_null_pointer_exception Runtime1 stub}
  0x0000027b5b571538: aa02 e861 

  0x0000027b5b57153c: ; ImmutableOopMap {rdx=Oop [200]=Oop r8=Oop rsi=Oop }
                      ;*invokevirtual m_120361_ {reexecute=0 rethrow=0 return_oop=0}
                      ; - net.minecraft.client.Minecraft::m_91383_@257 (line 1030)
                      ;   {metadata({method} {0x0000027b1f95c730} 'm_120361_' '(Lnet/minecraft/client/Camera;)V' in 'net/minecraft/client/sounds/SoundManager')}
  0x0000027b5b57153c: 43aa 0249 | ba28 c795 | 1f7b 0200 | 004c 8954 | 2408 48c7 | 0424 ffff 

  0x0000027b5b571554: ;   {runtime_call counter_overflow Runtime1 stub}
  0x0000027b5b571554: ffff e825 

  0x0000027b5b571558: ; ImmutableOopMap {rdx=Oop [200]=Oop r8=Oop rsi=Oop }
                      ;*synchronization entry
                      ; - net.minecraft.client.sounds.SoundManager::m_120361_@-1 (line 237)
                      ; - net.minecraft.client.Minecraft::m_91383_@257 (line 1030)
  0x0000027b5b571558: 94aa 02e9 | d5a6 ffff 

  0x0000027b5b571560: ;   {runtime_call throw_null_pointer_exception Runtime1 stub}
  0x0000027b5b571560: e83b 43aa 

  0x0000027b5b571564: ; ImmutableOopMap {rdx=Oop [200]=Oop rsi=Oop rdi=Oop }
                      ;*invokevirtual m_120270_ {reexecute=0 rethrow=0 return_oop=0}
                      ; - net.minecraft.client.sounds.SoundManager::m_120361_@5 (line 237)
                      ; - net.minecraft.client.Minecraft::m_91383_@257 (line 1030)
                      ;   {runtime_call throw_incompatible_class_change_error Runtime1 stub}
  0x0000027b5b571564: 02e8 366a 

  0x0000027b5b571568: ; ImmutableOopMap {rdx=Oop [200]=Oop rsi=Oop }
                      ;*invokeinterface m_7238_ {reexecute=0 rethrow=0 return_oop=0}
                      ; - net.minecraft.client.Minecraft::m_91383_@264 (line 1031)
                      ;   {runtime_call throw_null_pointer_exception Runtime1 stub}
  0x0000027b5b571568: aa02 e831 

  0x0000027b5b57156c: ; ImmutableOopMap {rdx=Oop [200]=Oop rsi=Oop }
                      ;*invokeinterface m_7238_ {reexecute=0 rethrow=0 return_oop=0}
                      ; - net.minecraft.client.Minecraft::m_91383_@264 (line 1031)
                      ;   {metadata({method} {0x0000027b0da5c520} 'm_7238_' '()V' in 'net/minecraft/util/profiling/InactiveProfiler')}
  0x0000027b5b57156c: 43aa 0249 | ba18 c5a5 | 0d7b 0200 | 004c 8954 | 2408 48c7 | 0424 ffff 

  0x0000027b5b571584: ;   {runtime_call counter_overflow Runtime1 stub}
  0x0000027b5b571584: ffff e8f5 

  0x0000027b5b571588: ; ImmutableOopMap {rdx=Oop [200]=Oop rsi=Oop }
                      ;*synchronization entry
                      ; - net.minecraft.util.profiling.InactiveProfiler::m_7238_@-1 (line 39)
                      ; - net.minecraft.client.Minecraft::m_91383_@264 (line 1031)
  0x0000027b5b571588: 93aa 02e9 | 5ca7 ffff 

  0x0000027b5b571590: ;   {runtime_call throw_incompatible_class_change_error Runtime1 stub}
  0x0000027b5b571590: e80b 6aaa 

  0x0000027b5b571594: ; ImmutableOopMap {rdx=Oop [200]=Oop rsi=Oop }
                      ;*invokeinterface m_6180_ {reexecute=0 rethrow=0 return_oop=0}
                      ; - net.minecraft.client.Minecraft::m_91383_@276 (line 1032)
                      ;   {metadata({method} {0x0000027b0da5c328} 'm_6180_' '(Ljava/lang/String;)V' in 'net/minecraft/util/profiling/InactiveProfiler')}
  0x0000027b5b571594: 0249 ba20 | c3a5 0d7b | 0200 004c | 8954 2408 | 48c7 0424 | ffff ffff 

  0x0000027b5b5715ac: ;   {runtime_call counter_overflow Runtime1 stub}
  0x0000027b5b5715ac: e8cf 93aa 

  0x0000027b5b5715b0: ; ImmutableOopMap {rdx=Oop [200]=Oop }
                      ;*synchronization entry
                      ; - net.minecraft.util.profiling.InactiveProfiler::m_6180_@-1 (line 27)
                      ; - net.minecraft.client.Minecraft::m_91383_@276 (line 1032)
  0x0000027b5b5715b0: 02e9 a6a7 | ffff 488b 

  0x0000027b5b5715b8: ;   {runtime_call fast_new_instance Runtime1 stub}
  0x0000027b5b5715b8: d2e8 c24b 

  0x0000027b5b5715bc: ; ImmutableOopMap {rbx=Oop [200]=Oop }
                      ;*new {reexecute=0 rethrow=0 return_oop=0}
                      ; - net.minecraft.client.Minecraft::m_91383_@283 (line 1032)
  0x0000027b5b5715bc: aa02 e9ec 

  0x0000027b5b5715c0: ;   {metadata({method} {0x0000027b02a50db0} '<init>' '(Ljava/lang/String;Z)V' in 'org/spongepowered/asm/mixin/injection/callback/CallbackInfo')}
  0x0000027b5b5715c0: a7ff ff49 | baa8 0da5 | 027b 0200 | 004c 8954 | 2408 48c7 | 0424 ffff 

  0x0000027b5b5715d8: ;   {runtime_call counter_overflow Runtime1 stub}
  0x0000027b5b5715d8: ffff e8a1 

  0x0000027b5b5715dc: ; ImmutableOopMap {rbx=Oop [200]=Oop rax=Oop }
                      ;*synchronization entry
                      ; - org.spongepowered.asm.mixin.injection.callback.CallbackInfo::<init>@-1 (line 61)
                      ; - net.minecraft.client.Minecraft::m_91383_@291 (line 1032)
  0x0000027b5b5715dc: 93aa 02e9 | 0da8 ffff 

  0x0000027b5b5715e4: ;   {metadata({method} {0x0000027b00000518} '<init>' '()V' in 'java/lang/Object')}
  0x0000027b5b5715e4: 49ba 1005 | 0000 7b02 | 0000 4c89 | 5424 0848 | c704 24ff 

  0x0000027b5b5715f8: ;   {runtime_call counter_overflow Runtime1 stub}
  0x0000027b5b5715f8: ffff ffe8 

  0x0000027b5b5715fc: ; ImmutableOopMap {rbx=Oop [200]=Oop rax=Oop }
                      ;*synchronization entry
                      ; - java.lang.Object::<init>@-1 (line 44)
                      ; - org.spongepowered.asm.mixin.injection.callback.CallbackInfo::<init>@1 (line 61)
                      ; - net.minecraft.client.Minecraft::m_91383_@291 (line 1032)
  0x0000027b5b5715fc: 8093 aa02 | e92e a8ff | ff44 8b40 | 1049 c1e0 | 0349 83f8 | 000f 8435 | a8ff ff4c 

  0x0000027b5b571618: ;   {runtime_call g1_pre_barrier_slow}
  0x0000027b5b571618: 8904 24e8 | 6099 aa02 | e927 a8ff | ff49 83f8 | 000f 844d | a8ff ff48 

  0x0000027b5b571630: ;   {runtime_call g1_post_barrier_slow}
  0x0000027b5b571630: 8904 24e8 | 489c aa02 | e93f a8ff 

  0x0000027b5b57163c: ;   {metadata({method} {0x0000027b0d9d2d60} 'm_157191_' '()Lcom/mojang/blaze3d/vertex/PoseStack;' in 'com/mojang/blaze3d/systems/RenderSystem')}
  0x0000027b5b57163c: ff49 ba58 | 2d9d 0d7b | 0200 004c | 8954 2408 | 48c7 0424 | ffff ffff 

  0x0000027b5b571654: ;   {runtime_call counter_overflow Runtime1 stub}
  0x0000027b5b571654: e827 93aa 

  0x0000027b5b571658: ; ImmutableOopMap {[200]=Oop }
                      ;*synchronization entry
                      ; - com.mojang.blaze3d.systems.RenderSystem::m_157191_@-1 (line 1343)
                      ; - net.minecraft.client.Minecraft::m_91383_@297 (line 1033)
  0x0000027b5b571658: 02e9 80a8 

  0x0000027b5b57165c: ;   {runtime_call throw_null_pointer_exception Runtime1 stub}
  0x0000027b5b57165c: ffff e83d 

  0x0000027b5b571660: ; ImmutableOopMap {[200]=Oop rsi=Oop rdi=Oop [256]=Oop }
                      ;*invokevirtual m_85836_ {reexecute=0 rethrow=0 return_oop=0}
                      ; - net.minecraft.client.Minecraft::m_91383_@304 (line 1034)
                      ;   {metadata({method} {0x0000027b0d9cef70} 'm_69421_' '(IZ)V' in 'com/mojang/blaze3d/systems/RenderSystem')}
  0x0000027b5b571660: 42aa 0249 | ba68 ef9c | 0d7b 0200 | 004c 8954 | 2408 48c7 | 0424 ffff 

  0x0000027b5b571678: ;   {runtime_call counter_overflow Runtime1 stub}
  0x0000027b5b571678: ffff e801 

  0x0000027b5b57167c: ; ImmutableOopMap {[200]=Oop [256]=Oop [248]=Oop }
                      ;*synchronization entry
                      ; - com.mojang.blaze3d.systems.RenderSystem::m_69421_@-1 (line 612)
                      ; - net.minecraft.client.Minecraft::m_91383_@316 (line 1036)
  0x0000027b5b57167c: 93aa 02e9 | f2a8 ffff 

  0x0000027b5b571684: ;   {metadata({method} {0x0000027b0d9cd000} 'm_187553_' '()V' in 'com/mojang/blaze3d/systems/RenderSystem')}
  0x0000027b5b571684: 49ba f8cf | 9c0d 7b02 | 0000 4c89 | 5424 0848 | c704 24ff 

  0x0000027b5b571698: ;   {runtime_call counter_overflow Runtime1 stub}
  0x0000027b5b571698: ffff ffe8 

  0x0000027b5b57169c: ; ImmutableOopMap {[200]=Oop [256]=Oop [248]=Oop }
                      ;*synchronization entry
                      ; - com.mojang.blaze3d.systems.RenderSystem::m_187553_@-1 (line 155)
                      ; - com.mojang.blaze3d.systems.RenderSystem::m_69421_@0 (line 612)
                      ; - net.minecraft.client.Minecraft::m_91383_@316 (line 1036)
  0x0000027b5b57169c: e092 aa02 | e90b a9ff 

  0x0000027b5b5716a4: ;   {metadata({method} {0x0000027b0d9cceb0} 'm_69584_' '()Z' in 'com/mojang/blaze3d/systems/RenderSystem')}
  0x0000027b5b5716a4: ff49 baa8 | ce9c 0d7b | 0200 004c | 8954 2408 | 48c7 0424 | ffff ffff 

  0x0000027b5b5716bc: ;   {runtime_call counter_overflow Runtime1 stub}
  0x0000027b5b5716bc: e8bf 92aa 

  0x0000027b5b5716c0: ; ImmutableOopMap {[200]=Oop [256]=Oop }
                      ;*synchronization entry
                      ; - com.mojang.blaze3d.systems.RenderSystem::m_69584_@-1 (line 143)
                      ; - com.mojang.blaze3d.systems.RenderSystem::m_187553_@6 (line 155)
                      ; - com.mojang.blaze3d.systems.RenderSystem::m_69421_@0 (line 612)
                      ; - net.minecraft.client.Minecraft::m_91383_@316 (line 1036)
  0x0000027b5b5716c0: 02e9 66a9 

  0x0000027b5b5716c4: ;   {metadata({method} {0x0000027b0e53bc50} 'm_84266_' '(IZ)V' in 'com/mojang/blaze3d/platform/GlStateManager')}
  0x0000027b5b5716c4: ffff 49ba | 48bc 530e | 7b02 0000 | 4c89 5424 | 0848 c704 | 24ff ffff 

  0x0000027b5b5716dc: ;   {runtime_call counter_overflow Runtime1 stub}
  0x0000027b5b5716dc: ffe8 9e92 

  0x0000027b5b5716e0: ; ImmutableOopMap {[200]=Oop [256]=Oop }
                      ;*synchronization entry
                      ; - com.mojang.blaze3d.platform.GlStateManager::m_84266_@-1 (line 700)
                      ; - com.mojang.blaze3d.systems.RenderSystem::m_69421_@5 (line 618)
                      ; - net.minecraft.client.Minecraft::m_91383_@316 (line 1036)
  0x0000027b5b5716e0: aa02 e98f 

  0x0000027b5b5716e4: ;   {metadata({method} {0x0000027b0d9cd0b0} 'm_187555_' '()V' in 'com/mojang/blaze3d/systems/RenderSystem')}
  0x0000027b5b5716e4: a9ff ff49 | baa8 d09c | 0d7b 0200 | 004c 8954 | 2408 48c7 | 0424 ffff 

  0x0000027b5b5716fc: ;   {runtime_call counter_overflow Runtime1 stub}
  0x0000027b5b5716fc: ffff e87d 

  0x0000027b5b571700: ; ImmutableOopMap {[200]=Oop [256]=Oop }
                      ;*synchronization entry
                      ; - com.mojang.blaze3d.systems.RenderSystem::m_187555_@-1 (line 162)
                      ; - com.mojang.blaze3d.platform.GlStateManager::m_84266_@0 (line 700)
                      ; - com.mojang.blaze3d.systems.RenderSystem::m_69421_@5 (line 618)
                      ; - net.minecraft.client.Minecraft::m_91383_@316 (line 1036)
  0x0000027b5b571700: 92aa 02e9 | a8a9 ffff 

  0x0000027b5b571708: ;   {metadata({method} {0x0000027b0d9ccc68} 'm_69586_' '()Z' in 'com/mojang/blaze3d/systems/RenderSystem')}
  0x0000027b5b571708: 49ba 60cc | 9c0d 7b02 | 0000 4c89 | 5424 0848 | c704 24ff 

  0x0000027b5b57171c: ;   {runtime_call counter_overflow Runtime1 stub}
  0x0000027b5b57171c: ffff ffe8 

  0x0000027b5b571720: ; ImmutableOopMap {[200]=Oop [256]=Oop }
                      ;*synchronization entry
                      ; - com.mojang.blaze3d.systems.RenderSystem::m_69586_@-1 (line 124)
                      ; - com.mojang.blaze3d.systems.RenderSystem::m_187555_@6 (line 162)
                      ; - com.mojang.blaze3d.platform.GlStateManager::m_84266_@0 (line 700)
                      ; - com.mojang.blaze3d.systems.RenderSystem::m_69421_@5 (line 618)
                      ; - net.minecraft.client.Minecraft::m_91383_@316 (line 1036)
  0x0000027b5b571720: 5c92 aa02 | e9f4 a9ff 

  0x0000027b5b571728: ;   {metadata({method} {0x0000027b0e1a6a78} 'glClear' '(I)V' in 'org/lwjgl/opengl/GL11')}
  0x0000027b5b571728: ff49 ba70 | 6a1a 0e7b | 0200 004c | 8954 2408 | 48c7 0424 | ffff ffff 

  0x0000027b5b571740: ;   {runtime_call counter_overflow Runtime1 stub}
  0x0000027b5b571740: e83b 92aa 

  0x0000027b5b571744: ; ImmutableOopMap {[200]=Oop [256]=Oop }
                      ;*synchronization entry
                      ; - org.lwjgl.opengl.GL11::glClear@-1 (line 1045)
                      ; - com.mojang.blaze3d.platform.GlStateManager::m_84266_@4 (line 701)
                      ; - com.mojang.blaze3d.systems.RenderSystem::m_69421_@5 (line 618)
                      ; - net.minecraft.client.Minecraft::m_91383_@316 (line 1036)
  0x0000027b5b571744: 02e9 c5aa 

  0x0000027b5b571748: ;   {runtime_call throw_null_pointer_exception Runtime1 stub}
  0x0000027b5b571748: ffff e851 

  0x0000027b5b57174c: ; ImmutableOopMap {[256]=Oop rdx=Oop [200]=Oop rsi=Oop }
                      ;*invokevirtual m_83947_ {reexecute=0 rethrow=0 return_oop=0}
                      ; - net.minecraft.client.Minecraft::m_91383_@324 (line 1037)
                      ;   {metadata({method} {0x0000027b2d630cc8} 'm_109017_' '()V' in 'net/minecraft/client/renderer/FogRenderer')}
  0x0000027b5b57174c: 41aa 0249 | bac0 0c63 | 2d7b 0200 | 004c 8954 | 2408 48c7 | 0424 ffff 

  0x0000027b5b571764: ;   {runtime_call counter_overflow Runtime1 stub}
  0x0000027b5b571764: ffff e815 

  0x0000027b5b571768: ; ImmutableOopMap {[256]=Oop [200]=Oop }
                      ;*synchronization entry
                      ; - net.minecraft.client.renderer.FogRenderer::m_109017_@-1 (line 192)
                      ; - net.minecraft.client.Minecraft::m_91383_@327 (line 1038)
  0x0000027b5b571768: 92aa 02e9 | ceab ffff 

  0x0000027b5b571770: ;   {metadata({method} {0x0000027b0d9cf018} 'm_157445_' '(F)V' in 'com/mojang/blaze3d/systems/RenderSystem')}
  0x0000027b5b571770: 49ba 10f0 | 9c0d 7b02 | 0000 4c89 | 5424 0848 | c704 24ff 

  0x0000027b5b571784: ;   {runtime_call counter_overflow Runtime1 stub}
  0x0000027b5b571784: ffff ffe8 

  0x0000027b5b571788: ; ImmutableOopMap {[256]=Oop [200]=Oop }
                      ;*synchronization entry
                      ; - com.mojang.blaze3d.systems.RenderSystem::m_157445_@-1 (line 623)
                      ; - net.minecraft.client.renderer.FogRenderer::m_109017_@3 (line 192)
                      ; - net.minecraft.client.Minecraft::m_91383_@327 (line 1038)
  0x0000027b5b571788: f491 aa02 | e9e7 abff 

  0x0000027b5b571790: ;   {metadata({method} {0x0000027b0d9d67d8} 'm_187554_' '()V' in 'com/mojang/blaze3d/systems/RenderSystem')}
  0x0000027b5b571790: ff49 bad0 | 679d 0d7b | 0200 004c | 8954 2408 | 48c7 0424 | ffff ffff 

  0x0000027b5b5717a8: ;   {runtime_call counter_overflow Runtime1 stub}
  0x0000027b5b5717a8: e8d3 91aa 

  0x0000027b5b5717ac: ; ImmutableOopMap {[256]=Oop [200]=Oop }
                      ;*synchronization entry
                      ; - com.mojang.blaze3d.systems.RenderSystem::m_187554_@-1 (line 1498)
                      ; - com.mojang.blaze3d.systems.RenderSystem::m_157445_@0 (line 623)
                      ; - net.minecraft.client.renderer.FogRenderer::m_109017_@3 (line 192)
                      ; - net.minecraft.client.Minecraft::m_91383_@327 (line 1038)
  0x0000027b5b5717ac: 02e9 00ac 

  0x0000027b5b5717b0: ;   {runtime_call throw_incompatible_class_change_error Runtime1 stub}
  0x0000027b5b5717b0: ffff e8e9 

  0x0000027b5b5717b4: ; ImmutableOopMap {[256]=Oop rdx=Oop [200]=Oop r8=Oop }
                      ;*invokeinterface m_6180_ {reexecute=0 rethrow=0 return_oop=0}
                      ; - net.minecraft.client.Minecraft::m_91383_@337 (line 1039)
                      ;   {runtime_call throw_null_pointer_exception Runtime1 stub}
  0x0000027b5b5717b4: 67aa 02e8 

  0x0000027b5b5717b8: ; ImmutableOopMap {[256]=Oop rdx=Oop [200]=Oop r8=Oop }
                      ;*invokeinterface m_6180_ {reexecute=0 rethrow=0 return_oop=0}
                      ; - net.minecraft.client.Minecraft::m_91383_@337 (line 1039)
  0x0000027b5b5717b8: e440 aa02 

  0x0000027b5b5717bc: ;   {metadata({method} {0x0000027b0da5c328} 'm_6180_' '(Ljava/lang/String;)V' in 'net/minecraft/util/profiling/InactiveProfiler')}
  0x0000027b5b5717bc: 49ba 20c3 | a50d 7b02 | 0000 4c89 | 5424 0848 | c704 24ff 

  0x0000027b5b5717d0: ;   {runtime_call counter_overflow Runtime1 stub}
  0x0000027b5b5717d0: ffff ffe8 

  0x0000027b5b5717d4: ; ImmutableOopMap {[256]=Oop rdx=Oop [200]=Oop }
                      ;*synchronization entry
                      ; - net.minecraft.util.profiling.InactiveProfiler::m_6180_@-1 (line 27)
                      ; - net.minecraft.client.Minecraft::m_91383_@337 (line 1039)
  0x0000027b5b5717d4: a891 aa02 | e980 acff 

  0x0000027b5b5717dc: ;   {metadata({method} {0x0000027b0d9ce580} 'm_69493_' '()V' in 'com/mojang/blaze3d/systems/RenderSystem')}
  0x0000027b5b5717dc: ff49 ba78 | e59c 0d7b | 0200 004c | 8954 2408 | 48c7 0424 | ffff ffff 

  0x0000027b5b5717f4: ;   {runtime_call counter_overflow Runtime1 stub}
  0x0000027b5b5717f4: e887 91aa 

  0x0000027b5b5717f8: ; ImmutableOopMap {[256]=Oop rdx=Oop [200]=Oop }
                      ;*synchronization entry
                      ; - com.mojang.blaze3d.systems.RenderSystem::m_69493_@-1 (line 466)
                      ; - net.minecraft.client.Minecraft::m_91383_@342 (line 1040)
  0x0000027b5b5717f8: 02e9 9bac 

  0x0000027b5b5717fc: ;   {metadata({method} {0x0000027b0d9d67d8} 'm_187554_' '()V' in 'com/mojang/blaze3d/systems/RenderSystem')}
  0x0000027b5b5717fc: ffff 49ba | d067 9d0d | 7b02 0000 | 4c89 5424 | 0848 c704 | 24ff ffff 

  0x0000027b5b571814: ;   {runtime_call counter_overflow Runtime1 stub}
  0x0000027b5b571814: ffe8 6691 

  0x0000027b5b571818: ; ImmutableOopMap {[256]=Oop rdx=Oop [200]=Oop }
                      ;*synchronization entry
                      ; - com.mojang.blaze3d.systems.RenderSystem::m_187554_@-1 (line 1498)
                      ; - com.mojang.blaze3d.systems.RenderSystem::m_69493_@0 (line 466)
                      ; - net.minecraft.client.Minecraft::m_91383_@342 (line 1040)
  0x0000027b5b571818: aa02 e9b6 

  0x0000027b5b57181c: ;   {metadata({method} {0x0000027b0e53a7e8} 'm_84109_' '()V' in 'com/mojang/blaze3d/platform/GlStateManager')}
  0x0000027b5b57181c: acff ff49 | bae0 a753 | 0e7b 0200 | 004c 8954 | 2408 48c7 | 0424 ffff 

  0x0000027b5b571834: ;   {runtime_call counter_overflow Runtime1 stub}
  0x0000027b5b571834: ffff e845 

  0x0000027b5b571838: ; ImmutableOopMap {[256]=Oop rdx=Oop [200]=Oop }
                      ;*synchronization entry
                      ; - com.mojang.blaze3d.platform.GlStateManager::m_84109_@-1 (line 533)
                      ; - com.mojang.blaze3d.systems.RenderSystem::m_69493_@3 (line 470)
                      ; - net.minecraft.client.Minecraft::m_91383_@342 (line 1040)
  0x0000027b5b571838: 91aa 02e9 | d1ac ffff 

  0x0000027b5b571840: ;   {metadata({method} {0x0000027b0d9cd0b0} 'm_187555_' '()V' in 'com/mojang/blaze3d/systems/RenderSystem')}
  0x0000027b5b571840: 49ba a8d0 | 9c0d 7b02 | 0000 4c89 | 5424 0848 | c704 24ff 

  0x0000027b5b571854: ;   {runtime_call counter_overflow Runtime1 stub}
  0x0000027b5b571854: ffff ffe8 

  0x0000027b5b571858: ; ImmutableOopMap {[256]=Oop rdx=Oop [200]=Oop }
                      ;*synchronization entry
                      ; - com.mojang.blaze3d.systems.RenderSystem::m_187555_@-1 (line 162)
                      ; - com.mojang.blaze3d.platform.GlStateManager::m_84109_@0 (line 533)
                      ; - com.mojang.blaze3d.systems.RenderSystem::m_69493_@3 (line 470)
                      ; - net.minecraft.client.Minecraft::m_91383_@342 (line 1040)
  0x0000027b5b571858: 2491 aa02 | e9ec acff 

  0x0000027b5b571860: ;   {metadata({method} {0x0000027b0d9ccc68} 'm_69586_' '()Z' in 'com/mojang/blaze3d/systems/RenderSystem')}
  0x0000027b5b571860: ff49 ba60 | cc9c 0d7b | 0200 004c | 8954 2408 | 48c7 0424 | ffff ffff 

  0x0000027b5b571878: ;   {runtime_call counter_overflow Runtime1 stub}
  0x0000027b5b571878: e803 91aa 

  0x0000027b5b57187c: ; ImmutableOopMap {[256]=Oop rdx=Oop [200]=Oop }
                      ;*synchronization entry
                      ; - com.mojang.blaze3d.systems.RenderSystem::m_69586_@-1 (line 124)
                      ; - com.mojang.blaze3d.systems.RenderSystem::m_187555_@6 (line 162)
                      ; - com.mojang.blaze3d.platform.GlStateManager::m_84109_@0 (line 533)
                      ; - com.mojang.blaze3d.systems.RenderSystem::m_69493_@3 (line 470)
                      ; - net.minecraft.client.Minecraft::m_91383_@342 (line 1040)
  0x0000027b5b57187c: 02e9 4dad | ffff 4c89 | 0424 4889 

  0x0000027b5b571888: ;   {runtime_call throw_range_check_failed Runtime1 stub}
  0x0000027b5b571888: 7c24 08e8 

  0x0000027b5b57188c: ; ImmutableOopMap {[256]=Oop rdx=Oop [200]=Oop rdi=Oop }
                      ;*aaload {reexecute=0 rethrow=0 return_oop=0}
                      ; - com.mojang.blaze3d.platform.GlStateManager::m_84109_@9 (line 534)
                      ; - com.mojang.blaze3d.systems.RenderSystem::m_69493_@3 (line 470)
                      ; - net.minecraft.client.Minecraft::m_91383_@342 (line 1040)
  0x0000027b5b57188c: 1037 aa02 

  0x0000027b5b571890: ;   {runtime_call throw_null_pointer_exception Runtime1 stub}
  0x0000027b5b571890: e80b 40aa 

  0x0000027b5b571894: ; ImmutableOopMap {[256]=Oop rdx=Oop [200]=Oop }
                      ;*aaload {reexecute=0 rethrow=0 return_oop=0}
                      ; - com.mojang.blaze3d.platform.GlStateManager::m_84109_@9 (line 534)
                      ; - com.mojang.blaze3d.systems.RenderSystem::m_69493_@3 (line 470)
                      ; - net.minecraft.client.Minecraft::m_91383_@342 (line 1040)
                      ;   {runtime_call throw_null_pointer_exception Runtime1 stub}
  0x0000027b5b571894: 02e8 0640 

  0x0000027b5b571898: ; ImmutableOopMap {[256]=Oop rdx=Oop [200]=Oop }
                      ;*putfield f_84800_ {reexecute=1 rethrow=0 return_oop=0}
                      ; - (reexecute) com.mojang.blaze3d.platform.GlStateManager::m_84109_@11 (line 534)
                      ; - com.mojang.blaze3d.systems.RenderSystem::m_69493_@3 (line 470)
                      ; - net.minecraft.client.Minecraft::m_91383_@342 (line 1040)
                      ;   {metadata({method} {0x0000027b0d9cdf30} 'm_69481_' '()V' in 'com/mojang/blaze3d/systems/RenderSystem')}
  0x0000027b5b571898: aa02 49ba | 28df 9c0d | 7b02 0000 | 4c89 5424 | 0848 c704 | 24ff ffff 

  0x0000027b5b5718b0: ;   {runtime_call counter_overflow Runtime1 stub}
  0x0000027b5b5718b0: ffe8 ca90 

  0x0000027b5b5718b4: ; ImmutableOopMap {[256]=Oop [200]=Oop }
                      ;*synchronization entry
                      ; - com.mojang.blaze3d.systems.RenderSystem::m_69481_@-1 (line 366)
                      ; - net.minecraft.client.Minecraft::m_91383_@345 (line 1041)
  0x0000027b5b5718b4: aa02 e948 

  0x0000027b5b5718b8: ;   {metadata({method} {0x0000027b0d9d67d8} 'm_187554_' '()V' in 'com/mojang/blaze3d/systems/RenderSystem')}
  0x0000027b5b5718b8: aeff ff49 | bad0 679d | 0d7b 0200 | 004c 8954 | 2408 48c7 | 0424 ffff 

  0x0000027b5b5718d0: ;   {runtime_call counter_overflow Runtime1 stub}
  0x0000027b5b5718d0: ffff e8a9 

  0x0000027b5b5718d4: ; ImmutableOopMap {[256]=Oop [200]=Oop }
                      ;*synchronization entry
                      ; - com.mojang.blaze3d.systems.RenderSystem::m_187554_@-1 (line 1498)
                      ; - com.mojang.blaze3d.systems.RenderSystem::m_69481_@0 (line 366)
                      ; - net.minecraft.client.Minecraft::m_91383_@345 (line 1041)
  0x0000027b5b5718d4: 90aa 02e9 | 63ae ffff 

  0x0000027b5b5718dc: ;   {metadata({method} {0x0000027b0e53a0e8} 'm_84091_' '()V' in 'com/mojang/blaze3d/platform/GlStateManager')}
  0x0000027b5b5718dc: 49ba e0a0 | 530e 7b02 | 0000 4c89 | 5424 0848 | c704 24ff 

  0x0000027b5b5718f0: ;   {runtime_call counter_overflow Runtime1 stub}
  0x0000027b5b5718f0: ffff ffe8 

  0x0000027b5b5718f4: ; ImmutableOopMap {[256]=Oop [200]=Oop }
                      ;*synchronization entry
                      ; - com.mojang.blaze3d.platform.GlStateManager::m_84091_@-1 (line 470)
                      ; - com.mojang.blaze3d.systems.RenderSystem::m_69481_@3 (line 370)
                      ; - net.minecraft.client.Minecraft::m_91383_@345 (line 1041)
  0x0000027b5b5718f4: 8890 aa02 | e97e aeff 

  0x0000027b5b5718fc: ;   {metadata({method} {0x0000027b0d9d67d8} 'm_187554_' '()V' in 'com/mojang/blaze3d/systems/RenderSystem')}
  0x0000027b5b5718fc: ff49 bad0 | 679d 0d7b | 0200 004c | 8954 2408 | 48c7 0424 | ffff ffff 

  0x0000027b5b571914: ;   {runtime_call counter_overflow Runtime1 stub}
  0x0000027b5b571914: e867 90aa 

  0x0000027b5b571918: ; ImmutableOopMap {[256]=Oop [200]=Oop }
                      ;*synchronization entry
                      ; - com.mojang.blaze3d.systems.RenderSystem::m_187554_@-1 (line 1498)
                      ; - com.mojang.blaze3d.platform.GlStateManager::m_84091_@0 (line 470)
                      ; - com.mojang.blaze3d.systems.RenderSystem::m_69481_@3 (line 370)
                      ; - net.minecraft.client.Minecraft::m_91383_@345 (line 1041)
  0x0000027b5b571918: 02e9 99ae 

  0x0000027b5b57191c: ;   {runtime_call throw_null_pointer_exception Runtime1 stub}
  0x0000027b5b57191c: ffff e87d 

  0x0000027b5b571920: ; ImmutableOopMap {[256]=Oop [200]=Oop }
                      ;*getfield f_84621_ {reexecute=1 rethrow=0 return_oop=0}
                      ; - (reexecute) com.mojang.blaze3d.platform.GlStateManager::m_84091_@6 (line 471)
                      ; - com.mojang.blaze3d.systems.RenderSystem::m_69481_@3 (line 370)
                      ; - net.minecraft.client.Minecraft::m_91383_@345 (line 1041)
                      ;   {runtime_call throw_null_pointer_exception Runtime1 stub}
  0x0000027b5b571920: 3faa 02e8 

  0x0000027b5b571924: ; ImmutableOopMap {[256]=Oop [200]=Oop rsi=Oop }
                      ;*invokevirtual m_84592_ {reexecute=0 rethrow=0 return_oop=0}
                      ; - com.mojang.blaze3d.platform.GlStateManager::m_84091_@9 (line 471)
                      ; - com.mojang.blaze3d.systems.RenderSystem::m_69481_@3 (line 370)
                      ; - net.minecraft.client.Minecraft::m_91383_@345 (line 1041)
  0x0000027b5b571924: 783f aa02 

  0x0000027b5b571928: ;   {metadata({method} {0x0000027b0e542770} 'm_84592_' '()V' in 'com/mojang/blaze3d/platform/GlStateManager$BooleanState')}
  0x0000027b5b571928: 49ba 6827 | 540e 7b02 | 0000 4c89 | 5424 0848 | c704 24ff 

  0x0000027b5b57193c: ;   {runtime_call counter_overflow Runtime1 stub}
  0x0000027b5b57193c: ffff ffe8 

  0x0000027b5b571940: ; ImmutableOopMap {[256]=Oop [200]=Oop rsi=Oop }
                      ;*synchronization entry
                      ; - com.mojang.blaze3d.platform.GlStateManager$BooleanState::m_84592_@-1 (line 791)
                      ; - com.mojang.blaze3d.platform.GlStateManager::m_84091_@9 (line 471)
                      ; - com.mojang.blaze3d.systems.RenderSystem::m_69481_@3 (line 370)
                      ; - net.minecraft.client.Minecraft::m_91383_@345 (line 1041)
  0x0000027b5b571940: 3c90 aa02 | e9c2 aeff 

  0x0000027b5b571948: ;   {runtime_call throw_incompatible_class_change_error Runtime1 stub}
  0x0000027b5b571948: ffe8 5266 

  0x0000027b5b57194c: ; ImmutableOopMap {[256]=Oop rdx=Oop [200]=Oop rsi=Oop }
                      ;*invokeinterface m_7238_ {reexecute=0 rethrow=0 return_oop=0}
                      ; - net.minecraft.client.Minecraft::m_91383_@352 (line 1042)
                      ;   {runtime_call throw_null_pointer_exception Runtime1 stub}
  0x0000027b5b57194c: aa02 e84d 

  0x0000027b5b571950: ; ImmutableOopMap {[256]=Oop rdx=Oop [200]=Oop rsi=Oop }
                      ;*invokeinterface m_7238_ {reexecute=0 rethrow=0 return_oop=0}
                      ; - net.minecraft.client.Minecraft::m_91383_@352 (line 1042)
                      ;   {metadata({method} {0x0000027b0da5c520} 'm_7238_' '()V' in 'net/minecraft/util/profiling/InactiveProfiler')}
  0x0000027b5b571950: 3faa 0249 | ba18 c5a5 | 0d7b 0200 | 004c 8954 | 2408 48c7 | 0424 ffff 

  0x0000027b5b571968: ;   {runtime_call counter_overflow Runtime1 stub}
  0x0000027b5b571968: ffff e811 

  0x0000027b5b57196c: ; ImmutableOopMap {[256]=Oop rdx=Oop [200]=Oop }
                      ;*synchronization entry
                      ; - net.minecraft.util.profiling.InactiveProfiler::m_7238_@-1 (line 39)
                      ; - net.minecraft.client.Minecraft::m_91383_@352 (line 1042)
  0x0000027b5b57196c: 90aa 02e9 | 45af ffff 

  0x0000027b5b571974: ;   {runtime_call throw_null_pointer_exception Runtime1 stub}
  0x0000027b5b571974: e827 3faa 

  0x0000027b5b571978: ; ImmutableOopMap {[256]=Oop rdx=Oop [200]=Oop }
                      ;*getfield f_92518_ {reexecute=1 rethrow=0 return_oop=0}
                      ; - (reexecute) net.minecraft.client.Minecraft::m_91383_@382 (line 1044)
                      ;   {runtime_call throw_incompatible_class_change_error Runtime1 stub}
  0x0000027b5b571978: 02e8 2266 

  0x0000027b5b57197c: ; ImmutableOopMap {[256]=Oop rdx=Oop [200]=Oop r8=Oop }
                      ;*invokeinterface m_6182_ {reexecute=0 rethrow=0 return_oop=0}
                      ; - net.minecraft.client.Minecraft::m_91383_@395 (line 1045)
                      ;   {runtime_call throw_null_pointer_exception Runtime1 stub}
  0x0000027b5b57197c: aa02 e81d 

  0x0000027b5b571980: ; ImmutableOopMap {[256]=Oop rdx=Oop [200]=Oop r8=Oop }
                      ;*invokeinterface m_6182_ {reexecute=0 rethrow=0 return_oop=0}
                      ; - net.minecraft.client.Minecraft::m_91383_@395 (line 1045)
                      ;   {metadata({method} {0x0000027b0da5c5c8} 'm_6182_' '(Ljava/lang/String;)V' in 'net/minecraft/util/profiling/InactiveProfiler')}
  0x0000027b5b571980: 3faa 0249 | bac0 c5a5 | 0d7b 0200 | 004c 8954 | 2408 48c7 | 0424 ffff 

  0x0000027b5b571998: ;   {runtime_call counter_overflow Runtime1 stub}
  0x0000027b5b571998: ffff e8e1 

  0x0000027b5b57199c: ; ImmutableOopMap {[256]=Oop rdx=Oop [200]=Oop }
                      ;*synchronization entry
                      ; - net.minecraft.util.profiling.InactiveProfiler::m_6182_@-1 (line 43)
                      ; - net.minecraft.client.Minecraft::m_91383_@395 (line 1045)
  0x0000027b5b57199c: 8faa 02e9 | 51b0 ffff 

  0x0000027b5b5719a4: ;   {runtime_call throw_null_pointer_exception Runtime1 stub}
  0x0000027b5b5719a4: e8f7 3eaa 

  0x0000027b5b5719a8: ; ImmutableOopMap {[256]=Oop rdx=Oop [200]=Oop rsi=Oop }
                      ;*getfield f_92518_ {reexecute=1 rethrow=0 return_oop=0}
                      ; - (reexecute) net.minecraft.client.Minecraft::m_91383_@422 (line 1046)
                      ;   {metadata({method} {0x0000027b2c9b9b10} 'onRenderCall' '(Z)Z' in 'xaero/map/core/XaeroWorldMapCore')}
  0x0000027b5b5719a8: 0249 ba08 | 9b9b 2c7b | 0200 004c | 8954 2408 | 48c7 0424 | ffff ffff 

  0x0000027b5b5719c0: ;   {runtime_call counter_overflow Runtime1 stub}
  0x0000027b5b5719c0: e8bb 8faa 

  0x0000027b5b5719c4: ; ImmutableOopMap {[256]=Oop rdx=Oop [200]=Oop rsi=Oop }
                      ;*synchronization entry
                      ; - xaero.map.core.XaeroWorldMapCore::onRenderCall@-1 (line 176)
                      ; - net.minecraft.client.Minecraft::m_91383_@427 (line 1046)
  0x0000027b5b5719c4: 02e9 d6b0 

  0x0000027b5b5719c8: ;   {runtime_call throw_null_pointer_exception Runtime1 stub}
  0x0000027b5b5719c8: ffff e8d1 

  0x0000027b5b5719cc: ; ImmutableOopMap {[256]=Oop [200]=Oop [264]=Oop rdi=Oop }
                      ;*invokevirtual handleRenderTick {reexecute=0 rethrow=0 return_oop=0}
                      ; - xaero.map.core.XaeroWorldMapCore::onRenderCall@12 (line 178)
                      ; - net.minecraft.client.Minecraft::m_91383_@427 (line 1046)
                      ;   {runtime_call throw_null_pointer_exception Runtime1 stub}
  0x0000027b5b5719cc: 3eaa 02e8 

  0x0000027b5b5719d0: ; ImmutableOopMap {[256]=Oop [200]=Oop rsi=Oop }
                      ;*invokevirtual m_109093_ {reexecute=0 rethrow=0 return_oop=0}
                      ; - net.minecraft.client.Minecraft::m_91383_@430 (line 1046)
  0x0000027b5b5719d0: cc3e aa02 

  0x0000027b5b5719d4: ;   {runtime_call throw_incompatible_class_change_error Runtime1 stub}
  0x0000027b5b5719d4: e8c7 65aa 

  0x0000027b5b5719d8: ; ImmutableOopMap {[256]=Oop rdx=Oop [200]=Oop rsi=Oop }
                      ;*invokeinterface m_6182_ {reexecute=0 rethrow=0 return_oop=0}
                      ; - net.minecraft.client.Minecraft::m_91383_@440 (line 1047)
                      ;   {runtime_call throw_null_pointer_exception Runtime1 stub}
  0x0000027b5b5719d8: 02e8 c23e 

  0x0000027b5b5719dc: ; ImmutableOopMap {[256]=Oop rdx=Oop [200]=Oop rsi=Oop }
                      ;*invokeinterface m_6182_ {reexecute=0 rethrow=0 return_oop=0}
                      ; - net.minecraft.client.Minecraft::m_91383_@440 (line 1047)
                      ;   {metadata({method} {0x0000027b0da5c5c8} 'm_6182_' '(Ljava/lang/String;)V' in 'net/minecraft/util/profiling/InactiveProfiler')}
  0x0000027b5b5719dc: aa02 49ba | c0c5 a50d | 7b02 0000 | 4c89 5424 | 0848 c704 | 24ff ffff 

  0x0000027b5b5719f4: ;   {runtime_call counter_overflow Runtime1 stub}
  0x0000027b5b5719f4: ffe8 868f 

  0x0000027b5b5719f8: ; ImmutableOopMap {[256]=Oop rdx=Oop [200]=Oop }
                      ;*synchronization entry
                      ; - net.minecraft.util.profiling.InactiveProfiler::m_6182_@-1 (line 43)
                      ; - net.minecraft.client.Minecraft::m_91383_@440 (line 1047)
  0x0000027b5b5719f8: aa02 e9f2 | b2ff ff48 

  0x0000027b5b571a00: ;   {runtime_call fast_new_instance Runtime1 stub}
  0x0000027b5b571a00: 8bd2 e879 

  0x0000027b5b571a04: ; ImmutableOopMap {[256]=Oop r8=Oop [200]=Oop }
                      ;*new {reexecute=0 rethrow=0 return_oop=0}
                      ; - net.minecraft.client.Minecraft::m_91383_@449 (line 1048)
  0x0000027b5b571a04: 47aa 02e9 | 3cb3 ffff 

  0x0000027b5b571a0c: ;   {metadata({method} {0x0000027b0d8e9e18} '<init>' '()V' in 'com/mojang/blaze3d/vertex/PoseStack')}
  0x0000027b5b571a0c: 49ba 109e | 8e0d 7b02 | 0000 4c89 | 5424 0848 | c704 24ff 

  0x0000027b5b571a20: ;   {runtime_call counter_overflow Runtime1 stub}
  0x0000027b5b571a20: ffff ffe8 

  0x0000027b5b571a24: ; ImmutableOopMap {[256]=Oop r8=Oop [200]=Oop rax=Oop }
                      ;*synchronization entry
                      ; - com.mojang.blaze3d.vertex.PoseStack::<init>@-1 (line 12)
                      ; - net.minecraft.client.Minecraft::m_91383_@453 (line 1048)
  0x0000027b5b571a24: 588f aa02 | e958 b3ff 

  0x0000027b5b571a2c: ;   {metadata({method} {0x0000027b00000518} '<init>' '()V' in 'java/lang/Object')}
  0x0000027b5b571a2c: ff49 ba10 | 0500 007b | 0200 004c | 8954 2408 | 48c7 0424 | ffff ffff 

  0x0000027b5b571a44: ;   {runtime_call counter_overflow Runtime1 stub}
  0x0000027b5b571a44: e837 8faa 

  0x0000027b5b571a48: ; ImmutableOopMap {[256]=Oop r8=Oop [200]=Oop rax=Oop }
                      ;*synchronization entry
                      ; - java.lang.Object::<init>@-1 (line 44)
                      ; - com.mojang.blaze3d.vertex.PoseStack::<init>@1 (line 12)
                      ; - net.minecraft.client.Minecraft::m_91383_@453 (line 1048)
  0x0000027b5b571a48: 02e9 74b3 

  0x0000027b5b571a4c: ;   {metadata({method} {0x0000027b0d709a18} 'newArrayDeque' '()Ljava/util/ArrayDeque;' in 'com/google/common/collect/Queues')}
  0x0000027b5b571a4c: ffff 49ba | 109a 700d | 7b02 0000 | 4c89 5424 | 0848 c704 | 24ff ffff 

  0x0000027b5b571a64: ;   {runtime_call counter_overflow Runtime1 stub}
  0x0000027b5b571a64: ffe8 168f 

  0x0000027b5b571a68: ; ImmutableOopMap {[256]=Oop r8=Oop [200]=Oop rax=Oop }
                      ;*synchronization entry
                      ; - com.google.common.collect.Queues::newArrayDeque@-1 (line 68)
                      ; - com.mojang.blaze3d.vertex.PoseStack::<init>@5 (line 13)
                      ; - net.minecraft.client.Minecraft::m_91383_@453 (line 1048)
  0x0000027b5b571a68: aa02 e98d | b3ff ff48 

  0x0000027b5b571a70: ;   {runtime_call fast_new_instance Runtime1 stub}
  0x0000027b5b571a70: 8bd2 e809 

  0x0000027b5b571a74: ; ImmutableOopMap {[256]=Oop r8=Oop [200]=Oop [272]=Oop }
                      ;*new {reexecute=0 rethrow=0 return_oop=0}
                      ; - com.google.common.collect.Queues::newArrayDeque@0 (line 68)
                      ; - com.mojang.blaze3d.vertex.PoseStack::<init>@5 (line 13)
                      ; - net.minecraft.client.Minecraft::m_91383_@453 (line 1048)
  0x0000027b5b571a74: 47aa 02e9 | d8b3 ffff 

  0x0000027b5b571a7c: ;   {metadata({method} {0x0000027b0033b6b8} '<init>' '()V' in 'java/util/ArrayDeque')}
  0x0000027b5b571a7c: 49ba b0b6 | 3300 7b02 | 0000 4c89 | 5424 0848 | c704 24ff 

  0x0000027b5b571a90: ;   {runtime_call counter_overflow Runtime1 stub}
  0x0000027b5b571a90: ffff ffe8 

  0x0000027b5b571a94: ; ImmutableOopMap {[256]=Oop r8=Oop [200]=Oop [272]=Oop rax=Oop }
                      ;*synchronization entry
                      ; - java.util.ArrayDeque::<init>@-1 (line 181)
                      ; - com.google.common.collect.Queues::newArrayDeque@4 (line 68)
                      ; - com.mojang.blaze3d.vertex.PoseStack::<init>@5 (line 13)
                      ; - net.minecraft.client.Minecraft::m_91383_@453 (line 1048)
  0x0000027b5b571a94: e88e aa02 | e9f4 b3ff 

  0x0000027b5b571a9c: ;   {metadata({method} {0x0000027b00102bf8} '<init>' '()V' in 'java/util/AbstractCollection')}
  0x0000027b5b571a9c: ff49 baf0 | 2b10 007b | 0200 004c | 8954 2408 | 48c7 0424 | ffff ffff 

  0x0000027b5b571ab4: ;   {runtime_call counter_overflow Runtime1 stub}
  0x0000027b5b571ab4: e8c7 8eaa 

  0x0000027b5b571ab8: ; ImmutableOopMap {[256]=Oop r8=Oop [200]=Oop [272]=Oop rax=Oop }
                      ;*synchronization entry
                      ; - java.util.AbstractCollection::<init>@-1 (line 68)
                      ; - java.util.ArrayDeque::<init>@1 (line 181)
                      ; - com.google.common.collect.Queues::newArrayDeque@4 (line 68)
                      ; - com.mojang.blaze3d.vertex.PoseStack::<init>@5 (line 13)
                      ; - net.minecraft.client.Minecraft::m_91383_@453 (line 1048)
  0x0000027b5b571ab8: 02e9 10b4 

  0x0000027b5b571abc: ;   {metadata({method} {0x0000027b00000518} '<init>' '()V' in 'java/lang/Object')}
  0x0000027b5b571abc: ffff 49ba | 1005 0000 | 7b02 0000 | 4c89 5424 | 0848 c704 | 24ff ffff 

  0x0000027b5b571ad4: ;   {runtime_call counter_overflow Runtime1 stub}
  0x0000027b5b571ad4: ffe8 a68e 

  0x0000027b5b571ad8: ; ImmutableOopMap {[256]=Oop r8=Oop [200]=Oop [272]=Oop rax=Oop }
                      ;*synchronization entry
                      ; - java.lang.Object::<init>@-1 (line 44)
                      ; - java.util.AbstractCollection::<init>@1 (line 68)
                      ; - java.util.ArrayDeque::<init>@1 (line 181)
                      ; - com.google.common.collect.Queues::newArrayDeque@4 (line 68)
                      ; - com.mojang.blaze3d.vertex.PoseStack::<init>@5 (line 13)
                      ; - net.minecraft.client.Minecraft::m_91383_@453 (line 1048)
  0x0000027b5b571ad8: aa02 e92c 

  0x0000027b5b571adc: ;   {runtime_call new_object_array Runtime1 stub}
  0x0000027b5b571adc: b4ff ffe8 

  0x0000027b5b571ae0: ; ImmutableOopMap {[256]=Oop r8=Oop [200]=Oop [272]=Oop r13=Oop }
                      ;*anewarray {reexecute=0 rethrow=0 return_oop=0}
                      ; - java.util.ArrayDeque::<init>@7 (line 182)
                      ; - com.google.common.collect.Queues::newArrayDeque@4 (line 68)
                      ; - com.mojang.blaze3d.vertex.PoseStack::<init>@5 (line 13)
                      ; - net.minecraft.client.Minecraft::m_91383_@453 (line 1048)
  0x0000027b5b571ae0: 9c4f aa02 | e9bc b4ff | ff41 8b55 | 1448 c1e2 | 0348 83fa | 000f 84b8 | b4ff ff48 

  0x0000027b5b571afc: ;   {runtime_call g1_pre_barrier_slow}
  0x0000027b5b571afc: 8914 24e8 | 7c94 aa02 | e9aa b4ff | ff48 83f8 | 000f 84bf | b4ff ff4c 

  0x0000027b5b571b14: ;   {runtime_call g1_post_barrier_slow}
  0x0000027b5b571b14: 892c 24e8 | 6497 aa02 | e9b1 b4ff 

  0x0000027b5b571b20: ;   {metadata({method} {0x0000027b003f9df8} 'linkToTargetMethod' '(Ljava/lang/Object;)Ljava/lang/Object;' in 'java/lang/invoke/Invokers$Holder')}
  0x0000027b5b571b20: ff49 baf0 | 9d3f 007b | 0200 004c | 8954 2408 | 48c7 0424 | ffff ffff 

  0x0000027b5b571b38: ;   {runtime_call counter_overflow Runtime1 stub}
  0x0000027b5b571b38: e843 8eaa 

  0x0000027b5b571b3c: ; ImmutableOopMap {[256]=Oop r8=Oop [200]=Oop [272]=Oop r13=Oop rsi=Oop }
                      ;*synchronization entry
                      ; - java.lang.invoke.Invokers$Holder::linkToTargetMethod@-1
                      ; - com.mojang.blaze3d.vertex.PoseStack::<init>@8 (line 13)
                      ; - net.minecraft.client.Minecraft::m_91383_@453 (line 1048)
  0x0000027b5b571b3c: 02e9 f8b4 

  0x0000027b5b571b40: ;   {metadata({method} {0x0000027b00500270} 'invoke' '(Ljava/lang/Object;)Ljava/lang/Object;' in 'java/lang/invoke/LambdaForm$MH+0x0000000800000400')}
  0x0000027b5b571b40: ffff 49ba | 6802 5000 | 7b02 0000 | 4c89 5424 | 0848 c704 | 24ff ffff 

  0x0000027b5b571b58: ;   {runtime_call counter_overflow Runtime1 stub}
  0x0000027b5b571b58: ffe8 228e 

  0x0000027b5b571b5c: ; ImmutableOopMap {[256]=Oop r8=Oop [200]=Oop [272]=Oop r13=Oop }
                      ;*synchronization entry
                      ; - java.lang.invoke.LambdaForm$MH/0x0000000800000400::invoke@-1
                      ; - java.lang.invoke.Invokers$Holder::linkToTargetMethod@4
                      ; - com.mojang.blaze3d.vertex.PoseStack::<init>@8 (line 13)
                      ; - net.minecraft.client.Minecraft::m_91383_@453 (line 1048)
  0x0000027b5b571b5c: aa02 e935 

  0x0000027b5b571b60: ;   {metadata({method} {0x0000027b02a85ef8} 'm_137469_' '(Ljava/lang/Object;Ljava/util/function/Consumer;)Ljava/lang/Object;' in 'net/minecraft/Util')}
  0x0000027b5b571b60: b5ff ff49 | baf0 5ea8 | 027b 0200 | 004c 8954 | 2408 48c7 | 0424 ffff 

  0x0000027b5b571b78: ;   {runtime_call counter_overflow Runtime1 stub}
  0x0000027b5b571b78: ffff e801 

  0x0000027b5b571b7c: ; ImmutableOopMap {[256]=Oop r8=Oop [200]=Oop [272]=Oop r13=Oop rsi=Oop }
                      ;*synchronization entry
                      ; - net.minecraft.Util::m_137469_@-1 (line 351)
                      ; - com.mojang.blaze3d.vertex.PoseStack::<init>@13 (line 13)
                      ; - net.minecraft.client.Minecraft::m_91383_@453 (line 1048)
  0x0000027b5b571b7c: 8eaa 02e9 | a0b5 ffff 

  0x0000027b5b571b84: ;   {metadata({method} {0x0000027b0da430a0} 'accept' '(Ljava/lang/Object;)V' in 'com/mojang/blaze3d/vertex/PoseStack$$Lambda$4050+0x0000000800d484c8')}
  0x0000027b5b571b84: 49ba 9830 | a40d 7b02 | 0000 4c89 | 5424 0848 | c704 24ff 

  0x0000027b5b571b98: ;   {runtime_call counter_overflow Runtime1 stub}
  0x0000027b5b571b98: ffff ffe8 

  0x0000027b5b571b9c: ; ImmutableOopMap {[256]=Oop r8=Oop [200]=Oop [272]=Oop r13=Oop }
                      ;*synchronization entry
                      ; - com.mojang.blaze3d.vertex.PoseStack$$Lambda$4050/0x0000000800d484c8::accept@-1
                      ; - net.minecraft.Util::m_137469_@2 (line 351)
                      ; - com.mojang.blaze3d.vertex.PoseStack::<init>@13 (line 13)
                      ; - net.minecraft.client.Minecraft::m_91383_@453 (line 1048)
  0x0000027b5b571b9c: e08d aa02 | e9b1 b5ff | ff44 8b40 | 0c49 c1e0 | 0349 83f8 | 000f 84e4 | b5ff ff4c 

  0x0000027b5b571bb8: ;   {runtime_call g1_pre_barrier_slow}
  0x0000027b5b571bb8: 8904 24e8 | c093 aa02 | e9d6 b5ff | ff49 83f8 | 000f 84f3 | b5ff ff48 

  0x0000027b5b571bd0: ;   {runtime_call g1_post_barrier_slow}
  0x0000027b5b571bd0: 8904 24e8 | a896 aa02 | e9e5 b5ff 

  0x0000027b5b571bdc: ;   {runtime_call throw_null_pointer_exception Runtime1 stub}
  0x0000027b5b571bdc: ffe8 be3c 

  0x0000027b5b571be0: ; ImmutableOopMap {[256]=Oop [200]=Oop rax=Oop rdx=Oop }
                      ;*invokevirtual m_94920_ {reexecute=0 rethrow=0 return_oop=0}
                      ; - net.minecraft.client.Minecraft::m_91383_@456 (line 1048)
                      ;   {runtime_call throw_incompatible_class_change_error Runtime1 stub}
  0x0000027b5b571be0: aa02 e8b9 

  0x0000027b5b571be4: ; ImmutableOopMap {[256]=Oop rdx=Oop [200]=Oop rsi=Oop }
                      ;*invokeinterface m_7238_ {reexecute=0 rethrow=0 return_oop=0}
                      ; - net.minecraft.client.Minecraft::m_91383_@463 (line 1049)
                      ;   {runtime_call throw_null_pointer_exception Runtime1 stub}
  0x0000027b5b571be4: 63aa 02e8 

  0x0000027b5b571be8: ; ImmutableOopMap {[256]=Oop rdx=Oop [200]=Oop rsi=Oop }
                      ;*invokeinterface m_7238_ {reexecute=0 rethrow=0 return_oop=0}
                      ; - net.minecraft.client.Minecraft::m_91383_@463 (line 1049)
  0x0000027b5b571be8: b43c aa02 

  0x0000027b5b571bec: ;   {metadata({method} {0x0000027b0da5c520} 'm_7238_' '()V' in 'net/minecraft/util/profiling/InactiveProfiler')}
  0x0000027b5b571bec: 49ba 18c5 | a50d 7b02 | 0000 4c89 | 5424 0848 | c704 24ff 

  0x0000027b5b571c00: ;   {runtime_call counter_overflow Runtime1 stub}
  0x0000027b5b571c00: ffff ffe8 

  0x0000027b5b571c04: ; ImmutableOopMap {[256]=Oop rdx=Oop [200]=Oop }
                      ;*synchronization entry
                      ; - net.minecraft.util.profiling.InactiveProfiler::m_7238_@-1 (line 39)
                      ; - net.minecraft.client.Minecraft::m_91383_@463 (line 1049)
  0x0000027b5b571c04: 788d aa02 | e964 b6ff 

  0x0000027b5b571c0c: ;   {runtime_call throw_null_pointer_exception Runtime1 stub}
  0x0000027b5b571c0c: ffe8 8e3c 

  0x0000027b5b571c10: ; ImmutableOopMap {[256]=Oop rdx=Oop [200]=Oop }
                      ;*getfield f_92518_ {reexecute=1 rethrow=0 return_oop=0}
                      ; - (reexecute) net.minecraft.client.Minecraft::m_91383_@486 (line 1050)
                      ;   {runtime_call throw_incompatible_class_change_error Runtime1 stub}
  0x0000027b5b571c10: aa02 e889 

  0x0000027b5b571c14: ; ImmutableOopMap {[256]=Oop rdx=Oop [200]=Oop rsi=Oop }
                      ;*invokeinterface m_6180_ {reexecute=0 rethrow=0 return_oop=0}
                      ; - net.minecraft.client.Minecraft::m_91383_@506 (line 1054)
                      ;   {runtime_call throw_null_pointer_exception Runtime1 stub}
  0x0000027b5b571c14: 63aa 02e8 

  0x0000027b5b571c18: ; ImmutableOopMap {[256]=Oop rdx=Oop [200]=Oop rsi=Oop }
                      ;*invokeinterface m_6180_ {reexecute=0 rethrow=0 return_oop=0}
                      ; - net.minecraft.client.Minecraft::m_91383_@506 (line 1054)
  0x0000027b5b571c18: 843c aa02 

  0x0000027b5b571c1c: ;   {metadata({method} {0x0000027b0da5c328} 'm_6180_' '(Ljava/lang/String;)V' in 'net/minecraft/util/profiling/InactiveProfiler')}
  0x0000027b5b571c1c: 49ba 20c3 | a50d 7b02 | 0000 4c89 | 5424 0848 | c704 24ff 

  0x0000027b5b571c30: ;   {runtime_call counter_overflow Runtime1 stub}
  0x0000027b5b571c30: ffff ffe8 

  0x0000027b5b571c34: ; ImmutableOopMap {[256]=Oop rdx=Oop [200]=Oop }
                      ;*synchronization entry
                      ; - net.minecraft.util.profiling.InactiveProfiler::m_6180_@-1 (line 27)
                      ; - net.minecraft.client.Minecraft::m_91383_@506 (line 1054)
  0x0000027b5b571c34: 488d aa02 | e983 b7ff | ff48 8bd2 

  0x0000027b5b571c40: ;   {runtime_call fast_new_instance Runtime1 stub}
  0x0000027b5b571c40: e83b 45aa 

  0x0000027b5b571c44: ; ImmutableOopMap {[256]=Oop [200]=Oop }
                      ;*new {reexecute=0 rethrow=0 return_oop=0}
                      ; - net.minecraft.client.Minecraft::m_91383_@512 (line 1055)
  0x0000027b5b571c44: 02e9 c2b7 

  0x0000027b5b571c48: ;   {metadata({method} {0x0000027b0d8e9e18} '<init>' '()V' in 'com/mojang/blaze3d/vertex/PoseStack')}
  0x0000027b5b571c48: ffff 49ba | 109e 8e0d | 7b02 0000 | 4c89 5424 | 0848 c704 | 24ff ffff 

  0x0000027b5b571c60: ;   {runtime_call counter_overflow Runtime1 stub}
  0x0000027b5b571c60: ffe8 1a8d 

  0x0000027b5b571c64: ; ImmutableOopMap {[256]=Oop [200]=Oop rax=Oop }
                      ;*synchronization entry
                      ; - com.mojang.blaze3d.vertex.PoseStack::<init>@-1 (line 12)
                      ; - net.minecraft.client.Minecraft::m_91383_@516 (line 1055)
  0x0000027b5b571c64: aa02 e9de 

  0x0000027b5b571c68: ;   {metadata({method} {0x0000027b00000518} '<init>' '()V' in 'java/lang/Object')}
  0x0000027b5b571c68: b7ff ff49 | ba10 0500 | 007b 0200 | 004c 8954 | 2408 48c7 | 0424 ffff 

  0x0000027b5b571c80: ;   {runtime_call counter_overflow Runtime1 stub}
  0x0000027b5b571c80: ffff e8f9 

  0x0000027b5b571c84: ; ImmutableOopMap {[256]=Oop [200]=Oop rax=Oop }
                      ;*synchronization entry
                      ; - java.lang.Object::<init>@-1 (line 44)
                      ; - com.mojang.blaze3d.vertex.PoseStack::<init>@1 (line 12)
                      ; - net.minecraft.client.Minecraft::m_91383_@516 (line 1055)
  0x0000027b5b571c84: 8caa 02e9 | fab7 ffff 

  0x0000027b5b571c8c: ;   {metadata({method} {0x0000027b0d709a18} 'newArrayDeque' '()Ljava/util/ArrayDeque;' in 'com/google/common/collect/Queues')}
  0x0000027b5b571c8c: 49ba 109a | 700d 7b02 | 0000 4c89 | 5424 0848 | c704 24ff 

  0x0000027b5b571ca0: ;   {runtime_call counter_overflow Runtime1 stub}
  0x0000027b5b571ca0: ffff ffe8 

  0x0000027b5b571ca4: ; ImmutableOopMap {[256]=Oop [200]=Oop rax=Oop }
                      ;*synchronization entry
                      ; - com.google.common.collect.Queues::newArrayDeque@-1 (line 68)
                      ; - com.mojang.blaze3d.vertex.PoseStack::<init>@5 (line 13)
                      ; - net.minecraft.client.Minecraft::m_91383_@516 (line 1055)
  0x0000027b5b571ca4: d88c aa02 | e913 b8ff | ff48 8bd2 

  0x0000027b5b571cb0: ;   {runtime_call fast_new_instance Runtime1 stub}
  0x0000027b5b571cb0: e8cb 44aa 

  0x0000027b5b571cb4: ; ImmutableOopMap {[256]=Oop [200]=Oop [296]=Oop }
                      ;*new {reexecute=0 rethrow=0 return_oop=0}
                      ; - com.google.common.collect.Queues::newArrayDeque@0 (line 68)
                      ; - com.mojang.blaze3d.vertex.PoseStack::<init>@5 (line 13)
                      ; - net.minecraft.client.Minecraft::m_91383_@516 (line 1055)
  0x0000027b5b571cb4: 02e9 5eb8 

  0x0000027b5b571cb8: ;   {metadata({method} {0x0000027b0033b6b8} '<init>' '()V' in 'java/util/ArrayDeque')}
  0x0000027b5b571cb8: ffff 49ba | b0b6 3300 | 7b02 0000 | 4c89 5424 | 0848 c704 | 24ff ffff 

  0x0000027b5b571cd0: ;   {runtime_call counter_overflow Runtime1 stub}
  0x0000027b5b571cd0: ffe8 aa8c 

  0x0000027b5b571cd4: ; ImmutableOopMap {[256]=Oop [200]=Oop [296]=Oop rax=Oop }
                      ;*synchronization entry
                      ; - java.util.ArrayDeque::<init>@-1 (line 181)
                      ; - com.google.common.collect.Queues::newArrayDeque@4 (line 68)
                      ; - com.mojang.blaze3d.vertex.PoseStack::<init>@5 (line 13)
                      ; - net.minecraft.client.Minecraft::m_91383_@516 (line 1055)
  0x0000027b5b571cd4: aa02 e97a 

  0x0000027b5b571cd8: ;   {metadata({method} {0x0000027b00102bf8} '<init>' '()V' in 'java/util/AbstractCollection')}
  0x0000027b5b571cd8: b8ff ff49 | baf0 2b10 | 007b 0200 | 004c 8954 | 2408 48c7 | 0424 ffff 

  0x0000027b5b571cf0: ;   {runtime_call counter_overflow Runtime1 stub}
  0x0000027b5b571cf0: ffff e889 

  0x0000027b5b571cf4: ; ImmutableOopMap {[256]=Oop [200]=Oop [296]=Oop rax=Oop }
                      ;*synchronization entry
                      ; - java.util.AbstractCollection::<init>@-1 (line 68)
                      ; - java.util.ArrayDeque::<init>@1 (line 181)
                      ; - com.google.common.collect.Queues::newArrayDeque@4 (line 68)
                      ; - com.mojang.blaze3d.vertex.PoseStack::<init>@5 (line 13)
                      ; - net.minecraft.client.Minecraft::m_91383_@516 (line 1055)
  0x0000027b5b571cf4: 8caa 02e9 | 96b8 ffff 

  0x0000027b5b571cfc: ;   {metadata({method} {0x0000027b00000518} '<init>' '()V' in 'java/lang/Object')}
  0x0000027b5b571cfc: 49ba 1005 | 0000 7b02 | 0000 4c89 | 5424 0848 | c704 24ff 

  0x0000027b5b571d10: ;   {runtime_call counter_overflow Runtime1 stub}
  0x0000027b5b571d10: ffff ffe8 

  0x0000027b5b571d14: ; ImmutableOopMap {[256]=Oop [200]=Oop [296]=Oop rax=Oop }
                      ;*synchronization entry
                      ; - java.lang.Object::<init>@-1 (line 44)
                      ; - java.util.AbstractCollection::<init>@1 (line 68)
                      ; - java.util.ArrayDeque::<init>@1 (line 181)
                      ; - com.google.common.collect.Queues::newArrayDeque@4 (line 68)
                      ; - com.mojang.blaze3d.vertex.PoseStack::<init>@5 (line 13)
                      ; - net.minecraft.client.Minecraft::m_91383_@516 (line 1055)
  0x0000027b5b571d14: 688c aa02 | e9b2 b8ff 

  0x0000027b5b571d1c: ;   {runtime_call new_object_array Runtime1 stub}
  0x0000027b5b571d1c: ffe8 5e4d 

  0x0000027b5b571d20: ; ImmutableOopMap {[256]=Oop [200]=Oop [296]=Oop r11=Oop }
                      ;*anewarray {reexecute=0 rethrow=0 return_oop=0}
                      ; - java.util.ArrayDeque::<init>@7 (line 182)
                      ; - com.google.common.collect.Queues::newArrayDeque@4 (line 68)
                      ; - com.mojang.blaze3d.vertex.PoseStack::<init>@5 (line 13)
                      ; - net.minecraft.client.Minecraft::m_91383_@516 (line 1055)
  0x0000027b5b571d20: aa02 e942 | b9ff ff41 | 8b53 1448 | c1e2 0348 | 83fa 000f | 843e b9ff | ff48 8914 

  0x0000027b5b571d3c: ;   {runtime_call g1_pre_barrier_slow}
  0x0000027b5b571d3c: 24e8 3e92 | aa02 e930 | b9ff ff48 | 83f8 000f | 8445 b9ff | ff4c 891c 

  0x0000027b5b571d54: ;   {runtime_call g1_post_barrier_slow}
  0x0000027b5b571d54: 24e8 2695 | aa02 e937 

  0x0000027b5b571d5c: ;   {metadata({method} {0x0000027b003f9df8} 'linkToTargetMethod' '(Ljava/lang/Object;)Ljava/lang/Object;' in 'java/lang/invoke/Invokers$Holder')}
  0x0000027b5b571d5c: b9ff ff49 | baf0 9d3f | 007b 0200 | 004c 8954 | 2408 48c7 | 0424 ffff 

  0x0000027b5b571d74: ;   {runtime_call counter_overflow Runtime1 stub}
  0x0000027b5b571d74: ffff e805 

  0x0000027b5b571d78: ; ImmutableOopMap {[256]=Oop [200]=Oop [296]=Oop r11=Oop rsi=Oop }
                      ;*synchronization entry
                      ; - java.lang.invoke.Invokers$Holder::linkToTargetMethod@-1
                      ; - com.mojang.blaze3d.vertex.PoseStack::<init>@8 (line 13)
                      ; - net.minecraft.client.Minecraft::m_91383_@516 (line 1055)
  0x0000027b5b571d78: 8caa 02e9 | 7eb9 ffff 

  0x0000027b5b571d80: ;   {metadata({method} {0x0000027b00500270} 'invoke' '(Ljava/lang/Object;)Ljava/lang/Object;' in 'java/lang/invoke/LambdaForm$MH+0x0000000800000400')}
  0x0000027b5b571d80: 49ba 6802 | 5000 7b02 | 0000 4c89 | 5424 0848 | c704 24ff 

  0x0000027b5b571d94: ;   {runtime_call counter_overflow Runtime1 stub}
  0x0000027b5b571d94: ffff ffe8 

  0x0000027b5b571d98: ; ImmutableOopMap {[256]=Oop [200]=Oop [296]=Oop r11=Oop }
                      ;*synchronization entry
                      ; - java.lang.invoke.LambdaForm$MH/0x0000000800000400::invoke@-1
                      ; - java.lang.invoke.Invokers$Holder::linkToTargetMethod@4
                      ; - com.mojang.blaze3d.vertex.PoseStack::<init>@8 (line 13)
                      ; - net.minecraft.client.Minecraft::m_91383_@516 (line 1055)
  0x0000027b5b571d98: e48b aa02 | e9bb b9ff 

  0x0000027b5b571da0: ;   {metadata({method} {0x0000027b02a85ef8} 'm_137469_' '(Ljava/lang/Object;Ljava/util/function/Consumer;)Ljava/lang/Object;' in 'net/minecraft/Util')}
  0x0000027b5b571da0: ff49 baf0 | 5ea8 027b | 0200 004c | 8954 2408 | 48c7 0424 | ffff ffff 

  0x0000027b5b571db8: ;   {runtime_call counter_overflow Runtime1 stub}
  0x0000027b5b571db8: e8c3 8baa 

  0x0000027b5b571dbc: ; ImmutableOopMap {[256]=Oop [200]=Oop [296]=Oop r11=Oop rsi=Oop }
                      ;*synchronization entry
                      ; - net.minecraft.Util::m_137469_@-1 (line 351)
                      ; - com.mojang.blaze3d.vertex.PoseStack::<init>@13 (line 13)
                      ; - net.minecraft.client.Minecraft::m_91383_@516 (line 1055)
  0x0000027b5b571dbc: 02e9 26ba 

  0x0000027b5b571dc0: ;   {metadata({method} {0x0000027b0da430a0} 'accept' '(Ljava/lang/Object;)V' in 'com/mojang/blaze3d/vertex/PoseStack$$Lambda$4050+0x0000000800d484c8')}
  0x0000027b5b571dc0: ffff 49ba | 9830 a40d | 7b02 0000 | 4c89 5424 | 0848 c704 | 24ff ffff 

  0x0000027b5b571dd8: ;   {runtime_call counter_overflow Runtime1 stub}
  0x0000027b5b571dd8: ffe8 a28b 

  0x0000027b5b571ddc: ; ImmutableOopMap {[256]=Oop [200]=Oop [296]=Oop r11=Oop }
                      ;*synchronization entry
                      ; - com.mojang.blaze3d.vertex.PoseStack$$Lambda$4050/0x0000000800d484c8::accept@-1
                      ; - net.minecraft.Util::m_137469_@2 (line 351)
                      ; - com.mojang.blaze3d.vertex.PoseStack::<init>@13 (line 13)
                      ; - net.minecraft.client.Minecraft::m_91383_@516 (line 1055)
  0x0000027b5b571ddc: aa02 e937 | baff ff44 | 8b40 0c49 | c1e0 0349 | 83f8 000f | 845e baff | ff4c 8904 

  0x0000027b5b571df8: ;   {runtime_call g1_pre_barrier_slow}
  0x0000027b5b571df8: 24e8 8291 | aa02 e950 | baff ff49 | 83f8 000f | 846d baff | ff48 8904 

  0x0000027b5b571e10: ;   {runtime_call g1_post_barrier_slow}
  0x0000027b5b571e10: 24e8 6a94 | aa02 e95f 

  0x0000027b5b571e18: ;   {runtime_call throw_incompatible_class_change_error Runtime1 stub}
  0x0000027b5b571e18: baff ffe8 

  0x0000027b5b571e1c: ; ImmutableOopMap {[256]=Oop rdx=Oop [200]=Oop rsi=Oop }
                      ;*invokeinterface m_7238_ {reexecute=0 rethrow=0 return_oop=0}
                      ; - net.minecraft.client.Minecraft::m_91383_@530 (line 1056)
  0x0000027b5b571e1c: 8061 aa02 

  0x0000027b5b571e20: ;   {runtime_call throw_null_pointer_exception Runtime1 stub}
  0x0000027b5b571e20: e87b 3aaa 

  0x0000027b5b571e24: ; ImmutableOopMap {[256]=Oop rdx=Oop [200]=Oop rsi=Oop }
                      ;*invokeinterface m_7238_ {reexecute=0 rethrow=0 return_oop=0}
                      ; - net.minecraft.client.Minecraft::m_91383_@530 (line 1056)
                      ;   {metadata({method} {0x0000027b0da5c520} 'm_7238_' '()V' in 'net/minecraft/util/profiling/InactiveProfiler')}
  0x0000027b5b571e24: 0249 ba18 | c5a5 0d7b | 0200 004c | 8954 2408 | 48c7 0424 | ffff ffff 

  0x0000027b5b571e3c: ;   {runtime_call counter_overflow Runtime1 stub}
  0x0000027b5b571e3c: e83f 8baa 

  0x0000027b5b571e40: ; ImmutableOopMap {[256]=Oop rdx=Oop [200]=Oop }
                      ;*synchronization entry
                      ; - net.minecraft.util.profiling.InactiveProfiler::m_7238_@-1 (line 39)
                      ; - net.minecraft.client.Minecraft::m_91383_@530 (line 1056)
  0x0000027b5b571e40: 02e9 04bb 

  0x0000027b5b571e44: ;   {runtime_call throw_incompatible_class_change_error Runtime1 stub}
  0x0000027b5b571e44: ffff e855 

  0x0000027b5b571e48: ; ImmutableOopMap {rdx=Oop [200]=Oop [256]=Oop rsi=Oop }
                      ;*invokeinterface m_6180_ {reexecute=0 rethrow=0 return_oop=0}
                      ; - net.minecraft.client.Minecraft::m_91383_@542 (line 1059)
                      ;   {runtime_call throw_null_pointer_exception Runtime1 stub}
  0x0000027b5b571e48: 61aa 02e8 

  0x0000027b5b571e4c: ; ImmutableOopMap {rdx=Oop [200]=Oop [256]=Oop rsi=Oop }
                      ;*invokeinterface m_6180_ {reexecute=0 rethrow=0 return_oop=0}
                      ; - net.minecraft.client.Minecraft::m_91383_@542 (line 1059)
  0x0000027b5b571e4c: 503a aa02 

  0x0000027b5b571e50: ;   {metadata({method} {0x0000027b0da5c328} 'm_6180_' '(Ljava/lang/String;)V' in 'net/minecraft/util/profiling/InactiveProfiler')}
  0x0000027b5b571e50: 49ba 20c3 | a50d 7b02 | 0000 4c89 | 5424 0848 | c704 24ff 

  0x0000027b5b571e64: ;   {runtime_call counter_overflow Runtime1 stub}
  0x0000027b5b571e64: ffff ffe8 

  0x0000027b5b571e68: ; ImmutableOopMap {rdx=Oop [200]=Oop [256]=Oop }
                      ;*synchronization entry
                      ; - net.minecraft.util.profiling.InactiveProfiler::m_6180_@-1 (line 27)
                      ; - net.minecraft.client.Minecraft::m_91383_@542 (line 1059)
  0x0000027b5b571e68: 148b aa02 | e956 bbff 

  0x0000027b5b571e70: ;   {runtime_call throw_null_pointer_exception Runtime1 stub}
  0x0000027b5b571e70: ffe8 2a3a 

  0x0000027b5b571e74: ; ImmutableOopMap {rdx=Oop [200]=Oop [256]=Oop rsi=Oop }
                      ;*invokevirtual m_83970_ {reexecute=0 rethrow=0 return_oop=0}
                      ; - net.minecraft.client.Minecraft::m_91383_@551 (line 1060)
                      ;   {metadata({method} {0x0000027b0d8ea160} 'm_85849_' '()V' in 'com/mojang/blaze3d/vertex/PoseStack')}
  0x0000027b5b571e74: aa02 49ba | 58a1 8e0d | 7b02 0000 | 4c89 5424 | 0848 c704 | 24ff ffff 

  0x0000027b5b571e8c: ;   {runtime_call counter_overflow Runtime1 stub}
  0x0000027b5b571e8c: ffe8 ee8a 

  0x0000027b5b571e90: ; ImmutableOopMap {[256]=Oop [200]=Oop }
                      ;*synchronization entry
                      ; - com.mojang.blaze3d.vertex.PoseStack::m_85849_@-1 (line 61)
                      ; - net.minecraft.client.Minecraft::m_91383_@556 (line 1061)
  0x0000027b5b571e90: aa02 e92f 

  0x0000027b5b571e94: ;   {runtime_call throw_null_pointer_exception Runtime1 stub}
  0x0000027b5b571e94: bcff ffe8 

  0x0000027b5b571e98: ; ImmutableOopMap {[200]=Oop rdi=Oop [256]=Oop rdx=Oop }
                      ;*invokeinterface removeLast {reexecute=0 rethrow=0 return_oop=0}
                      ; - com.mojang.blaze3d.vertex.PoseStack::m_85849_@4 (line 61)
                      ; - net.minecraft.client.Minecraft::m_91383_@556 (line 1061)
  0x0000027b5b571e98: 043a aa02 

  0x0000027b5b571e9c: ;   {runtime_call throw_null_pointer_exception Runtime1 stub}
  0x0000027b5b571e9c: e8ff 39aa 

  0x0000027b5b571ea0: ; ImmutableOopMap {[256]=Oop rdx=Oop [200]=Oop rsi=Oop r8=Oop }
                      ;*invokevirtual m_85441_ {reexecute=0 rethrow=0 return_oop=0}
                      ; - net.minecraft.client.Minecraft::m_91383_@575 (line 1064)
                      ;   {runtime_call throw_null_pointer_exception Runtime1 stub}
  0x0000027b5b571ea0: 02e8 fa39 

  0x0000027b5b571ea4: ; ImmutableOopMap {[256]=Oop rdx=Oop [200]=Oop rsi=Oop }
                      ;*invokevirtual m_83938_ {reexecute=0 rethrow=0 return_oop=0}
                      ; - net.minecraft.client.Minecraft::m_91383_@585 (line 1064)
                      ;   {metadata({method} {0x0000027b02fd4670} 'm_83938_' '(II)V' in 'com/mojang/blaze3d/pipeline/RenderTarget')}
  0x0000027b5b571ea4: aa02 49ba | 6846 fd02 | 7b02 0000 | 4c89 5424 | 0848 c704 | 24ff ffff 

  0x0000027b5b571ebc: ;   {runtime_call counter_overflow Runtime1 stub}
  0x0000027b5b571ebc: ffe8 be8a 

  0x0000027b5b571ec0: ; ImmutableOopMap {[256]=Oop rdx=Oop [200]=Oop rsi=Oop }
                      ;*synchronization entry
                      ; - com.mojang.blaze3d.pipeline.RenderTarget::m_83938_@-1 (line 227)
                      ; - net.minecraft.client.Minecraft::m_91383_@585 (line 1064)
  0x0000027b5b571ec0: aa02 e916 | beff ff48 

  0x0000027b5b571ec8: ;   {runtime_call fast_new_instance Runtime1 stub}
  0x0000027b5b571ec8: 8bd2 e8b1 

  0x0000027b5b571ecc: ; ImmutableOopMap {[256]=Oop [200]=Oop }
                      ;*new {reexecute=0 rethrow=0 return_oop=0}
                      ; - net.minecraft.client.Minecraft::m_91383_@590 (line 1064)
  0x0000027b5b571ecc: 42aa 02e9 | 08bf ffff 

  0x0000027b5b571ed4: ;   {metadata({method} {0x0000027b02a50db0} '<init>' '(Ljava/lang/String;Z)V' in 'org/spongepowered/asm/mixin/injection/callback/CallbackInfo')}
  0x0000027b5b571ed4: 49ba a80d | a502 7b02 | 0000 4c89 | 5424 0848 | c704 24ff 

  0x0000027b5b571ee8: ;   {runtime_call counter_overflow Runtime1 stub}
  0x0000027b5b571ee8: ffff ffe8 

  0x0000027b5b571eec: ; ImmutableOopMap {[256]=Oop [200]=Oop rax=Oop }
                      ;*synchronization entry
                      ; - org.spongepowered.asm.mixin.injection.callback.CallbackInfo::<init>@-1 (line 61)
                      ; - net.minecraft.client.Minecraft::m_91383_@598 (line 1064)
  0x0000027b5b571eec: 908a aa02 | e924 bfff 

  0x0000027b5b571ef4: ;   {metadata({method} {0x0000027b00000518} '<init>' '()V' in 'java/lang/Object')}
  0x0000027b5b571ef4: ff49 ba10 | 0500 007b | 0200 004c | 8954 2408 | 48c7 0424 | ffff ffff 

  0x0000027b5b571f0c: ;   {runtime_call counter_overflow Runtime1 stub}
  0x0000027b5b571f0c: e86f 8aaa 

  0x0000027b5b571f10: ; ImmutableOopMap {[256]=Oop [200]=Oop rax=Oop }
                      ;*synchronization entry
                      ; - java.lang.Object::<init>@-1 (line 44)
                      ; - org.spongepowered.asm.mixin.injection.callback.CallbackInfo::<init>@1 (line 61)
                      ; - net.minecraft.client.Minecraft::m_91383_@598 (line 1064)
  0x0000027b5b571f10: 02e9 40bf | ffff 8b70 | 1048 c1e6 | 0348 83fe | 000f 8447 | bfff ff48 

  0x0000027b5b571f28: ;   {runtime_call g1_pre_barrier_slow}
  0x0000027b5b571f28: 8934 24e8 | 5090 aa02 | e939 bfff | ff48 83fe | 000f 845f | bfff ff48 

  0x0000027b5b571f40: ;   {runtime_call g1_post_barrier_slow}
  0x0000027b5b571f40: 8904 24e8 | 3893 aa02 | e951 bfff 

  0x0000027b5b571f4c: ;   {metadata({method} {0x0000027b02e7f498} 'handler$cfh000$inject$blitToScreen' '(ZLorg/spongepowered/asm/mixin/injection/callback/CallbackInfo;)V' in 'net/minecraft/client/Minecraft')}
  0x0000027b5b571f4c: ff49 ba90 | f4e7 027b | 0200 004c | 8954 2408 | 48c7 0424 | ffff ffff 

  0x0000027b5b571f64: ;   {runtime_call counter_overflow Runtime1 stub}
  0x0000027b5b571f64: e817 8aaa 

  0x0000027b5b571f68: ; ImmutableOopMap {[256]=Oop [200]=Oop }
                      ;*synchronization entry
                      ; - net.minecraft.client.Minecraft::handler$cfh000$inject$blitToScreen@-1 (line 17877)
                      ; - net.minecraft.client.Minecraft::m_91383_@601 (line 1064)
  0x0000027b5b571f68: 02e9 72bf | ffff 49b8 | 0000 0000 | 0000 0000 | b800 0f05 

  0x0000027b5b571f7c: ;   {runtime_call load_appendix_patching Runtime1 stub}
  0x0000027b5b571f7c: 0ae8 7e82 

  0x0000027b5b571f80: ; ImmutableOopMap {[256]=Oop [200]=Oop rax=Oop }
                      ;*invokedynamic {reexecute=1 rethrow=0 return_oop=0}
                      ; - (reexecute) net.minecraft.client.Minecraft::handler$cfh000$inject$blitToScreen@11 (line 17878)
                      ; - net.minecraft.client.Minecraft::m_91383_@601 (line 1064)
  0x0000027b5b571f80: aa02 e9a1 

  0x0000027b5b571f84: ;   {runtime_call throw_null_pointer_exception Runtime1 stub}
  0x0000027b5b571f84: bfff ffe8 

  0x0000027b5b571f88: ; ImmutableOopMap {[256]=Oop [200]=Oop rax=Oop r8=Oop }
                      ;*invokevirtual ifPresent {reexecute=0 rethrow=0 return_oop=0}
                      ; - net.minecraft.client.Minecraft::handler$cfh000$inject$blitToScreen@16 (line 17878)
                      ; - net.minecraft.client.Minecraft::m_91383_@601 (line 1064)
  0x0000027b5b571f88: 1439 aa02 

  0x0000027b5b571f8c: ;   {metadata({method} {0x0000027b002fd520} 'ifPresent' '(Ljava/util/function/Consumer;)V' in 'java/util/Optional')}
  0x0000027b5b571f8c: 49ba 18d5 | 2f00 7b02 | 0000 4c89 | 5424 0848 | c704 24ff 

  0x0000027b5b571fa0: ;   {runtime_call counter_overflow Runtime1 stub}
  0x0000027b5b571fa0: ffff ffe8 

  0x0000027b5b571fa4: ; ImmutableOopMap {[256]=Oop [200]=Oop rax=Oop r8=Oop }
                      ;*synchronization entry
                      ; - java.util.Optional::ifPresent@-1 (line 177)
                      ; - net.minecraft.client.Minecraft::handler$cfh000$inject$blitToScreen@16 (line 17878)
                      ; - net.minecraft.client.Minecraft::m_91383_@601 (line 1064)
  0x0000027b5b571fa4: d889 aa02 | e956 c0ff 

  0x0000027b5b571fac: ;   {runtime_call throw_null_pointer_exception Runtime1 stub}
  0x0000027b5b571fac: ffe8 ee38 

  0x0000027b5b571fb0: ; ImmutableOopMap {[256]=Oop [200]=Oop r8=Oop rax=Oop }
                      ;*invokeinterface accept {reexecute=0 rethrow=0 return_oop=0}
                      ; - java.util.Optional::ifPresent@12 (line 178)
                      ; - net.minecraft.client.Minecraft::handler$cfh000$inject$blitToScreen@16 (line 17878)
                      ; - net.minecraft.client.Minecraft::m_91383_@601 (line 1064)
                      ;   {metadata({method} {0x0000027b0d8ea160} 'm_85849_' '()V' in 'com/mojang/blaze3d/vertex/PoseStack')}
  0x0000027b5b571fb0: aa02 49ba | 58a1 8e0d | 7b02 0000 | 4c89 5424 | 0848 c704 | 24ff ffff 

  0x0000027b5b571fc8: ;   {runtime_call counter_overflow Runtime1 stub}
  0x0000027b5b571fc8: ffe8 b289 

  0x0000027b5b571fcc: ; ImmutableOopMap {[200]=Oop rdi=Oop [256]=Oop }
                      ;*synchronization entry
                      ; - com.mojang.blaze3d.vertex.PoseStack::m_85849_@-1 (line 61)
                      ; - net.minecraft.client.Minecraft::m_91383_@606 (line 1065)
  0x0000027b5b571fcc: aa02 e966 

  0x0000027b5b571fd0: ;   {runtime_call throw_null_pointer_exception Runtime1 stub}
  0x0000027b5b571fd0: c1ff ffe8 

  0x0000027b5b571fd4: ; ImmutableOopMap {[200]=Oop rsi=Oop }
                      ;*invokeinterface removeLast {reexecute=0 rethrow=0 return_oop=0}
                      ; - com.mojang.blaze3d.vertex.PoseStack::m_85849_@4 (line 61)
                      ; - net.minecraft.client.Minecraft::m_91383_@606 (line 1065)
  0x0000027b5b571fd4: c838 aa02 

  0x0000027b5b571fd8: ;   {runtime_call throw_incompatible_class_change_error Runtime1 stub}
  0x0000027b5b571fd8: e8c3 5faa 

  0x0000027b5b571fdc: ; ImmutableOopMap {rdx=Oop [200]=Oop rsi=Oop }
                      ;*invokeinterface m_6182_ {reexecute=0 rethrow=0 return_oop=0}
                      ; - net.minecraft.client.Minecraft::m_91383_@619 (line 1067)
                      ;   {runtime_call throw_null_pointer_exception Runtime1 stub}
  0x0000027b5b571fdc: 02e8 be38 

  0x0000027b5b571fe0: ; ImmutableOopMap {rdx=Oop [200]=Oop rsi=Oop }
                      ;*invokeinterface m_6182_ {reexecute=0 rethrow=0 return_oop=0}
                      ; - net.minecraft.client.Minecraft::m_91383_@619 (line 1067)
                      ;   {metadata({method} {0x0000027b0da5c5c8} 'm_6182_' '(Ljava/lang/String;)V' in 'net/minecraft/util/profiling/InactiveProfiler')}
  0x0000027b5b571fe0: aa02 49ba | c0c5 a50d | 7b02 0000 | 4c89 5424 | 0848 c704 | 24ff ffff 

  0x0000027b5b571ff8: ;   {runtime_call counter_overflow Runtime1 stub}
  0x0000027b5b571ff8: ffe8 8289 

  0x0000027b5b571ffc: ; ImmutableOopMap {rdx=Oop [200]=Oop }
                      ;*synchronization entry
                      ; - net.minecraft.util.profiling.InactiveProfiler::m_6182_@-1 (line 43)
                      ; - net.minecraft.client.Minecraft::m_91383_@619 (line 1067)
  0x0000027b5b571ffc: aa02 e98e 

  0x0000027b5b572000: ;   {runtime_call throw_null_pointer_exception Runtime1 stub}
  0x0000027b5b572000: c2ff ffe8 

  0x0000027b5b572004: ; ImmutableOopMap {rdx=Oop [200]=Oop rsi=Oop }
                      ;*invokevirtual m_85435_ {reexecute=0 rethrow=0 return_oop=0}
                      ; - net.minecraft.client.Minecraft::m_91383_@628 (line 1068)
  0x0000027b5b572004: 9838 aa02 

  0x0000027b5b572008: ;   {metadata({method} {0x0000027b0e118f20} 'm_85435_' '()V' in 'com/mojang/blaze3d/platform/Window')}
  0x0000027b5b572008: 49ba 188f | 110e 7b02 | 0000 4c89 | 5424 0848 | c704 24ff 

  0x0000027b5b57201c: ;   {runtime_call counter_overflow Runtime1 stub}
  0x0000027b5b57201c: ffff ffe8 

  0x0000027b5b572020: ; ImmutableOopMap {rdx=Oop [200]=Oop rsi=Oop }
                      ;*synchronization entry
                      ; - com.mojang.blaze3d.platform.Window::m_85435_@-1 (line 333)
                      ; - net.minecraft.client.Minecraft::m_91383_@628 (line 1068)
  0x0000027b5b572020: 5c89 aa02 | e9b2 c2ff 

  0x0000027b5b572028: ;   {metadata({method} {0x0000027b0d9cd3f8} 'm_69495_' '(J)V' in 'com/mojang/blaze3d/systems/RenderSystem')}
  0x0000027b5b572028: ff49 baf0 | d39c 0d7b | 0200 004c | 8954 2408 | 48c7 0424 | ffff ffff 

  0x0000027b5b572040: ;   {runtime_call counter_overflow Runtime1 stub}
  0x0000027b5b572040: e83b 89aa 

  0x0000027b5b572044: ; ImmutableOopMap {rdx=Oop [200]=Oop rsi=Oop }
                      ;*synchronization entry
                      ; - com.mojang.blaze3d.systems.RenderSystem::m_69495_@-1 (line 197)
                      ; - com.mojang.blaze3d.platform.Window::m_85435_@4 (line 333)
                      ; - net.minecraft.client.Minecraft::m_91383_@628 (line 1068)
  0x0000027b5b572044: 02e9 d7c2 

  0x0000027b5b572048: ;   {metadata({method} {0x0000027b0e00fcf8} 'glfwPollEvents' '()V' in 'org/lwjgl/glfw/GLFW')}
  0x0000027b5b572048: ffff 49ba | f0fc 000e | 7b02 0000 | 4c89 5424 | 0848 c704 | 24ff ffff 

  0x0000027b5b572060: ;   {runtime_call counter_overflow Runtime1 stub}
  0x0000027b5b572060: ffe8 1a89 

  0x0000027b5b572064: ; ImmutableOopMap {rdx=Oop [200]=Oop rsi=Oop }
                      ;*synchronization entry
                      ; - org.lwjgl.glfw.GLFW::glfwPollEvents@-1 (line 3099)
                      ; - com.mojang.blaze3d.systems.RenderSystem::m_69495_@0 (line 197)
                      ; - com.mojang.blaze3d.platform.Window::m_85435_@4 (line 333)
                      ; - net.minecraft.client.Minecraft::m_91383_@628 (line 1068)
  0x0000027b5b572064: aa02 e9f0 

  0x0000027b5b572068: ;   {metadata({method} {0x0000027b2dbf6928} 'check' '()V' in 'org/lwjgl/glfw/EventLoop$OnScreen')}
  0x0000027b5b572068: c2ff ff49 | ba20 69bf | 2d7b 0200 | 004c 8954 | 2408 48c7 | 0424 ffff 

  0x0000027b5b572080: ;   {runtime_call counter_overflow Runtime1 stub}
  0x0000027b5b572080: ffff e8f9 

  0x0000027b5b572084: ; ImmutableOopMap {rdx=Oop [200]=Oop rsi=Oop }
                      ;*synchronization entry
                      ; - org.lwjgl.glfw.EventLoop$OnScreen::check@-1 (line 74)
                      ; - org.lwjgl.glfw.GLFW::glfwPollEvents@4 (line 3100)
                      ; - com.mojang.blaze3d.systems.RenderSystem::m_69495_@0 (line 197)
                      ; - com.mojang.blaze3d.platform.Window::m_85435_@4 (line 333)
                      ; - net.minecraft.client.Minecraft::m_91383_@628 (line 1068)
  0x0000027b5b572084: 88aa 02e9 | 09c3 ffff 

  0x0000027b5b57208c: ;   {metadata({method} {0x0000027b0d9da258} 'm_85913_' '()Lcom/mojang/blaze3d/vertex/Tesselator;' in 'com/mojang/blaze3d/vertex/Tesselator')}
  0x0000027b5b57208c: 49ba 50a2 | 9d0d 7b02 | 0000 4c89 | 5424 0848 | c704 24ff 

  0x0000027b5b5720a0: ;   {runtime_call counter_overflow Runtime1 stub}
  0x0000027b5b5720a0: ffff ffe8 

  0x0000027b5b5720a4: ; ImmutableOopMap {[328]=Oop [200]=Oop }
                      ;*synchronization entry
                      ; - com.mojang.blaze3d.vertex.Tesselator::m_85913_@-1 (line 14)
                      ; - com.mojang.blaze3d.systems.RenderSystem::m_69495_@6 (line 201)
                      ; - com.mojang.blaze3d.platform.Window::m_85435_@4 (line 333)
                      ; - net.minecraft.client.Minecraft::m_91383_@628 (line 1068)
  0x0000027b5b5720a4: d888 aa02 | e969 c3ff 

  0x0000027b5b5720ac: ;   {metadata({method} {0x0000027b0d9cd000} 'm_187553_' '()V' in 'com/mojang/blaze3d/systems/RenderSystem')}
  0x0000027b5b5720ac: ff49 baf8 | cf9c 0d7b | 0200 004c | 8954 2408 | 48c7 0424 | ffff ffff 

  0x0000027b5b5720c4: ;   {runtime_call counter_overflow Runtime1 stub}
  0x0000027b5b5720c4: e8b7 88aa 

  0x0000027b5b5720c8: ; ImmutableOopMap {[328]=Oop [200]=Oop }
                      ;*synchronization entry
                      ; - com.mojang.blaze3d.systems.RenderSystem::m_187553_@-1 (line 155)
                      ; - com.mojang.blaze3d.vertex.Tesselator::m_85913_@0 (line 14)
                      ; - com.mojang.blaze3d.systems.RenderSystem::m_69495_@6 (line 201)
                      ; - com.mojang.blaze3d.platform.Window::m_85435_@4 (line 333)
                      ; - net.minecraft.client.Minecraft::m_91383_@628 (line 1068)
  0x0000027b5b5720c8: 02e9 82c3 

  0x0000027b5b5720cc: ;   {metadata({method} {0x0000027b0d9cceb0} 'm_69584_' '()Z' in 'com/mojang/blaze3d/systems/RenderSystem')}
  0x0000027b5b5720cc: ffff 49ba | a8ce 9c0d | 7b02 0000 | 4c89 5424 | 0848 c704 | 24ff ffff 

  0x0000027b5b5720e4: ;   {runtime_call counter_overflow Runtime1 stub}
  0x0000027b5b5720e4: ffe8 9688 

  0x0000027b5b5720e8: ; ImmutableOopMap {[328]=Oop [200]=Oop }
                      ;*synchronization entry
                      ; - com.mojang.blaze3d.systems.RenderSystem::m_69584_@-1 (line 143)
                      ; - com.mojang.blaze3d.systems.RenderSystem::m_187553_@6 (line 155)
                      ; - com.mojang.blaze3d.vertex.Tesselator::m_85913_@0 (line 14)
                      ; - com.mojang.blaze3d.systems.RenderSystem::m_69495_@6 (line 201)
                      ; - com.mojang.blaze3d.platform.Window::m_85435_@4 (line 333)
                      ; - net.minecraft.client.Minecraft::m_91383_@628 (line 1068)
  0x0000027b5b5720e8: aa02 e9df 

  0x0000027b5b5720ec: ;   {runtime_call throw_null_pointer_exception Runtime1 stub}
  0x0000027b5b5720ec: c3ff ffe8 

  0x0000027b5b5720f0: ; ImmutableOopMap {[328]=Oop [200]=Oop }
                      ;*getfield f_85907_ {reexecute=1 rethrow=0 return_oop=0}
                      ; - (reexecute) com.mojang.blaze3d.vertex.Tesselator::m_85915_@1 (line 32)
                      ; - com.mojang.blaze3d.systems.RenderSystem::m_69495_@9 (line 201)
                      ; - com.mojang.blaze3d.platform.Window::m_85435_@4 (line 333)
                      ; - net.minecraft.client.Minecraft::m_91383_@628 (line 1068)
  0x0000027b5b5720f0: ac37 aa02 

  0x0000027b5b5720f4: ;   {runtime_call throw_null_pointer_exception Runtime1 stub}
  0x0000027b5b5720f4: e8a7 37aa 

  0x0000027b5b5720f8: ; ImmutableOopMap {[328]=Oop [200]=Oop rdx=Oop }
                      ;*invokevirtual m_85729_ {reexecute=0 rethrow=0 return_oop=0}
                      ; - com.mojang.blaze3d.systems.RenderSystem::m_69495_@12 (line 201)
                      ; - com.mojang.blaze3d.platform.Window::m_85435_@4 (line 333)
                      ; - net.minecraft.client.Minecraft::m_91383_@628 (line 1068)
                      ;   {metadata({method} {0x0000027b0e00fcf8} 'glfwPollEvents' '()V' in 'org/lwjgl/glfw/GLFW')}
  0x0000027b5b5720f8: 0249 baf0 | fc00 0e7b | 0200 004c | 8954 2408 | 48c7 0424 | ffff ffff 

  0x0000027b5b572110: ;   {runtime_call counter_overflow Runtime1 stub}
  0x0000027b5b572110: e86b 88aa 

  0x0000027b5b572114: ; ImmutableOopMap {[328]=Oop [200]=Oop }
                      ;*synchronization entry
                      ; - org.lwjgl.glfw.GLFW::glfwPollEvents@-1 (line 3099)
                      ; - com.mojang.blaze3d.systems.RenderSystem::m_69495_@19 (line 204)
                      ; - com.mojang.blaze3d.platform.Window::m_85435_@4 (line 333)
                      ; - net.minecraft.client.Minecraft::m_91383_@628 (line 1068)
  0x0000027b5b572114: 02e9 64c4 

  0x0000027b5b572118: ;   {metadata({method} {0x0000027b2dbf6928} 'check' '()V' in 'org/lwjgl/glfw/EventLoop$OnScreen')}
  0x0000027b5b572118: ffff 49ba | 2069 bf2d | 7b02 0000 | 4c89 5424 | 0848 c704 | 24ff ffff 

  0x0000027b5b572130: ;   {runtime_call counter_overflow Runtime1 stub}
  0x0000027b5b572130: ffe8 4a88 

  0x0000027b5b572134: ; ImmutableOopMap {[328]=Oop [200]=Oop }
                      ;*synchronization entry
                      ; - org.lwjgl.glfw.EventLoop$OnScreen::check@-1 (line 74)
                      ; - org.lwjgl.glfw.GLFW::glfwPollEvents@4 (line 3100)
                      ; - com.mojang.blaze3d.systems.RenderSystem::m_69495_@19 (line 204)
                      ; - com.mojang.blaze3d.platform.Window::m_85435_@4 (line 333)
                      ; - net.minecraft.client.Minecraft::m_91383_@628 (line 1068)
  0x0000027b5b572134: aa02 e97d 

  0x0000027b5b572138: ;   {runtime_call throw_null_pointer_exception Runtime1 stub}
  0x0000027b5b572138: c4ff ffe8 

  0x0000027b5b57213c: ; ImmutableOopMap {[200]=Oop }
                      ;*getfield f_92206_ {reexecute=1 rethrow=0 return_oop=0}
                      ; - (reexecute) net.minecraft.client.ProgressOption::m_92235_@1 (line 66)
                      ; - net.minecraft.client.Minecraft::m_91383_@643 (line 1070)
  0x0000027b5b57213c: 6037 aa02 

  0x0000027b5b572140: ;   {runtime_call throw_incompatible_class_change_error Runtime1 stub}
  0x0000027b5b572140: e85b 5eaa 

  0x0000027b5b572144: ; ImmutableOopMap {rdx=Oop [200]=Oop rsi=Oop }
                      ;*invokeinterface m_6182_ {reexecute=0 rethrow=0 return_oop=0}
                      ; - net.minecraft.client.Minecraft::m_91383_@662 (line 1074)
                      ;   {runtime_call throw_null_pointer_exception Runtime1 stub}
  0x0000027b5b572144: 02e8 5637 

  0x0000027b5b572148: ; ImmutableOopMap {rdx=Oop [200]=Oop rsi=Oop }
                      ;*invokeinterface m_6182_ {reexecute=0 rethrow=0 return_oop=0}
                      ; - net.minecraft.client.Minecraft::m_91383_@662 (line 1074)
                      ;   {metadata({method} {0x0000027b0da5c5c8} 'm_6182_' '(Ljava/lang/String;)V' in 'net/minecraft/util/profiling/InactiveProfiler')}
  0x0000027b5b572148: aa02 49ba | c0c5 a50d | 7b02 0000 | 4c89 5424 | 0848 c704 | 24ff ffff 

  0x0000027b5b572160: ;   {runtime_call counter_overflow Runtime1 stub}
  0x0000027b5b572160: ffe8 1a88 

  0x0000027b5b572164: ; ImmutableOopMap {rdx=Oop [200]=Oop }
                      ;*synchronization entry
                      ; - net.minecraft.util.profiling.InactiveProfiler::m_6182_@-1 (line 43)
                      ; - net.minecraft.client.Minecraft::m_91383_@662 (line 1074)
  0x0000027b5b572164: aa02 e9ae 

  0x0000027b5b572168: ;   {runtime_call throw_incompatible_class_change_error Runtime1 stub}
  0x0000027b5b572168: c6ff ffe8 

  0x0000027b5b57216c: ; ImmutableOopMap {rdx=Oop [200]=Oop rsi=Oop }
                      ;*invokeinterface m_7238_ {reexecute=0 rethrow=0 return_oop=0}
                      ; - net.minecraft.client.Minecraft::m_91383_@674 (line 1076)
  0x0000027b5b57216c: 305e aa02 

  0x0000027b5b572170: ;   {runtime_call throw_null_pointer_exception Runtime1 stub}
  0x0000027b5b572170: e82b 37aa 

  0x0000027b5b572174: ; ImmutableOopMap {rdx=Oop [200]=Oop rsi=Oop }
                      ;*invokeinterface m_7238_ {reexecute=0 rethrow=0 return_oop=0}
                      ; - net.minecraft.client.Minecraft::m_91383_@674 (line 1076)
                      ;   {metadata({method} {0x0000027b0da5c520} 'm_7238_' '()V' in 'net/minecraft/util/profiling/InactiveProfiler')}
  0x0000027b5b572174: 0249 ba18 | c5a5 0d7b | 0200 004c | 8954 2408 | 48c7 0424 | ffff ffff 

  0x0000027b5b57218c: ;   {runtime_call counter_overflow Runtime1 stub}
  0x0000027b5b57218c: e8ef 87aa 

  0x0000027b5b572190: ; ImmutableOopMap {rdx=Oop [200]=Oop }
                      ;*synchronization entry
                      ; - net.minecraft.util.profiling.InactiveProfiler::m_7238_@-1 (line 39)
                      ; - net.minecraft.client.Minecraft::m_91383_@674 (line 1076)
  0x0000027b5b572190: 02e9 23c7 

  0x0000027b5b572194: ;   {runtime_call throw_null_pointer_exception Runtime1 stub}
  0x0000027b5b572194: ffff e805 

  0x0000027b5b572198: ; ImmutableOopMap {rdx=Oop [200]=Oop rsi=Oop }
                      ;*invokevirtual m_85403_ {reexecute=0 rethrow=0 return_oop=0}
                      ; - net.minecraft.client.Minecraft::m_91383_@686 (line 1077)
  0x0000027b5b572198: 37aa 028b | 7e64 48c1 | e703 4883 | ff00 0f84 | 3dc7 ffff | 4889 3c24 

  0x0000027b5b5721b0: ;   {runtime_call g1_pre_barrier_slow}
  0x0000027b5b5721b0: e8cb 8daa | 02e9 2fc7 | ffff 4883 | ff00 0f84 | 55c7 ffff | 4889 3424 

  0x0000027b5b5721c8: ;   {runtime_call g1_post_barrier_slow}
  0x0000027b5b5721c8: e8b3 90aa | 02e9 47c7 

  0x0000027b5b5721d0: ;   {metadata({method} {0x0000027b02e768e0} 'm_91091_' '()Z' in 'net/minecraft/client/Minecraft')}
  0x0000027b5b5721d0: ffff 49ba | d868 e702 | 7b02 0000 | 4c89 5424 | 0848 c704 | 24ff ffff 

  0x0000027b5b5721e8: ;   {runtime_call counter_overflow Runtime1 stub}
  0x0000027b5b5721e8: ffe8 9287 

  0x0000027b5b5721ec: ; ImmutableOopMap {rdx=Oop [200]=Oop }
                      ;*synchronization entry
                      ; - net.minecraft.client.Minecraft::m_91091_@-1 (line 2361)
                      ; - net.minecraft.client.Minecraft::m_91383_@700 (line 1079)
  0x0000027b5b5721ec: aa02 e96b 

  0x0000027b5b5721f0: ;   {runtime_call throw_null_pointer_exception Runtime1 stub}
  0x0000027b5b5721f0: c7ff ffe8 

  0x0000027b5b5721f4: ; ImmutableOopMap {[200]=Oop rsi=Oop }
                      ;*invokevirtual m_7043_ {reexecute=0 rethrow=0 return_oop=0}
                      ; - net.minecraft.client.Minecraft::m_91383_@717 (line 1079)
  0x0000027b5b5721f4: a836 aa02 

  0x0000027b5b5721f8: ;   {runtime_call throw_null_pointer_exception Runtime1 stub}
  0x0000027b5b5721f8: e8a3 36aa 

  0x0000027b5b5721fc: ; ImmutableOopMap {rdx=Oop [200]=Oop rsi=Oop }
                      ;*invokevirtual m_7859_ {reexecute=0 rethrow=0 return_oop=0}
                      ; - net.minecraft.client.Minecraft::m_91383_@734 (line 1079)
                      ;   {metadata({method} {0x0000027b02f528e8} 'm_7859_' '()Z' in 'net/minecraft/client/gui/screens/LoadingOverlay')}
  0x0000027b5b5721fc: 0249 bae0 | 28f5 027b | 0200 004c | 8954 2408 | 48c7 0424 | ffff ffff 

  0x0000027b5b572214: ;   {runtime_call counter_overflow Runtime1 stub}
  0x0000027b5b572214: e867 87aa 

  0x0000027b5b572218: ; ImmutableOopMap {rdx=Oop [200]=Oop }
                      ;*synchronization entry
                      ; - net.minecraft.client.gui.screens.LoadingOverlay::m_7859_@-1 (line 159)
                      ; - net.minecraft.client.Minecraft::m_91383_@734 (line 1079)
  0x0000027b5b572218: 02e9 acc9 

  0x0000027b5b57221c: ;   {runtime_call throw_null_pointer_exception Runtime1 stub}
  0x0000027b5b57221c: ffff e87d 

  0x0000027b5b572220: ; ImmutableOopMap {rdx=Oop [200]=Oop rsi=Oop }
                      ;*invokevirtual m_6992_ {reexecute=0 rethrow=0 return_oop=0}
                      ; - net.minecraft.client.Minecraft::m_91383_@744 (line 1079)
                      ;   {metadata({method} {0x0000027b1fd653e8} 'm_6992_' '()Z' in 'net/minecraft/client/server/IntegratedServer')}
  0x0000027b5b572220: 36aa 0249 | bae0 53d6 | 1f7b 0200 | 004c 8954 | 2408 48c7 | 0424 ffff 

  0x0000027b5b572238: ;   {runtime_call counter_overflow Runtime1 stub}
  0x0000027b5b572238: ffff e841 

  0x0000027b5b57223c: ; ImmutableOopMap {rdx=Oop [200]=Oop rsi=Oop }
                      ;*synchronization entry
                      ; - net.minecraft.client.server.IntegratedServer::m_6992_@-1 (line 201)
                      ; - net.minecraft.client.Minecraft::m_91383_@744 (line 1079)
  0x0000027b5b57223c: 87aa 02e9 | e0c9 ffff 

  0x0000027b5b572244: ;   {runtime_call throw_null_pointer_exception Runtime1 stub}
  0x0000027b5b572244: e857 36aa 

  0x0000027b5b572248: ; ImmutableOopMap {rdx=Oop [200]=Oop }
                      ;*getfield f_92518_ {reexecute=1 rethrow=0 return_oop=0}
                      ; - (reexecute) net.minecraft.client.Minecraft::m_91383_@778 (line 1082)
                      ;   {runtime_call throw_null_pointer_exception Runtime1 stub}
  0x0000027b5b572248: 02e8 5236 

  0x0000027b5b57224c: ; ImmutableOopMap {rdx=Oop [200]=Oop }
                      ;*putfield f_92518_ {reexecute=1 rethrow=0 return_oop=0}
                      ; - (reexecute) net.minecraft.client.Minecraft::m_91383_@795 (line 1084)
                      ;   {metadata({method} {0x0000027b02a84ac0} 'm_137569_' '()J' in 'net/minecraft/Util')}
  0x0000027b5b57224c: aa02 49ba | b84a a802 | 7b02 0000 | 4c89 5424 | 0848 c704 | 24ff ffff 

  0x0000027b5b572264: ;   {runtime_call counter_overflow Runtime1 stub}
  0x0000027b5b572264: ffe8 1687 

  0x0000027b5b572268: ; ImmutableOopMap {[200]=Oop }
                      ;*synchronization entry
                      ; - net.minecraft.Util::m_137569_@-1 (line 107)
                      ; - net.minecraft.client.Minecraft::m_91383_@804 (line 1090)
  0x0000027b5b572268: aa02 e953 

  0x0000027b5b57226c: ;   {runtime_call throw_null_pointer_exception Runtime1 stub}
  0x0000027b5b57226c: cbff ffe8 

  0x0000027b5b572270: ; ImmutableOopMap {[200]=Oop rsi=Oop }
                      ;*invokeinterface getAsLong {reexecute=0 rethrow=0 return_oop=0}
                      ; - net.minecraft.Util::m_137569_@3 (line 107)
                      ; - net.minecraft.client.Minecraft::m_91383_@804 (line 1090)
  0x0000027b5b572270: 2c36 aa02 

  0x0000027b5b572274: ;   {runtime_call fast_new_instance Runtime1 stub}
  0x0000027b5b572274: 488b d2e8 

  0x0000027b5b572278: ; ImmutableOopMap {rbx=Oop r13=Oop [200]=Oop }
                      ;*new {reexecute=0 rethrow=0 return_oop=0}
                      ; - net.minecraft.client.Minecraft::m_91383_@821 (line 1091)
  0x0000027b5b572278: 043f aa02 | e974 ccff 

  0x0000027b5b572280: ;   {metadata({method} {0x0000027b02a50db0} '<init>' '(Ljava/lang/String;Z)V' in 'org/spongepowered/asm/mixin/injection/callback/CallbackInfo')}
  0x0000027b5b572280: ff49 baa8 | 0da5 027b | 0200 004c | 8954 2408 | 48c7 0424 | ffff ffff 

  0x0000027b5b572298: ;   {runtime_call counter_overflow Runtime1 stub}
  0x0000027b5b572298: e8e3 86aa 

  0x0000027b5b57229c: ; ImmutableOopMap {rbx=Oop r13=Oop [200]=Oop rax=Oop }
                      ;*synchronization entry
                      ; - org.spongepowered.asm.mixin.injection.callback.CallbackInfo::<init>@-1 (line 61)
                      ; - net.minecraft.client.Minecraft::m_91383_@829 (line 1091)
  0x0000027b5b57229c: 02e9 95cc 

  0x0000027b5b5722a0: ;   {metadata({method} {0x0000027b00000518} '<init>' '()V' in 'java/lang/Object')}
  0x0000027b5b5722a0: ffff 49ba | 1005 0000 | 7b02 0000 | 4c89 5424 | 0848 c704 | 24ff ffff 

  0x0000027b5b5722b8: ;   {runtime_call counter_overflow Runtime1 stub}
  0x0000027b5b5722b8: ffe8 c286 

  0x0000027b5b5722bc: ; ImmutableOopMap {rbx=Oop r13=Oop [200]=Oop rax=Oop }
                      ;*synchronization entry
                      ; - java.lang.Object::<init>@-1 (line 44)
                      ; - org.spongepowered.asm.mixin.injection.callback.CallbackInfo::<init>@1 (line 61)
                      ; - net.minecraft.client.Minecraft::m_91383_@829 (line 1091)
  0x0000027b5b5722bc: aa02 e9b6 | ccff ff44 | 8b40 1049 | c1e0 0349 | 83f8 000f | 84bd ccff | ff4c 8904 

  0x0000027b5b5722d8: ;   {runtime_call g1_pre_barrier_slow}
  0x0000027b5b5722d8: 24e8 a28c | aa02 e9af | ccff ff49 | 83f8 000f | 84d5 ccff | ff48 8904 

  0x0000027b5b5722f0: ;   {runtime_call g1_post_barrier_slow}
  0x0000027b5b5722f0: 24e8 8a8f | aa02 e9c7 

  0x0000027b5b5722f8: ;   {runtime_call throw_null_pointer_exception Runtime1 stub}
  0x0000027b5b5722f8: ccff ffe8 

  0x0000027b5b5722fc: ; ImmutableOopMap {[200]=Oop rbx=Oop }
                      ;*invokevirtual m_13755_ {reexecute=0 rethrow=0 return_oop=0}
                      ; - net.minecraft.client.Minecraft::m_91383_@836 (line 1091)
  0x0000027b5b5722fc: a035 aa02 

  0x0000027b5b572300: ;   {runtime_call throw_incompatible_class_change_error Runtime1 stub}
  0x0000027b5b572300: e89b 5caa 

  0x0000027b5b572304: ; ImmutableOopMap {rdx=Oop [200]=Oop rsi=Oop }
                      ;*invokeinterface m_6180_ {reexecute=0 rethrow=0 return_oop=0}
                      ; - net.minecraft.client.Minecraft::m_91383_@852 (line 1093)
                      ;   {runtime_call throw_null_pointer_exception Runtime1 stub}
  0x0000027b5b572304: 02e8 9635 

  0x0000027b5b572308: ; ImmutableOopMap {rdx=Oop [200]=Oop rsi=Oop }
                      ;*invokeinterface m_6180_ {reexecute=0 rethrow=0 return_oop=0}
                      ; - net.minecraft.client.Minecraft::m_91383_@852 (line 1093)
                      ;   {metadata({method} {0x0000027b0da5c328} 'm_6180_' '(Ljava/lang/String;)V' in 'net/minecraft/util/profiling/InactiveProfiler')}
  0x0000027b5b572308: aa02 49ba | 20c3 a50d | 7b02 0000 | 4c89 5424 | 0848 c704 | 24ff ffff 

  0x0000027b5b572320: ;   {runtime_call counter_overflow Runtime1 stub}
  0x0000027b5b572320: ffe8 5a86 

  0x0000027b5b572324: ; ImmutableOopMap {rdx=Oop [200]=Oop }
                      ;*synchronization entry
                      ; - net.minecraft.util.profiling.InactiveProfiler::m_6180_@-1 (line 27)
                      ; - net.minecraft.client.Minecraft::m_91383_@852 (line 1093)
  0x0000027b5b572324: aa02 e9a2 | cdff ff48 

  0x0000027b5b57232c: ;   {runtime_call fast_new_instance Runtime1 stub}
  0x0000027b5b57232c: 8bd2 e84d 

  0x0000027b5b572330: ; ImmutableOopMap {rbx=Oop [200]=Oop }
                      ;*new {reexecute=0 rethrow=0 return_oop=0}
                      ; - net.minecraft.client.Minecraft::m_91383_@859 (line 1093)
  0x0000027b5b572330: 3eaa 02e9 | e8cd ffff 

  0x0000027b5b572338: ;   {metadata({method} {0x0000027b02a50db0} '<init>' '(Ljava/lang/String;Z)V' in 'org/spongepowered/asm/mixin/injection/callback/CallbackInfo')}
  0x0000027b5b572338: 49ba a80d | a502 7b02 | 0000 4c89 | 5424 0848 | c704 24ff 

  0x0000027b5b57234c: ;   {runtime_call counter_overflow Runtime1 stub}
  0x0000027b5b57234c: ffff ffe8 

  0x0000027b5b572350: ; ImmutableOopMap {rbx=Oop [200]=Oop rax=Oop }
                      ;*synchronization entry
                      ; - org.spongepowered.asm.mixin.injection.callback.CallbackInfo::<init>@-1 (line 61)
                      ; - net.minecraft.client.Minecraft::m_91383_@867 (line 1093)
  0x0000027b5b572350: 2c86 aa02 | e909 ceff 

  0x0000027b5b572358: ;   {metadata({method} {0x0000027b00000518} '<init>' '()V' in 'java/lang/Object')}
  0x0000027b5b572358: ff49 ba10 | 0500 007b | 0200 004c | 8954 2408 | 48c7 0424 | ffff ffff 

  0x0000027b5b572370: ;   {runtime_call counter_overflow Runtime1 stub}
  0x0000027b5b572370: e80b 86aa 

  0x0000027b5b572374: ; ImmutableOopMap {rbx=Oop [200]=Oop rax=Oop }
                      ;*synchronization entry
                      ; - java.lang.Object::<init>@-1 (line 44)
                      ; - org.spongepowered.asm.mixin.injection.callback.CallbackInfo::<init>@1 (line 61)
                      ; - net.minecraft.client.Minecraft::m_91383_@867 (line 1093)
  0x0000027b5b572374: 02e9 2ace | ffff 448b | 4010 49c1 | e003 4983 | f800 0f84 | 27ce ffff | 4c89 0424 

  0x0000027b5b572390: ;   {runtime_call g1_pre_barrier_slow}
  0x0000027b5b572390: e8eb 8baa | 02e9 19ce | ffff 4983 | f800 0f84 | 3fce ffff | 4889 0424 

  0x0000027b5b5723a8: ;   {runtime_call g1_post_barrier_slow}
  0x0000027b5b5723a8: e8d3 8eaa | 02e9 31ce 

  0x0000027b5b5723b0: ;   {metadata({method} {0x0000027b02a89278} 'm_137550_' '()J' in 'net/minecraft/Util')}
  0x0000027b5b5723b0: ffff 49ba | 7092 a802 | 7b02 0000 | 4c89 5424 | 0848 c704 | 24ff ffff 

  0x0000027b5b5723c8: ;   {runtime_call counter_overflow Runtime1 stub}
  0x0000027b5b5723c8: ffe8 b285 

  0x0000027b5b5723cc: ; ImmutableOopMap {rdx=Oop [200]=Oop }
                      ;*synchronization entry
                      ; - net.minecraft.Util::m_137550_@-1 (line 1738)
                      ; - net.minecraft.client.Minecraft::m_91383_@873 (line 1095)
  0x0000027b5b5723cc: aa02 e97f 

  0x0000027b5b5723d0: ;   {runtime_call new_object_array Runtime1 stub}
  0x0000027b5b5723d0: ceff ffe8 

  0x0000027b5b5723d4: ; ImmutableOopMap {r9=Oop r11=Oop [200]=Oop }
                      ;*anewarray {reexecute=0 rethrow=0 return_oop=0}
                      ; - net.minecraft.client.Minecraft::m_91383_@901 (line 1097)
  0x0000027b5b5723d4: a846 aa02 | e975 cfff 

  0x0000027b5b5723dc: ;   {metadata({method} {0x0000027b00122328} 'valueOf' '(I)Ljava/lang/Integer;' in 'java/lang/Integer')}
  0x0000027b5b5723dc: ff49 ba20 | 2312 007b | 0200 004c | 8954 2408 | 48c7 0424 | ffff ffff 

  0x0000027b5b5723f4: ;   {runtime_call counter_overflow Runtime1 stub}
  0x0000027b5b5723f4: e887 85aa 

  0x0000027b5b5723f8: ; ImmutableOopMap {r11=Oop [200]=Oop rax=Oop }
                      ;*synchronization entry
                      ; - java.lang.Integer::valueOf@-1 (line 1079)
                      ; - net.minecraft.client.Minecraft::m_91383_@909 (line 1097)
  0x0000027b5b5723f8: 02e9 95cf | ffff 488b 

  0x0000027b5b572400: ;   {runtime_call fast_new_instance Runtime1 stub}
  0x0000027b5b572400: d2e8 7a3d 

  0x0000027b5b572404: ; ImmutableOopMap {r11=Oop [200]=Oop r9=Oop }
                      ;*new {reexecute=0 rethrow=0 return_oop=0}
                      ; - java.lang.Integer::valueOf@23 (line 1081)
                      ; - net.minecraft.client.Minecraft::m_91383_@909 (line 1097)
  0x0000027b5b572404: aa02 e93d 

  0x0000027b5b572408: ;   {metadata({method} {0x0000027b001223f8} '<init>' '(I)V' in 'java/lang/Integer')}
  0x0000027b5b572408: d0ff ff49 | baf0 2312 | 007b 0200 | 004c 8954 | 2408 48c7 | 0424 ffff 

  0x0000027b5b572420: ;   {runtime_call counter_overflow Runtime1 stub}
  0x0000027b5b572420: ffff e859 

  0x0000027b5b572424: ; ImmutableOopMap {r11=Oop [200]=Oop r9=Oop rax=Oop }
                      ;*synchronization entry
                      ; - java.lang.Integer::<init>@-1 (line 1104)
                      ; - java.lang.Integer::valueOf@28 (line 1081)
                      ; - net.minecraft.client.Minecraft::m_91383_@909 (line 1097)
  0x0000027b5b572424: 85aa 02e9 | 59d0 ffff 

  0x0000027b5b57242c: ;   {metadata({method} {0x0000027b00119108} '<init>' '()V' in 'java/lang/Number')}
  0x0000027b5b57242c: 49ba 0091 | 1100 7b02 | 0000 4c89 | 5424 0848 | c704 24ff 

  0x0000027b5b572440: ;   {runtime_call counter_overflow Runtime1 stub}
  0x0000027b5b572440: ffff ffe8 

  0x0000027b5b572444: ; ImmutableOopMap {r11=Oop [200]=Oop r9=Oop rax=Oop }
                      ;*synchronization entry
                      ; - java.lang.Number::<init>@-1 (line 59)
                      ; - java.lang.Integer::<init>@1 (line 1104)
                      ; - java.lang.Integer::valueOf@28 (line 1081)
                      ; - net.minecraft.client.Minecraft::m_91383_@909 (line 1097)
  0x0000027b5b572444: 3885 aa02 | e975 d0ff 

  0x0000027b5b57244c: ;   {metadata({method} {0x0000027b00000518} '<init>' '()V' in 'java/lang/Object')}
  0x0000027b5b57244c: ff49 ba10 | 0500 007b | 0200 004c | 8954 2408 | 48c7 0424 | ffff ffff 

  0x0000027b5b572464: ;   {runtime_call counter_overflow Runtime1 stub}
  0x0000027b5b572464: e817 85aa 

  0x0000027b5b572468: ; ImmutableOopMap {r11=Oop [200]=Oop r9=Oop rax=Oop }
                      ;*synchronization entry
                      ; - java.lang.Object::<init>@-1 (line 44)
                      ; - java.lang.Number::<init>@1 (line 59)
                      ; - java.lang.Integer::<init>@1 (line 1104)
                      ; - java.lang.Integer::valueOf@28 (line 1081)
                      ; - net.minecraft.client.Minecraft::m_91383_@909 (line 1097)
  0x0000027b5b572468: 02e9 91d0 

  0x0000027b5b57246c: ;   {runtime_call throw_null_pointer_exception Runtime1 stub}
  0x0000027b5b57246c: ffff e82d 

  0x0000027b5b572470: ; ImmutableOopMap {r11=Oop [200]=Oop r9=Oop }
                      ;*aaload {reexecute=0 rethrow=0 return_oop=0}
                      ; - java.lang.Integer::valueOf@21 (line 1080)
                      ; - net.minecraft.client.Minecraft::m_91383_@909 (line 1097)
                      ;   {runtime_call throw_null_pointer_exception Runtime1 stub}
  0x0000027b5b572470: 34aa 02e8 

  0x0000027b5b572474: ; ImmutableOopMap {r11=Oop [200]=Oop r9=Oop rax=Oop }
                      ;*aastore {reexecute=1 rethrow=0 return_oop=0}
                      ; - (reexecute) net.minecraft.client.Minecraft::m_91383_@912 (line 1097)
  0x0000027b5b572474: 2834 aa02 | 4889 0424 

  0x0000027b5b57247c: ;   {runtime_call throw_array_store_exception Runtime1 stub}
  0x0000027b5b57247c: e81f 55aa 

  0x0000027b5b572480: ; ImmutableOopMap {r11=Oop [200]=Oop r9=Oop rax=Oop }
                      ;*aastore {reexecute=1 rethrow=0 return_oop=0}
                      ; - (reexecute) net.minecraft.client.Minecraft::m_91383_@912 (line 1097)
  0x0000027b5b572480: 028b 3248 | c1e6 0348 | 83fe 000f | 84c5 d1ff | ff48 8934 

  0x0000027b5b572494: ;   {runtime_call g1_pre_barrier_slow}
  0x0000027b5b572494: 24e8 e68a | aa02 e9b7 | d1ff ff48 | 83f8 000f | 84cb d1ff | ff48 8914 

  0x0000027b5b5724ac: ;   {runtime_call g1_post_barrier_slow}
  0x0000027b5b5724ac: 24e8 ce8d | aa02 e9bd 

  0x0000027b5b5724b4: ;   {runtime_call throw_null_pointer_exception Runtime1 stub}
  0x0000027b5b5724b4: d1ff ffe8 

  0x0000027b5b5724b8: ; ImmutableOopMap {r11=Oop [200]=Oop r9=Oop rbx=Oop }
                      ;*getfield f_92113_ {reexecute=1 rethrow=0 return_oop=0}
                      ; - (reexecute) net.minecraft.client.Minecraft::m_91383_@919 (line 1097)
  0x0000027b5b5724b8: e433 aa02 

  0x0000027b5b5724bc: ;   {metadata({method} {0x0000027b00122328} 'valueOf' '(I)Ljava/lang/Integer;' in 'java/lang/Integer')}
  0x0000027b5b5724bc: 49ba 2023 | 1200 7b02 | 0000 4c89 | 5424 0848 | c704 24ff 

  0x0000027b5b5724d0: ;   {runtime_call counter_overflow Runtime1 stub}
  0x0000027b5b5724d0: ffff ffe8 

  0x0000027b5b5724d4: ; ImmutableOopMap {r11=Oop [200]=Oop r9=Oop rbx=Oop }
                      ;*synchronization entry
                      ; - java.lang.Integer::valueOf@-1 (line 1079)
                      ; - net.minecraft.client.Minecraft::m_91383_@946 (line 1097)
  0x0000027b5b5724d4: a884 aa02 | e902 d3ff | ff48 8bd2 

  0x0000027b5b5724e0: ;   {runtime_call fast_new_instance Runtime1 stub}
  0x0000027b5b5724e0: e89b 3caa 

  0x0000027b5b5724e4: ; ImmutableOopMap {r11=Oop [200]=Oop r9=Oop rbx=Oop }
                      ;*new {reexecute=0 rethrow=0 return_oop=0}
                      ; - java.lang.Integer::valueOf@23 (line 1081)
                      ; - net.minecraft.client.Minecraft::m_91383_@946 (line 1097)
  0x0000027b5b5724e4: 02e9 a9d3 

  0x0000027b5b5724e8: ;   {metadata({method} {0x0000027b001223f8} '<init>' '(I)V' in 'java/lang/Integer')}
  0x0000027b5b5724e8: ffff 49ba | f023 1200 | 7b02 0000 | 4c89 5424 | 0848 c704 | 24ff ffff 

  0x0000027b5b572500: ;   {runtime_call counter_overflow Runtime1 stub}
  0x0000027b5b572500: ffe8 7a84 

  0x0000027b5b572504: ; ImmutableOopMap {r11=Oop [200]=Oop r9=Oop rbx=Oop rax=Oop }
                      ;*synchronization entry
                      ; - java.lang.Integer::<init>@-1 (line 1104)
                      ; - java.lang.Integer::valueOf@28 (line 1081)
                      ; - net.minecraft.client.Minecraft::m_91383_@946 (line 1097)
  0x0000027b5b572504: aa02 e9c5 

  0x0000027b5b572508: ;   {metadata({method} {0x0000027b00119108} '<init>' '()V' in 'java/lang/Number')}
  0x0000027b5b572508: d3ff ff49 | ba00 9111 | 007b 0200 | 004c 8954 | 2408 48c7 | 0424 ffff 

  0x0000027b5b572520: ;   {runtime_call counter_overflow Runtime1 stub}
  0x0000027b5b572520: ffff e859 

  0x0000027b5b572524: ; ImmutableOopMap {r11=Oop [200]=Oop r9=Oop rbx=Oop rax=Oop }
                      ;*synchronization entry
                      ; - java.lang.Number::<init>@-1 (line 59)
                      ; - java.lang.Integer::<init>@1 (line 1104)
                      ; - java.lang.Integer::valueOf@28 (line 1081)
                      ; - net.minecraft.client.Minecraft::m_91383_@946 (line 1097)
  0x0000027b5b572524: 84aa 02e9 | e1d3 ffff 

  0x0000027b5b57252c: ;   {metadata({method} {0x0000027b00000518} '<init>' '()V' in 'java/lang/Object')}
  0x0000027b5b57252c: 49ba 1005 | 0000 7b02 | 0000 4c89 | 5424 0848 | c704 24ff 

  0x0000027b5b572540: ;   {runtime_call counter_overflow Runtime1 stub}
  0x0000027b5b572540: ffff ffe8 

  0x0000027b5b572544: ; ImmutableOopMap {r11=Oop [200]=Oop r9=Oop rbx=Oop rax=Oop }
                      ;*synchronization entry
                      ; - java.lang.Object::<init>@-1 (line 44)
                      ; - java.lang.Number::<init>@1 (line 59)
                      ; - java.lang.Integer::<init>@1 (line 1104)
                      ; - java.lang.Integer::valueOf@28 (line 1081)
                      ; - net.minecraft.client.Minecraft::m_91383_@946 (line 1097)
  0x0000027b5b572544: 3884 aa02 | e9fd d3ff 

  0x0000027b5b57254c: ;   {runtime_call throw_null_pointer_exception Runtime1 stub}
  0x0000027b5b57254c: ffe8 4e33 

  0x0000027b5b572550: ; ImmutableOopMap {r11=Oop [200]=Oop r9=Oop rbx=Oop }
                      ;*aaload {reexecute=0 rethrow=0 return_oop=0}
                      ; - java.lang.Integer::valueOf@21 (line 1080)
                      ; - net.minecraft.client.Minecraft::m_91383_@946 (line 1097)
                      ;   {runtime_call throw_null_pointer_exception Runtime1 stub}
  0x0000027b5b572550: aa02 e849 

  0x0000027b5b572554: ; ImmutableOopMap {r11=Oop [200]=Oop r9=Oop rbx=Oop r13=Oop }
                      ;*aastore {reexecute=1 rethrow=0 return_oop=0}
                      ; - (reexecute) net.minecraft.client.Minecraft::m_91383_@949 (line 1097)
  0x0000027b5b572554: 33aa 024c 

  0x0000027b5b572558: ;   {runtime_call throw_array_store_exception Runtime1 stub}
  0x0000027b5b572558: 892c 24e8 

  0x0000027b5b57255c: ; ImmutableOopMap {r11=Oop [200]=Oop r9=Oop rbx=Oop r13=Oop }
                      ;*aastore {reexecute=1 rethrow=0 return_oop=0}
                      ; - (reexecute) net.minecraft.client.Minecraft::m_91383_@949 (line 1097)
  0x0000027b5b57255c: 4054 aa02 | 8b32 48c1 | e603 4883 | fe00 0f84 | 36d5 ffff | 4889 3424 

  0x0000027b5b572574: ;   {runtime_call g1_pre_barrier_slow}
  0x0000027b5b572574: e807 8aaa | 02e9 28d5 | ffff 4983 | fd00 0f84 | 3cd5 ffff | 4889 1424 

  0x0000027b5b57258c: ;   {runtime_call g1_post_barrier_slow}
  0x0000027b5b57258c: e8ef 8caa | 02e9 2ed5 

  0x0000027b5b572594: ;   {runtime_call throw_null_pointer_exception Runtime1 stub}
  0x0000027b5b572594: ffff e805 

  0x0000027b5b572598: ; ImmutableOopMap {r11=Oop [200]=Oop r9=Oop rbx=Oop rdx=Oop }
                      ;*aastore {reexecute=1 rethrow=0 return_oop=0}
                      ; - (reexecute) net.minecraft.client.Minecraft::m_91383_@971 (line 1097)
  0x0000027b5b572598: 33aa 0248 

  0x0000027b5b57259c: ;   {runtime_call throw_array_store_exception Runtime1 stub}
  0x0000027b5b57259c: 8914 24e8 

  0x0000027b5b5725a0: ; ImmutableOopMap {r11=Oop [200]=Oop r9=Oop rbx=Oop rdx=Oop }
                      ;*aastore {reexecute=1 rethrow=0 return_oop=0}
                      ; - (reexecute) net.minecraft.client.Minecraft::m_91383_@971 (line 1097)
  0x0000027b5b5725a0: fc53 aa02 | 8b3e 48c1 | e703 4883 | ff00 0f84 | a1d6 ffff | 4889 3c24 

  0x0000027b5b5725b8: ;   {runtime_call g1_pre_barrier_slow}
  0x0000027b5b5725b8: e8c3 89aa | 02e9 93d6 | ffff 4883 | fa00 0f84 | a7d6 ffff | 4889 3424 

  0x0000027b5b5725d0: ;   {runtime_call g1_post_barrier_slow}
  0x0000027b5b5725d0: e8ab 8caa | 02e9 99d6 

  0x0000027b5b5725d8: ;   {runtime_call throw_null_pointer_exception Runtime1 stub}
  0x0000027b5b5725d8: ffff e8c1 

  0x0000027b5b5725dc: ; ImmutableOopMap {r11=Oop [200]=Oop r9=Oop rbx=Oop rdx=Oop }
                      ;*aastore {reexecute=1 rethrow=0 return_oop=0}
                      ; - (reexecute) net.minecraft.client.Minecraft::m_91383_@981 (line 1097)
  0x0000027b5b5725dc: 32aa 0248 

  0x0000027b5b5725e0: ;   {runtime_call throw_array_store_exception Runtime1 stub}
  0x0000027b5b5725e0: 8914 24e8 

  0x0000027b5b5725e4: ; ImmutableOopMap {r11=Oop [200]=Oop r9=Oop rbx=Oop rdx=Oop }
                      ;*aastore {reexecute=1 rethrow=0 return_oop=0}
                      ; - (reexecute) net.minecraft.client.Minecraft::m_91383_@981 (line 1097)
  0x0000027b5b5725e4: b853 aa02 | 8b3e 48c1 | e703 4883 | ff00 0f84 | b3d7 ffff | 4889 3c24 

  0x0000027b5b5725fc: ;   {runtime_call g1_pre_barrier_slow}
  0x0000027b5b5725fc: e87f 89aa | 02e9 a5d7 | ffff 4883 | fa00 0f84 | b9d7 ffff | 4889 3424 

  0x0000027b5b572614: ;   {runtime_call g1_post_barrier_slow}
  0x0000027b5b572614: e867 8caa | 02e9 abd7 

  0x0000027b5b57261c: ;   {runtime_call throw_null_pointer_exception Runtime1 stub}
  0x0000027b5b57261c: ffff e87d 

  0x0000027b5b572620: ; ImmutableOopMap {r11=Oop [200]=Oop r9=Oop rbx=Oop rdx=Oop }
                      ;*aastore {reexecute=1 rethrow=0 return_oop=0}
                      ; - (reexecute) net.minecraft.client.Minecraft::m_91383_@1025 (line 1097)
  0x0000027b5b572620: 32aa 0248 

  0x0000027b5b572624: ;   {runtime_call throw_array_store_exception Runtime1 stub}
  0x0000027b5b572624: 8914 24e8 

  0x0000027b5b572628: ; ImmutableOopMap {r11=Oop [200]=Oop r9=Oop rbx=Oop rdx=Oop }
                      ;*aastore {reexecute=1 rethrow=0 return_oop=0}
                      ; - (reexecute) net.minecraft.client.Minecraft::m_91383_@1025 (line 1097)
  0x0000027b5b572628: 7453 aa02 | 8b3e 48c1 | e703 4883 | ff00 0f84 | 87d9 ffff | 4889 3c24 

  0x0000027b5b572640: ;   {runtime_call g1_pre_barrier_slow}
  0x0000027b5b572640: e83b 89aa | 02e9 79d9 | ffff 4883 | fa00 0f84 | 8dd9 ffff | 4889 3424 

  0x0000027b5b572658: ;   {runtime_call g1_post_barrier_slow}
  0x0000027b5b572658: e823 8caa | 02e9 7fd9 

  0x0000027b5b572660: ;   {metadata({method} {0x0000027b00122328} 'valueOf' '(I)Ljava/lang/Integer;' in 'java/lang/Integer')}
  0x0000027b5b572660: ffff 49ba | 2023 1200 | 7b02 0000 | 4c89 5424 | 0848 c704 | 24ff ffff 

  0x0000027b5b572678: ;   {runtime_call counter_overflow Runtime1 stub}
  0x0000027b5b572678: ffe8 0283 

  0x0000027b5b57267c: ; ImmutableOopMap {r11=Oop [200]=Oop r9=Oop }
                      ;*synchronization entry
                      ; - java.lang.Integer::valueOf@-1 (line 1079)
                      ; - net.minecraft.client.Minecraft::m_91383_@1035 (line 1097)
  0x0000027b5b57267c: aa02 e99e | d9ff ff48 

  0x0000027b5b572684: ;   {runtime_call fast_new_instance Runtime1 stub}
  0x0000027b5b572684: 8bd2 e8f5 

  0x0000027b5b572688: ; ImmutableOopMap {r11=Oop [200]=Oop r9=Oop }
                      ;*new {reexecute=0 rethrow=0 return_oop=0}
                      ; - java.lang.Integer::valueOf@23 (line 1081)
                      ; - net.minecraft.client.Minecraft::m_91383_@1035 (line 1097)
  0x0000027b5b572688: 3aaa 02e9 | 43da ffff 

  0x0000027b5b572690: ;   {metadata({method} {0x0000027b001223f8} '<init>' '(I)V' in 'java/lang/Integer')}
  0x0000027b5b572690: 49ba f023 | 1200 7b02 | 0000 4c89 | 5424 0848 | c704 24ff 

  0x0000027b5b5726a4: ;   {runtime_call counter_overflow Runtime1 stub}
  0x0000027b5b5726a4: ffff ffe8 

  0x0000027b5b5726a8: ; ImmutableOopMap {r11=Oop [200]=Oop r9=Oop rax=Oop }
                      ;*synchronization entry
                      ; - java.lang.Integer::<init>@-1 (line 1104)
                      ; - java.lang.Integer::valueOf@28 (line 1081)
                      ; - net.minecraft.client.Minecraft::m_91383_@1035 (line 1097)
  0x0000027b5b5726a8: d482 aa02 | e95f daff 

  0x0000027b5b5726b0: ;   {metadata({method} {0x0000027b00119108} '<init>' '()V' in 'java/lang/Number')}
  0x0000027b5b5726b0: ff49 ba00 | 9111 007b | 0200 004c | 8954 2408 | 48c7 0424 | ffff ffff 

  0x0000027b5b5726c8: ;   {runtime_call counter_overflow Runtime1 stub}
  0x0000027b5b5726c8: e8b3 82aa 

  0x0000027b5b5726cc: ; ImmutableOopMap {r11=Oop [200]=Oop r9=Oop rax=Oop }
                      ;*synchronization entry
                      ; - java.lang.Number::<init>@-1 (line 59)
                      ; - java.lang.Integer::<init>@1 (line 1104)
                      ; - java.lang.Integer::valueOf@28 (line 1081)
                      ; - net.minecraft.client.Minecraft::m_91383_@1035 (line 1097)
  0x0000027b5b5726cc: 02e9 7bda 

  0x0000027b5b5726d0: ;   {metadata({method} {0x0000027b00000518} '<init>' '()V' in 'java/lang/Object')}
  0x0000027b5b5726d0: ffff 49ba | 1005 0000 | 7b02 0000 | 4c89 5424 | 0848 c704 | 24ff ffff 

  0x0000027b5b5726e8: ;   {runtime_call counter_overflow Runtime1 stub}
  0x0000027b5b5726e8: ffe8 9282 

  0x0000027b5b5726ec: ; ImmutableOopMap {r11=Oop [200]=Oop r9=Oop rax=Oop }
                      ;*synchronization entry
                      ; - java.lang.Object::<init>@-1 (line 44)
                      ; - java.lang.Number::<init>@1 (line 59)
                      ; - java.lang.Integer::<init>@1 (line 1104)
                      ; - java.lang.Integer::valueOf@28 (line 1081)
                      ; - net.minecraft.client.Minecraft::m_91383_@1035 (line 1097)
  0x0000027b5b5726ec: aa02 e997 

  0x0000027b5b5726f0: ;   {runtime_call throw_null_pointer_exception Runtime1 stub}
  0x0000027b5b5726f0: daff ffe8 

  0x0000027b5b5726f4: ; ImmutableOopMap {r11=Oop [200]=Oop r9=Oop }
                      ;*aaload {reexecute=0 rethrow=0 return_oop=0}
                      ; - java.lang.Integer::valueOf@21 (line 1080)
                      ; - net.minecraft.client.Minecraft::m_91383_@1035 (line 1097)
  0x0000027b5b5726f4: a831 aa02 

  0x0000027b5b5726f8: ;   {runtime_call throw_null_pointer_exception Runtime1 stub}
  0x0000027b5b5726f8: e8a3 31aa 

  0x0000027b5b5726fc: ; ImmutableOopMap {r9=Oop rax=Oop [200]=Oop }
                      ;*aastore {reexecute=1 rethrow=0 return_oop=0}
                      ; - (reexecute) net.minecraft.client.Minecraft::m_91383_@1038 (line 1097)
  0x0000027b5b5726fc: 0248 8904 

  0x0000027b5b572700: ;   {runtime_call throw_array_store_exception Runtime1 stub}
  0x0000027b5b572700: 24e8 9a52 

  0x0000027b5b572704: ; ImmutableOopMap {r9=Oop rax=Oop [200]=Oop }
                      ;*aastore {reexecute=1 rethrow=0 return_oop=0}
                      ; - (reexecute) net.minecraft.client.Minecraft::m_91383_@1038 (line 1097)
  0x0000027b5b572704: aa02 8b3e | 48c1 e703 | 4883 ff00 | 0f84 c8db | ffff 4889 

  0x0000027b5b572718: ;   {runtime_call g1_pre_barrier_slow}
  0x0000027b5b572718: 3c24 e861 | 88aa 02e9 | badb ffff | 4883 f800 | 0f84 cedb | ffff 4889 

  0x0000027b5b572730: ;   {runtime_call g1_post_barrier_slow}
  0x0000027b5b572730: 3424 e849 | 8baa 02e9 | c0db ffff 

  0x0000027b5b57273c: ;   {metadata({method} {0x0000027b0000dfd0} 'format' '(Ljava/lang/String;[Ljava/lang/Object;)Ljava/lang/String;' in 'java/lang/String')}
  0x0000027b5b57273c: 49ba c8df | 0000 7b02 | 0000 4c89 | 5424 0848 | c704 24ff 

  0x0000027b5b572750: ;   {runtime_call counter_overflow Runtime1 stub}
  0x0000027b5b572750: ffff ffe8 

  0x0000027b5b572754: ; ImmutableOopMap {r9=Oop [200]=Oop }
                      ;*synchronization entry
                      ; - java.lang.String::format@-1 (line 4145)
                      ; - net.minecraft.client.Minecraft::m_91383_@1039 (line 1097)
  0x0000027b5b572754: 2882 aa02 | e9d9 dbff | ff48 8bd2 

  0x0000027b5b572760: ;   {runtime_call fast_new_instance Runtime1 stub}
  0x0000027b5b572760: e81b 3aaa 

  0x0000027b5b572764: ; ImmutableOopMap {r9=Oop [200]=Oop }
                      ;*new {reexecute=0 rethrow=0 return_oop=0}
                      ; - java.lang.String::format@0 (line 4145)
                      ; - net.minecraft.client.Minecraft::m_91383_@1039 (line 1097)
  0x0000027b5b572764: 02e9 20dc 

  0x0000027b5b572768: ;   {metadata({method} {0x0000027b010ccb70} '<init>' '()V' in 'java/util/Formatter')}
  0x0000027b5b572768: ffff 49ba | 68cb 0c01 | 7b02 0000 | 4c89 5424 | 0848 c704 | 24ff ffff 

  0x0000027b5b572780: ;   {runtime_call counter_overflow Runtime1 stub}
  0x0000027b5b572780: ffe8 fa81 

  0x0000027b5b572784: ; ImmutableOopMap {r9=Oop [200]=Oop rax=Oop }
                      ;*synchronization entry
                      ; - java.util.Formatter::<init>@-1 (line 1989)
                      ; - java.lang.String::format@4 (line 4145)
                      ; - net.minecraft.client.Minecraft::m_91383_@1039 (line 1097)
  0x0000027b5b572784: aa02 e93c | dcff ff48 

  0x0000027b5b57278c: ;   {runtime_call fast_new_instance Runtime1 stub}
  0x0000027b5b57278c: 8bd2 e8ed 

  0x0000027b5b572790: ; ImmutableOopMap {[368]=Oop [360]=Oop [200]=Oop [384]=Oop }
                      ;*new {reexecute=0 rethrow=0 return_oop=0}
                      ; - java.util.Formatter::<init>@7 (line 1989)
                      ; - java.lang.String::format@4 (line 4145)
                      ; - net.minecraft.client.Minecraft::m_91383_@1039 (line 1097)
  0x0000027b5b572790: 39aa 02e9 | bcdc ffff 

  0x0000027b5b572798: ;   {metadata({method} {0x0000027b000b5220} '<init>' '()V' in 'java/lang/StringBuilder')}
  0x0000027b5b572798: 49ba 1852 | 0b00 7b02 | 0000 4c89 | 5424 0848 | c704 24ff 

  0x0000027b5b5727ac: ;   {runtime_call counter_overflow Runtime1 stub}
  0x0000027b5b5727ac: ffff ffe8 

  0x0000027b5b5727b0: ; ImmutableOopMap {[368]=Oop [360]=Oop [200]=Oop [384]=Oop rax=Oop }
                      ;*synchronization entry
                      ; - java.lang.StringBuilder::<init>@-1 (line 106)
                      ; - java.util.Formatter::<init>@11 (line 1989)
                      ; - java.lang.String::format@4 (line 4145)
                      ; - net.minecraft.client.Minecraft::m_91383_@1039 (line 1097)
  0x0000027b5b5727b0: cc81 aa02 | e9da dcff 

  0x0000027b5b5727b8: ;   {metadata({method} {0x0000027b010cc9d8} '<init>' '(Ljava/util/Locale;Ljava/lang/Appendable;)V' in 'java/util/Formatter')}
  0x0000027b5b5727b8: ff49 bad0 | c90c 017b | 0200 004c | 8954 2408 | 48c7 0424 | ffff ffff 

  0x0000027b5b5727d0: ;   {runtime_call counter_overflow Runtime1 stub}
  0x0000027b5b5727d0: e8ab 81aa 

  0x0000027b5b5727d4: ; ImmutableOopMap {[368]=Oop [360]=Oop [200]=Oop [376]=Oop [384]=Oop }
                      ;*synchronization entry
                      ; - java.util.Formatter::<init>@-1 (line 1965)
                      ; - java.util.Formatter::<init>@14 (line 1989)
                      ; - java.lang.String::format@4 (line 4145)
                      ; - net.minecraft.client.Minecraft::m_91383_@1039 (line 1097)
  0x0000027b5b5727d4: 02e9 31dd 

  0x0000027b5b5727d8: ;   {metadata({method} {0x0000027b00000518} '<init>' '()V' in 'java/lang/Object')}
  0x0000027b5b5727d8: ffff 49ba | 1005 0000 | 7b02 0000 | 4c89 5424 | 0848 c704 | 24ff ffff 

  0x0000027b5b5727f0: ;   {runtime_call counter_overflow Runtime1 stub}
  0x0000027b5b5727f0: ffe8 8a81 

  0x0000027b5b5727f4: ; ImmutableOopMap {[368]=Oop [360]=Oop [200]=Oop [376]=Oop [384]=Oop }
                      ;*synchronization entry
                      ; - java.lang.Object::<init>@-1 (line 44)
                      ; - java.util.Formatter::<init>@1 (line 1965)
                      ; - java.util.Formatter::<init>@14 (line 1989)
                      ; - java.lang.String::format@4 (line 4145)
                      ; - net.minecraft.client.Minecraft::m_91383_@1039 (line 1097)
  0x0000027b5b5727f4: aa02 e957 | ddff ff44 | 8b40 1049 | c1e0 0349 | 83f8 000f | 8467 ddff | ff4c 8904 

  0x0000027b5b572810: ;   {runtime_call g1_pre_barrier_slow}
  0x0000027b5b572810: 24e8 6a87 | aa02 e959 | ddff ff49 | 83f8 000f | 8476 ddff | ff48 8904 

  0x0000027b5b572828: ;   {runtime_call g1_post_barrier_slow}
  0x0000027b5b572828: 24e8 528a | aa02 e968 | ddff ff44 | 8b40 1449 | c1e0 0349 | 83f8 000f | 8465 ddff | ff4c 8904 
  0x0000027b5b572848: ;   {runtime_call g1_pre_barrier_slow}
  0x0000027b5b572848: 24e8 3287 | aa02 e957 | ddff ff49 | 83f8 000f | 8474 ddff | ff48 8904 

  0x0000027b5b572860: ;   {runtime_call g1_post_barrier_slow}
  0x0000027b5b572860: 24e8 1a8a | aa02 e966 

  0x0000027b5b572868: ;   {metadata({method} {0x0000027b010cdf30} 'format' '(Ljava/lang/String;[Ljava/lang/Object;)Ljava/util/Formatter;' in 'java/util/Formatter')}
  0x0000027b5b572868: ddff ff49 | ba28 df0c | 017b 0200 | 004c 8954 | 2408 48c7 | 0424 ffff 

  0x0000027b5b572880: ;   {runtime_call counter_overflow Runtime1 stub}
  0x0000027b5b572880: ffff e8f9 

  0x0000027b5b572884: ; ImmutableOopMap {[368]=Oop [200]=Oop rax=Oop r8=Oop }
                      ;*synchronization entry
                      ; - java.util.Formatter::format@-1 (line 2625)
                      ; - java.lang.String::format@9 (line 4145)
                      ; - net.minecraft.client.Minecraft::m_91383_@1039 (line 1097)
  0x0000027b5b572884: 80aa 02e9 | 84dd ffff 

  0x0000027b5b57288c: ;   {runtime_call throw_null_pointer_exception Runtime1 stub}
  0x0000027b5b57288c: e80f 30aa 

  0x0000027b5b572890: ; ImmutableOopMap {[200]=Oop rax=Oop }
                      ;*invokevirtual toString {reexecute=0 rethrow=0 return_oop=0}
                      ; - java.lang.String::format@12 (line 4145)
                      ; - net.minecraft.client.Minecraft::m_91383_@1039 (line 1097)
                      ;   {metadata({method} {0x0000027b010cdb30} 'toString' '()Ljava/lang/String;' in 'java/util/Formatter')}
  0x0000027b5b572890: 0249 ba28 | db0c 017b | 0200 004c | 8954 2408 | 48c7 0424 | ffff ffff 

  0x0000027b5b5728a8: ;   {runtime_call counter_overflow Runtime1 stub}
  0x0000027b5b5728a8: e8d3 80aa 

  0x0000027b5b5728ac: ; ImmutableOopMap {[200]=Oop rax=Oop }
                      ;*synchronization entry
                      ; - java.util.Formatter::toString@-1 (line 2524)
                      ; - java.lang.String::format@12 (line 4145)
                      ; - net.minecraft.client.Minecraft::m_91383_@1039 (line 1097)
  0x0000027b5b5728ac: 02e9 d2dd 

  0x0000027b5b5728b0: ;   {metadata({method} {0x0000027b010cddd0} 'ensureOpen' '()V' in 'java/util/Formatter')}
  0x0000027b5b5728b0: ffff 49ba | c8dd 0c01 | 7b02 0000 | 4c89 5424 | 0848 c704 | 24ff ffff 

  0x0000027b5b5728c8: ;   {runtime_call counter_overflow Runtime1 stub}
  0x0000027b5b5728c8: ffe8 b280 

  0x0000027b5b5728cc: ; ImmutableOopMap {[200]=Oop rax=Oop }
                      ;*synchronization entry
                      ; - java.util.Formatter::ensureOpen@-1 (line 2576)
                      ; - java.util.Formatter::toString@1 (line 2524)
                      ; - java.lang.String::format@12 (line 4145)
                      ; - net.minecraft.client.Minecraft::m_91383_@1039 (line 1097)
  0x0000027b5b5728cc: aa02 e9ee 

  0x0000027b5b5728d0: ;   {runtime_call throw_null_pointer_exception Runtime1 stub}
  0x0000027b5b5728d0: ddff ffe8 

  0x0000027b5b5728d4: ; ImmutableOopMap {[200]=Oop rdx=Oop }
                      ;*invokevirtual toString {reexecute=0 rethrow=0 return_oop=0}
                      ; - java.util.Formatter::toString@8 (line 2525)
                      ; - java.lang.String::format@12 (line 4145)
                      ; - net.minecraft.client.Minecraft::m_91383_@1039 (line 1097)
  0x0000027b5b5728d4: c82f aa02 | 8bb2 8801 | 0000 48c1 | e603 4883 | fe00 0f84 | d6de ffff | 4889 3424 

  0x0000027b5b5728f0: ;   {runtime_call g1_pre_barrier_slow}
  0x0000027b5b5728f0: e88b 86aa | 02e9 c8de | ffff 4883 | f800 0f84 | e0de ffff | 4889 1424 

  0x0000027b5b572908: ;   {runtime_call g1_post_barrier_slow}
  0x0000027b5b572908: e873 89aa | 02e9 d2de | ffff 488b 

  0x0000027b5b572914: ;   {runtime_call fast_new_instance Runtime1 stub}
  0x0000027b5b572914: d2e8 6638 

  0x0000027b5b572918: ; ImmutableOopMap {rbx=Oop [200]=Oop }
                      ;*new {reexecute=0 rethrow=0 return_oop=0}
                      ; - net.minecraft.client.Minecraft::m_91383_@1047 (line 1097)
  0x0000027b5b572918: aa02 e918 

  0x0000027b5b57291c: ;   {metadata({method} {0x0000027b02a50db0} '<init>' '(Ljava/lang/String;Z)V' in 'org/spongepowered/asm/mixin/injection/callback/CallbackInfo')}
  0x0000027b5b57291c: dfff ff49 | baa8 0da5 | 027b 0200 | 004c 8954 | 2408 48c7 | 0424 ffff 

  0x0000027b5b572934: ;   {runtime_call counter_overflow Runtime1 stub}
  0x0000027b5b572934: ffff e845 

  0x0000027b5b572938: ; ImmutableOopMap {rbx=Oop [200]=Oop rax=Oop }
                      ;*synchronization entry
                      ; - org.spongepowered.asm.mixin.injection.callback.CallbackInfo::<init>@-1 (line 61)
                      ; - net.minecraft.client.Minecraft::m_91383_@1055 (line 1097)
  0x0000027b5b572938: 80aa 02e9 | 39df ffff 

  0x0000027b5b572940: ;   {metadata({method} {0x0000027b00000518} '<init>' '()V' in 'java/lang/Object')}
  0x0000027b5b572940: 49ba 1005 | 0000 7b02 | 0000 4c89 | 5424 0848 | c704 24ff 

  0x0000027b5b572954: ;   {runtime_call counter_overflow Runtime1 stub}
  0x0000027b5b572954: ffff ffe8 

  0x0000027b5b572958: ; ImmutableOopMap {rbx=Oop [200]=Oop rax=Oop }
                      ;*synchronization entry
                      ; - java.lang.Object::<init>@-1 (line 44)
                      ; - org.spongepowered.asm.mixin.injection.callback.CallbackInfo::<init>@1 (line 61)
                      ; - net.minecraft.client.Minecraft::m_91383_@1055 (line 1097)
  0x0000027b5b572958: 2480 aa02 | e95a dfff | ff44 8b40 | 1049 c1e0 | 0349 83f8 | 000f 8461 | dfff ff4c 

  0x0000027b5b572974: ;   {runtime_call g1_pre_barrier_slow}
  0x0000027b5b572974: 8904 24e8 | 0486 aa02 | e953 dfff | ff49 83f8 | 000f 8479 | dfff ff48 

  0x0000027b5b57298c: ;   {runtime_call g1_post_barrier_slow}
  0x0000027b5b57298c: 8904 24e8 | ec88 aa02 | e96b dfff 

  0x0000027b5b572998: ;   {metadata({method} {0x0000027b02e70f20} 'm_91383_' '(Z)V' in 'net/minecraft/client/Minecraft')}
  0x0000027b5b572998: ff49 ba18 | 0fe7 027b | 0200 004c | 8954 2408 | 48c7 0424 | 3604 0000 

  0x0000027b5b5729b0: ;   {runtime_call counter_overflow Runtime1 stub}
  0x0000027b5b5729b0: e8cb 7faa 

  0x0000027b5b5729b4: ; ImmutableOopMap {rdx=Oop [200]=Oop }
                      ;*goto {reexecute=1 rethrow=0 return_oop=0}
                      ; - (reexecute) net.minecraft.client.Minecraft::m_91383_@1078 (line 1099)
  0x0000027b5b5729b4: 02e9 bbdf 

  0x0000027b5b5729b8: ;   {runtime_call throw_incompatible_class_change_error Runtime1 stub}
  0x0000027b5b5729b8: ffff e8e1 

  0x0000027b5b5729bc: ; ImmutableOopMap {rdx=Oop [200]=Oop rsi=Oop }
                      ;*invokeinterface m_7238_ {reexecute=0 rethrow=0 return_oop=0}
                      ; - net.minecraft.client.Minecraft::m_91383_@1085 (line 1102)
                      ;   {runtime_call throw_null_pointer_exception Runtime1 stub}
  0x0000027b5b5729bc: 55aa 02e8 

  0x0000027b5b5729c0: ; ImmutableOopMap {rdx=Oop [200]=Oop rsi=Oop }
                      ;*invokeinterface m_7238_ {reexecute=0 rethrow=0 return_oop=0}
                      ; - net.minecraft.client.Minecraft::m_91383_@1085 (line 1102)
  0x0000027b5b5729c0: dc2e aa02 

  0x0000027b5b5729c4: ;   {metadata({method} {0x0000027b0da5c520} 'm_7238_' '()V' in 'net/minecraft/util/profiling/InactiveProfiler')}
  0x0000027b5b5729c4: 49ba 18c5 | a50d 7b02 | 0000 4c89 | 5424 0848 | c704 24ff 

  0x0000027b5b5729d8: ;   {runtime_call counter_overflow Runtime1 stub}
  0x0000027b5b5729d8: ffff ffe8 

  0x0000027b5b5729dc: ; ImmutableOopMap {rdx=Oop [200]=Oop }
                      ;*synchronization entry
                      ; - net.minecraft.util.profiling.InactiveProfiler::m_7238_@-1 (line 39)
                      ; - net.minecraft.client.Minecraft::m_91383_@1085 (line 1102)
  0x0000027b5b5729dc: a07f aa02 | e92c e0ff | ff48 8bd2 

  0x0000027b5b5729e8: ;   {runtime_call fast_new_instance Runtime1 stub}
  0x0000027b5b5729e8: e893 37aa 

  0x0000027b5b5729ec: ; ImmutableOopMap {rbx=Oop [200]=Oop }
                      ;*new {reexecute=0 rethrow=0 return_oop=0}
                      ; - net.minecraft.client.Minecraft::m_91383_@1092 (line 1103)
  0x0000027b5b5729ec: 02e9 72e0 

  0x0000027b5b5729f0: ;   {metadata({method} {0x0000027b02a50db0} '<init>' '(Ljava/lang/String;Z)V' in 'org/spongepowered/asm/mixin/injection/callback/CallbackInfo')}
  0x0000027b5b5729f0: ffff 49ba | a80d a502 | 7b02 0000 | 4c89 5424 | 0848 c704 | 24ff ffff 

  0x0000027b5b572a08: ;   {runtime_call counter_overflow Runtime1 stub}
  0x0000027b5b572a08: ffe8 727f 

  0x0000027b5b572a0c: ; ImmutableOopMap {rbx=Oop [200]=Oop rax=Oop }
                      ;*synchronization entry
                      ; - org.spongepowered.asm.mixin.injection.callback.CallbackInfo::<init>@-1 (line 61)
                      ; - net.minecraft.client.Minecraft::m_91383_@1100 (line 1103)
  0x0000027b5b572a0c: aa02 e98e 

  0x0000027b5b572a10: ;   {metadata({method} {0x0000027b00000518} '<init>' '()V' in 'java/lang/Object')}
  0x0000027b5b572a10: e0ff ff49 | ba10 0500 | 007b 0200 | 004c 8954 | 2408 48c7 | 0424 ffff 

  0x0000027b5b572a28: ;   {runtime_call counter_overflow Runtime1 stub}
  0x0000027b5b572a28: ffff e851 

  0x0000027b5b572a2c: ; ImmutableOopMap {rbx=Oop [200]=Oop rax=Oop }
                      ;*synchronization entry
                      ; - java.lang.Object::<init>@-1 (line 44)
                      ; - org.spongepowered.asm.mixin.injection.callback.CallbackInfo::<init>@1 (line 61)
                      ; - net.minecraft.client.Minecraft::m_91383_@1100 (line 1103)
  0x0000027b5b572a2c: 7faa 02e9 | aae0 ffff | 8b70 1048 | c1e6 0348 | 83fe 000f | 84b1 e0ff | ff48 8934 

  0x0000027b5b572a48: ;   {runtime_call g1_pre_barrier_slow}
  0x0000027b5b572a48: 24e8 3285 | aa02 e9a3 | e0ff ff48 | 83fe 000f | 84c9 e0ff | ff48 8904 

  0x0000027b5b572a60: ;   {runtime_call g1_post_barrier_slow}
  0x0000027b5b572a60: 24e8 1a88 | aa02 e9bb 

  0x0000027b5b572a68: ;   {metadata({method} {0x0000027b02e7e868} 'handler$bim000$onRunTick' '(ZLorg/spongepowered/asm/mixin/injection/callback/CallbackInfo;)V' in 'net/minecraft/client/Minecraft')}
  0x0000027b5b572a68: e0ff ff49 | ba60 e8e7 | 027b 0200 | 004c 8954 | 2408 48c7 | 0424 ffff 

  0x0000027b5b572a80: ;   {runtime_call counter_overflow Runtime1 stub}
  0x0000027b5b572a80: ffff e8f9 

  0x0000027b5b572a84: ; ImmutableOopMap {rbx=Oop [200]=Oop }
                      ;*synchronization entry
                      ; - net.minecraft.client.Minecraft::handler$bim000$onRunTick@-1 (line 11352)
                      ; - net.minecraft.client.Minecraft::m_91383_@1103 (line 1103)
  0x0000027b5b572a84: 7eaa 02e9 | d7e0 ffff 

  0x0000027b5b572a8c: ;   {metadata({method} {0x0000027b2dc693c8} 'tick' '()V' in 'codechicken/lib/internal/ItemFileRenderer')}
  0x0000027b5b572a8c: 49ba c093 | c62d 7b02 | 0000 4c89 | 5424 0848 | c704 24ff 

  0x0000027b5b572aa0: ;   {runtime_call counter_overflow Runtime1 stub}
  0x0000027b5b572aa0: ffff ffe8 

  0x0000027b5b572aa4: ; ImmutableOopMap {rbx=Oop [200]=Oop }
                      ;*synchronization entry
                      ; - codechicken.lib.internal.ItemFileRenderer::tick@-1 (line 55)
                      ; - net.minecraft.client.Minecraft::handler$bim000$onRunTick@0 (line 11352)
                      ; - net.minecraft.client.Minecraft::m_91383_@1103 (line 1103)
  0x0000027b5b572aa4: d87e aa02 | e9f0 e0ff 

  0x0000027b5b572aac: ;   {metadata({method} {0x0000027b2dc69540} 'renderGifs' '()V' in 'codechicken/lib/internal/ItemFileRenderer')}
  0x0000027b5b572aac: ff49 ba38 | 95c6 2d7b | 0200 004c | 8954 2408 | 48c7 0424 | ffff ffff 

  0x0000027b5b572ac4: ;   {runtime_call counter_overflow Runtime1 stub}
  0x0000027b5b572ac4: e8b7 7eaa 

  0x0000027b5b572ac8: ; ImmutableOopMap {[200]=Oop }
                      ;*synchronization entry
                      ; - codechicken.lib.internal.ItemFileRenderer::renderGifs@-1 (line 73)
                      ; - codechicken.lib.internal.ItemFileRenderer::tick@3 (line 56)
                      ; - net.minecraft.client.Minecraft::handler$bim000$onRunTick@0 (line 11352)
                      ; - net.minecraft.client.Minecraft::m_91383_@1103 (line 1103)
  0x0000027b5b572ac8: 02e9 22e1 

  0x0000027b5b572acc: ;   {metadata({method} {0x0000027b003f9df8} 'linkToTargetMethod' '(Ljava/lang/Object;)Ljava/lang/Object;' in 'java/lang/invoke/Invokers$Holder')}
  0x0000027b5b572acc: ffff 49ba | f09d 3f00 | 7b02 0000 | 4c89 5424 | 0848 c704 | 24ff ffff 

  0x0000027b5b572ae4: ;   {runtime_call counter_overflow Runtime1 stub}
  0x0000027b5b572ae4: ffe8 967e 

  0x0000027b5b572ae8: ; ImmutableOopMap {[200]=Oop rdx=Oop }
                      ;*synchronization entry
                      ; - java.lang.invoke.Invokers$Holder::linkToTargetMethod@-1
                      ; - codechicken.lib.internal.ItemFileRenderer::renderGifs@3 (line 73)
                      ; - codechicken.lib.internal.ItemFileRenderer::tick@3 (line 56)
                      ; - net.minecraft.client.Minecraft::handler$bim000$onRunTick@0 (line 11352)
                      ; - net.minecraft.client.Minecraft::m_91383_@1103 (line 1103)
  0x0000027b5b572ae8: aa02 e96b 

  0x0000027b5b572aec: ;   {metadata({method} {0x0000027b00500270} 'invoke' '(Ljava/lang/Object;)Ljava/lang/Object;' in 'java/lang/invoke/LambdaForm$MH+0x0000000800000400')}
  0x0000027b5b572aec: e1ff ff49 | ba68 0250 | 007b 0200 | 004c 8954 | 2408 48c7 | 0424 ffff 

  0x0000027b5b572b04: ;   {runtime_call counter_overflow Runtime1 stub}
  0x0000027b5b572b04: ffff e875 

  0x0000027b5b572b08: ; ImmutableOopMap {[200]=Oop }
                      ;*synchronization entry
                      ; - java.lang.invoke.LambdaForm$MH/0x0000000800000400::invoke@-1
                      ; - java.lang.invoke.Invokers$Holder::linkToTargetMethod@4
                      ; - codechicken.lib.internal.ItemFileRenderer::renderGifs@3 (line 73)
                      ; - codechicken.lib.internal.ItemFileRenderer::tick@3 (line 56)
                      ; - net.minecraft.client.Minecraft::handler$bim000$onRunTick@0 (line 11352)
                      ; - net.minecraft.client.Minecraft::m_91383_@1103 (line 1103)
  0x0000027b5b572b08: 7eaa 02e9 | aae1 ffff 

  0x0000027b5b572b10: ;   {runtime_call fast_new_instance Runtime1 stub}
  0x0000027b5b572b10: 488b d2e8 

  0x0000027b5b572b14: ; ImmutableOopMap {[200]=Oop }
                      ;*new {reexecute=0 rethrow=0 return_oop=0}
                      ; - net.minecraft.client.Minecraft::m_91383_@1108 (line 1103)
  0x0000027b5b572b14: 6836 aa02 | e9ef e2ff 

  0x0000027b5b572b1c: ;   {metadata({method} {0x0000027b02a50db0} '<init>' '(Ljava/lang/String;Z)V' in 'org/spongepowered/asm/mixin/injection/callback/CallbackInfo')}
  0x0000027b5b572b1c: ff49 baa8 | 0da5 027b | 0200 004c | 8954 2408 | 48c7 0424 | ffff ffff 

  0x0000027b5b572b34: ;   {runtime_call counter_overflow Runtime1 stub}
  0x0000027b5b572b34: e847 7eaa 

  0x0000027b5b572b38: ; ImmutableOopMap {[200]=Oop rax=Oop }
                      ;*synchronization entry
                      ; - org.spongepowered.asm.mixin.injection.callback.CallbackInfo::<init>@-1 (line 61)
                      ; - net.minecraft.client.Minecraft::m_91383_@1116 (line 1103)
  0x0000027b5b572b38: 02e9 10e3 

  0x0000027b5b572b3c: ;   {metadata({method} {0x0000027b00000518} '<init>' '()V' in 'java/lang/Object')}
  0x0000027b5b572b3c: ffff 49ba | 1005 0000 | 7b02 0000 | 4c89 5424 | 0848 c704 | 24ff ffff 

  0x0000027b5b572b54: ;   {runtime_call counter_overflow Runtime1 stub}
  0x0000027b5b572b54: ffe8 267e 

  0x0000027b5b572b58: ; ImmutableOopMap {[200]=Oop rax=Oop }
                      ;*synchronization entry
                      ; - java.lang.Object::<init>@-1 (line 44)
                      ; - org.spongepowered.asm.mixin.injection.callback.CallbackInfo::<init>@1 (line 61)
                      ; - net.minecraft.client.Minecraft::m_91383_@1116 (line 1103)
  0x0000027b5b572b58: aa02 e931 | e3ff ff44 | 8b40 1049 | c1e0 0349 | 83f8 000f | 842e e3ff | ff4c 8904 

  0x0000027b5b572b74: ;   {runtime_call g1_pre_barrier_slow}
  0x0000027b5b572b74: 24e8 0684 | aa02 e920 | e3ff ff49 | 83f8 000f | 8446 e3ff | ff48 8904 

  0x0000027b5b572b8c: ;   {runtime_call g1_post_barrier_slow}
  0x0000027b5b572b8c: 24e8 ee86 | aa02 e938 

  0x0000027b5b572b94: ;   {internal_word}
  0x0000027b5b572b94: e3ff ff49 | ba0c 0f57 | 5b7b 0200 | 004d 8997 | 6003 0000 

  0x0000027b5b572ba8: ;   {runtime_call SafepointBlob}
  0x0000027b5b572ba8: e953 4ea0 

  0x0000027b5b572bac: ;   {metadata(NULL)}
  0x0000027b5b572bac: 0248 ba00 | 0000 0000 | 0000 00b8 | 000f 050a 

  0x0000027b5b572bbc: ;   {runtime_call load_klass_patching Runtime1 stub}
  0x0000027b5b572bbc: e83f 6daa 

  0x0000027b5b572bc0: ; ImmutableOopMap {[400]=Oop [200]=Oop }
                      ;*new {reexecute=1 rethrow=0 return_oop=0}
                      ; - (reexecute) java.util.Formatter::ensureOpen@7 (line 2577)
                      ; - java.util.Formatter::toString@1 (line 2524)
                      ; - java.lang.String::format@12 (line 4145)
                      ; - net.minecraft.client.Minecraft::m_91383_@1039 (line 1097)
  0x0000027b5b572bc0: 02e9 62e3 | ffff 488b 

  0x0000027b5b572bc8: ;   {runtime_call new_instance Runtime1 stub}
  0x0000027b5b572bc8: d2e8 b232 

  0x0000027b5b572bcc: ; ImmutableOopMap {[200]=Oop [400]=Oop }
                      ;*new {reexecute=0 rethrow=0 return_oop=0}
                      ; - java.util.Formatter::ensureOpen@7 (line 2577)
                      ; - java.util.Formatter::toString@1 (line 2524)
                      ; - java.lang.String::format@12 (line 4145)
                      ; - net.minecraft.client.Minecraft::m_91383_@1039 (line 1097)
  0x0000027b5b572bcc: aa02 e964 

  0x0000027b5b572bd0: ;   {metadata({method} {0x0000027b0d9cd208} 'm_187556_' '()Ljava/lang/IllegalStateException;' in 'com/mojang/blaze3d/systems/RenderSystem')}
  0x0000027b5b572bd0: e3ff ff49 | ba00 d29c | 0d7b 0200 | 004c 8954 | 2408 48c7 | 0424 ffff 

  0x0000027b5b572be8: ;   {runtime_call counter_overflow Runtime1 stub}
  0x0000027b5b572be8: ffff e891 

  0x0000027b5b572bec: ; ImmutableOopMap {[256]=Oop [200]=Oop }
                      ;*synchronization entry
                      ; - com.mojang.blaze3d.systems.RenderSystem::m_187556_@-1 (line 181)
                      ; - com.mojang.blaze3d.systems.RenderSystem::m_187555_@13 (line 165)
                      ; - com.mojang.blaze3d.platform.GlStateManager::m_84109_@0 (line 533)
                      ; - com.mojang.blaze3d.systems.RenderSystem::m_69493_@3 (line 470)
                      ; - net.minecraft.client.Minecraft::m_91383_@342 (line 1040)
  0x0000027b5b572bec: 7daa 02e9 | afe3 ffff 

  0x0000027b5b572bf4: ;   {metadata(NULL)}
  0x0000027b5b572bf4: 48ba 0000 | 0000 0000 | 0000 b800 

  0x0000027b5b572c00: ;   {runtime_call load_klass_patching Runtime1 stub}
  0x0000027b5b572c00: 0f05 0ae8 

  0x0000027b5b572c04: ; ImmutableOopMap {[256]=Oop [200]=Oop }
                      ;*new {reexecute=1 rethrow=0 return_oop=0}
                      ; - (reexecute) com.mojang.blaze3d.systems.RenderSystem::m_187556_@0 (line 181)
                      ; - com.mojang.blaze3d.systems.RenderSystem::m_187555_@13 (line 165)
                      ; - com.mojang.blaze3d.platform.GlStateManager::m_84109_@0 (line 533)
                      ; - com.mojang.blaze3d.systems.RenderSystem::m_69493_@3 (line 470)
                      ; - net.minecraft.client.Minecraft::m_91383_@342 (line 1040)
  0x0000027b5b572c04: f86c aa02 | e99b e3ff | ff48 8bd2 

  0x0000027b5b572c10: ;   {runtime_call fast_new_instance Runtime1 stub}
  0x0000027b5b572c10: e86b 35aa 

  0x0000027b5b572c14: ; ImmutableOopMap {[200]=Oop [256]=Oop }
                      ;*new {reexecute=0 rethrow=0 return_oop=0}
                      ; - com.mojang.blaze3d.systems.RenderSystem::m_187556_@0 (line 181)
                      ; - com.mojang.blaze3d.systems.RenderSystem::m_187555_@13 (line 165)
                      ; - com.mojang.blaze3d.platform.GlStateManager::m_84109_@0 (line 533)
                      ; - com.mojang.blaze3d.systems.RenderSystem::m_69493_@3 (line 470)
                      ; - net.minecraft.client.Minecraft::m_91383_@342 (line 1040)
  0x0000027b5b572c14: 02e9 e6e3 

  0x0000027b5b572c18: ;   {metadata({method} {0x0000027b0d9cd208} 'm_187556_' '()Ljava/lang/IllegalStateException;' in 'com/mojang/blaze3d/systems/RenderSystem')}
  0x0000027b5b572c18: ffff 49ba | 00d2 9c0d | 7b02 0000 | 4c89 5424 | 0848 c704 | 24ff ffff 

  0x0000027b5b572c30: ;   {runtime_call counter_overflow Runtime1 stub}
  0x0000027b5b572c30: ffe8 4a7d 

  0x0000027b5b572c34: ; ImmutableOopMap {[256]=Oop [200]=Oop }
                      ;*synchronization entry
                      ; - com.mojang.blaze3d.systems.RenderSystem::m_187556_@-1 (line 181)
                      ; - com.mojang.blaze3d.systems.RenderSystem::m_187555_@13 (line 165)
                      ; - com.mojang.blaze3d.platform.GlStateManager::m_84266_@0 (line 700)
                      ; - com.mojang.blaze3d.systems.RenderSystem::m_69421_@5 (line 618)
                      ; - net.minecraft.client.Minecraft::m_91383_@316 (line 1036)
  0x0000027b5b572c34: aa02 e940 

  0x0000027b5b572c38: ;   {metadata(NULL)}
  0x0000027b5b572c38: e4ff ff48 | ba00 0000 | 0000 0000 | 00b8 000f 

  0x0000027b5b572c48: ;   {runtime_call load_klass_patching Runtime1 stub}
  0x0000027b5b572c48: 050a e8b1 

  0x0000027b5b572c4c: ; ImmutableOopMap {[256]=Oop [200]=Oop }
                      ;*new {reexecute=1 rethrow=0 return_oop=0}
                      ; - (reexecute) com.mojang.blaze3d.systems.RenderSystem::m_187556_@0 (line 181)
                      ; - com.mojang.blaze3d.systems.RenderSystem::m_187555_@13 (line 165)
                      ; - com.mojang.blaze3d.platform.GlStateManager::m_84266_@0 (line 700)
                      ; - com.mojang.blaze3d.systems.RenderSystem::m_69421_@5 (line 618)
                      ; - net.minecraft.client.Minecraft::m_91383_@316 (line 1036)
  0x0000027b5b572c4c: 6caa 02e9 | 2ce4 ffff 

  0x0000027b5b572c54: ;   {runtime_call fast_new_instance Runtime1 stub}
  0x0000027b5b572c54: 488b d2e8 

  0x0000027b5b572c58: ; ImmutableOopMap {[200]=Oop [256]=Oop }
                      ;*new {reexecute=0 rethrow=0 return_oop=0}
                      ; - com.mojang.blaze3d.systems.RenderSystem::m_187556_@0 (line 181)
                      ; - com.mojang.blaze3d.systems.RenderSystem::m_187555_@13 (line 165)
                      ; - com.mojang.blaze3d.platform.GlStateManager::m_84266_@0 (line 700)
                      ; - com.mojang.blaze3d.systems.RenderSystem::m_69421_@5 (line 618)
                      ; - net.minecraft.client.Minecraft::m_91383_@316 (line 1036)
  0x0000027b5b572c58: 2435 aa02 | e977 e4ff | ff90 9049 | 8b87 d803 | 0000 49c7 | 87d8 0300 | 0000 0000 | 0049 c787 
  0x0000027b5b572c78: e003 0000 | 0000 0000 | 4881 c4b0 | 0100 005d 

  0x0000027b5b572c88: ;   {runtime_call unwind_exception Runtime1 stub}
  0x0000027b5b572c88: e973 4ca1 | 02f4 f4f4 | f4f4 f4f4 | f4f4 f4f4 | f4f4 f4f4 | f4f4 f4f4 
[Stub Code]
  0x0000027b5b572ca0: ;   {no_reloc}
  0x0000027b5b572ca0: 0f1f 4400 

  0x0000027b5b572ca4: ;   {static_stub}
  0x0000027b5b572ca4: 0048 bb00 | 0000 0000 

  0x0000027b5b572cac: ;   {runtime_call}
  0x0000027b5b572cac: 0000 00e9 | fbff ffff 

  0x0000027b5b572cb4: ;   {static_stub}
  0x0000027b5b572cb4: 9048 bb00 | 0000 0000 

  0x0000027b5b572cbc: ;   {runtime_call}
  0x0000027b5b572cbc: 0000 00e9 | fbff ffff 

  0x0000027b5b572cc4: ;   {static_stub}
  0x0000027b5b572cc4: 9048 bb00 | 0000 0000 

  0x0000027b5b572ccc: ;   {runtime_call}
  0x0000027b5b572ccc: 0000 00e9 | fbff ffff 

  0x0000027b5b572cd4: ;   {static_stub}
  0x0000027b5b572cd4: 9048 bb00 | 0000 0000 

  0x0000027b5b572cdc: ;   {runtime_call}
  0x0000027b5b572cdc: 0000 00e9 | fbff ffff 

  0x0000027b5b572ce4: ;   {static_stub}
  0x0000027b5b572ce4: 9048 bb00 | 0000 0000 

  0x0000027b5b572cec: ;   {runtime_call}
  0x0000027b5b572cec: 0000 00e9 | fbff ffff 

  0x0000027b5b572cf4: ;   {static_stub}
  0x0000027b5b572cf4: 9048 bb00 | 0000 0000 

  0x0000027b5b572cfc: ;   {runtime_call}
  0x0000027b5b572cfc: 0000 00e9 | fbff ffff 

  0x0000027b5b572d04: ;   {static_stub}
  0x0000027b5b572d04: 9048 bb00 | 0000 0000 

  0x0000027b5b572d0c: ;   {runtime_call}
  0x0000027b5b572d0c: 0000 00e9 | fbff ffff 

  0x0000027b5b572d14: ;   {static_stub}
  0x0000027b5b572d14: 9048 bb00 | 0000 0000 

  0x0000027b5b572d1c: ;   {runtime_call}
  0x0000027b5b572d1c: 0000 00e9 | fbff ffff 

  0x0000027b5b572d24: ;   {static_stub}
  0x0000027b5b572d24: 9048 bb00 | 0000 0000 

  0x0000027b5b572d2c: ;   {runtime_call}
  0x0000027b5b572d2c: 0000 00e9 | fbff ffff 

  0x0000027b5b572d34: ;   {static_stub}
  0x0000027b5b572d34: 9048 bb00 | 0000 0000 

  0x0000027b5b572d3c: ;   {runtime_call}
  0x0000027b5b572d3c: 0000 00e9 | fbff ffff 

  0x0000027b5b572d44: ;   {static_stub}
  0x0000027b5b572d44: 9048 bb00 | 0000 0000 

  0x0000027b5b572d4c: ;   {runtime_call}
  0x0000027b5b572d4c: 0000 00e9 | fbff ffff 

  0x0000027b5b572d54: ;   {static_stub}
  0x0000027b5b572d54: 9048 bb00 | 0000 0000 

  0x0000027b5b572d5c: ;   {runtime_call}
  0x0000027b5b572d5c: 0000 00e9 | fbff ffff 

  0x0000027b5b572d64: ;   {static_stub}
  0x0000027b5b572d64: 9048 bb00 | 0000 0000 

  0x0000027b5b572d6c: ;   {runtime_call}
  0x0000027b5b572d6c: 0000 00e9 | fbff ffff 

  0x0000027b5b572d74: ;   {static_stub}
  0x0000027b5b572d74: 9048 bb00 | 0000 0000 

  0x0000027b5b572d7c: ;   {runtime_call}
  0x0000027b5b572d7c: 0000 00e9 | fbff ffff 

  0x0000027b5b572d84: ;   {static_stub}
  0x0000027b5b572d84: 9048 bb00 | 0000 0000 

  0x0000027b5b572d8c: ;   {runtime_call}
  0x0000027b5b572d8c: 0000 00e9 | fbff ffff 

  0x0000027b5b572d94: ;   {static_stub}
  0x0000027b5b572d94: 9048 bb00 | 0000 0000 

  0x0000027b5b572d9c: ;   {runtime_call}
  0x0000027b5b572d9c: 0000 00e9 | fbff ffff 

  0x0000027b5b572da4: ;   {static_stub}
  0x0000027b5b572da4: 9048 bb00 | 0000 0000 

  0x0000027b5b572dac: ;   {runtime_call}
  0x0000027b5b572dac: 0000 00e9 | fbff ffff 

  0x0000027b5b572db4: ;   {static_stub}
  0x0000027b5b572db4: 9048 bb00 | 0000 0000 

  0x0000027b5b572dbc: ;   {runtime_call}
  0x0000027b5b572dbc: 0000 00e9 | fbff ffff 

  0x0000027b5b572dc4: ;   {static_stub}
  0x0000027b5b572dc4: 9048 bb00 | 0000 0000 

  0x0000027b5b572dcc: ;   {runtime_call}
  0x0000027b5b572dcc: 0000 00e9 | fbff ffff 

  0x0000027b5b572dd4: ;   {static_stub}
  0x0000027b5b572dd4: 9048 bb00 | 0000 0000 

  0x0000027b5b572ddc: ;   {runtime_call}
  0x0000027b5b572ddc: 0000 00e9 | fbff ffff 

  0x0000027b5b572de4: ;   {static_stub}
  0x0000027b5b572de4: 9048 bb00 | 0000 0000 

  0x0000027b5b572dec: ;   {runtime_call}
  0x0000027b5b572dec: 0000 00e9 | fbff ffff 

  0x0000027b5b572df4: ;   {static_stub}
  0x0000027b5b572df4: 9048 bb00 | 0000 0000 

  0x0000027b5b572dfc: ;   {runtime_call}
  0x0000027b5b572dfc: 0000 00e9 | fbff ffff 

  0x0000027b5b572e04: ;   {static_stub}
  0x0000027b5b572e04: 9048 bb00 | 0000 0000 

  0x0000027b5b572e0c: ;   {runtime_call}
  0x0000027b5b572e0c: 0000 00e9 | fbff ffff 

  0x0000027b5b572e14: ;   {static_stub}
  0x0000027b5b572e14: 9048 bb00 | 0000 0000 

  0x0000027b5b572e1c: ;   {runtime_call}
  0x0000027b5b572e1c: 0000 00e9 | fbff ffff 

  0x0000027b5b572e24: ;   {static_stub}
  0x0000027b5b572e24: 9048 bb00 | 0000 0000 

  0x0000027b5b572e2c: ;   {runtime_call}
  0x0000027b5b572e2c: 0000 00e9 | fbff ffff 

  0x0000027b5b572e34: ;   {static_stub}
  0x0000027b5b572e34: 9048 bb00 | 0000 0000 

  0x0000027b5b572e3c: ;   {runtime_call}
  0x0000027b5b572e3c: 0000 00e9 | fbff ffff 

  0x0000027b5b572e44: ;   {static_stub}
  0x0000027b5b572e44: 9048 bb00 | 0000 0000 

  0x0000027b5b572e4c: ;   {runtime_call}
  0x0000027b5b572e4c: 0000 00e9 | fbff ffff 

  0x0000027b5b572e54: ;   {static_stub}
  0x0000027b5b572e54: 9048 bb00 | 0000 0000 

  0x0000027b5b572e5c: ;   {runtime_call}
  0x0000027b5b572e5c: 0000 00e9 | fbff ffff 

  0x0000027b5b572e64: ;   {static_stub}
  0x0000027b5b572e64: 9048 bb00 | 0000 0000 

  0x0000027b5b572e6c: ;   {runtime_call}
  0x0000027b5b572e6c: 0000 00e9 | fbff ffff 

  0x0000027b5b572e74: ;   {static_stub}
  0x0000027b5b572e74: 9048 bb00 | 0000 0000 

  0x0000027b5b572e7c: ;   {runtime_call}
  0x0000027b5b572e7c: 0000 00e9 | fbff ffff 

  0x0000027b5b572e84: ;   {static_stub}
  0x0000027b5b572e84: 9048 bb00 | 0000 0000 

  0x0000027b5b572e8c: ;   {runtime_call}
  0x0000027b5b572e8c: 0000 00e9 | fbff ffff 

  0x0000027b5b572e94: ;   {static_stub}
  0x0000027b5b572e94: 9048 bb00 | 0000 0000 

  0x0000027b5b572e9c: ;   {runtime_call}
  0x0000027b5b572e9c: 0000 00e9 | fbff ffff 

  0x0000027b5b572ea4: ;   {static_stub}
  0x0000027b5b572ea4: 9048 bb00 | 0000 0000 

  0x0000027b5b572eac: ;   {runtime_call}
  0x0000027b5b572eac: 0000 00e9 | fbff ffff 

  0x0000027b5b572eb4: ;   {static_stub}
  0x0000027b5b572eb4: 9048 bb00 | 0000 0000 

  0x0000027b5b572ebc: ;   {runtime_call}
  0x0000027b5b572ebc: 0000 00e9 | fbff ffff 

  0x0000027b5b572ec4: ;   {static_stub}
  0x0000027b5b572ec4: 9048 bb00 | 0000 0000 

  0x0000027b5b572ecc: ;   {runtime_call}
  0x0000027b5b572ecc: 0000 00e9 | fbff ffff 

  0x0000027b5b572ed4: ;   {static_stub}
  0x0000027b5b572ed4: 9048 bb00 | 0000 0000 

  0x0000027b5b572edc: ;   {runtime_call}
  0x0000027b5b572edc: 0000 00e9 | fbff ffff 

  0x0000027b5b572ee4: ;   {static_stub}
  0x0000027b5b572ee4: 9048 bb00 | 0000 0000 

  0x0000027b5b572eec: ;   {runtime_call}
  0x0000027b5b572eec: 0000 00e9 | fbff ffff 

  0x0000027b5b572ef4: ;   {static_stub}
  0x0000027b5b572ef4: 9048 bb00 | 0000 0000 

  0x0000027b5b572efc: ;   {runtime_call}
  0x0000027b5b572efc: 0000 00e9 | fbff ffff 

  0x0000027b5b572f04: ;   {static_stub}
  0x0000027b5b572f04: 9048 bb00 | 0000 0000 

  0x0000027b5b572f0c: ;   {runtime_call}
  0x0000027b5b572f0c: 0000 00e9 | fbff ffff 

  0x0000027b5b572f14: ;   {static_stub}
  0x0000027b5b572f14: 9048 bb00 | 0000 0000 

  0x0000027b5b572f1c: ;   {runtime_call}
  0x0000027b5b572f1c: 0000 00e9 | fbff ffff 

  0x0000027b5b572f24: ;   {static_stub}
  0x0000027b5b572f24: 9048 bb00 | 0000 0000 

  0x0000027b5b572f2c: ;   {runtime_call}
  0x0000027b5b572f2c: 0000 00e9 | fbff ffff 

  0x0000027b5b572f34: ;   {static_stub}
  0x0000027b5b572f34: 9048 bb00 | 0000 0000 

  0x0000027b5b572f3c: ;   {runtime_call}
  0x0000027b5b572f3c: 0000 00e9 | fbff ffff 

  0x0000027b5b572f44: ;   {static_stub}
  0x0000027b5b572f44: 9048 bb00 | 0000 0000 

  0x0000027b5b572f4c: ;   {runtime_call}
  0x0000027b5b572f4c: 0000 00e9 | fbff ffff 

  0x0000027b5b572f54: ;   {static_stub}
  0x0000027b5b572f54: 9048 bb00 | 0000 0000 

  0x0000027b5b572f5c: ;   {runtime_call}
  0x0000027b5b572f5c: 0000 00e9 | fbff ffff 

  0x0000027b5b572f64: ;   {static_stub}
  0x0000027b5b572f64: 9048 bb00 | 0000 0000 

  0x0000027b5b572f6c: ;   {runtime_call}
  0x0000027b5b572f6c: 0000 00e9 | fbff ffff 

  0x0000027b5b572f74: ;   {static_stub}
  0x0000027b5b572f74: 9048 bb00 | 0000 0000 

  0x0000027b5b572f7c: ;   {runtime_call}
  0x0000027b5b572f7c: 0000 00e9 | fbff ffff 

  0x0000027b5b572f84: ;   {static_stub}
  0x0000027b5b572f84: 9048 bb00 | 0000 0000 

  0x0000027b5b572f8c: ;   {runtime_call}
  0x0000027b5b572f8c: 0000 00e9 | fbff ffff 

  0x0000027b5b572f94: ;   {static_stub}
  0x0000027b5b572f94: 9048 bb00 | 0000 0000 

  0x0000027b5b572f9c: ;   {runtime_call}
  0x0000027b5b572f9c: 0000 00e9 | fbff ffff 

  0x0000027b5b572fa4: ;   {static_stub}
  0x0000027b5b572fa4: 9048 bb00 | 0000 0000 

  0x0000027b5b572fac: ;   {runtime_call}
  0x0000027b5b572fac: 0000 00e9 | fbff ffff 

  0x0000027b5b572fb4: ;   {static_stub}
  0x0000027b5b572fb4: 9048 bb00 | 0000 0000 

  0x0000027b5b572fbc: ;   {runtime_call}
  0x0000027b5b572fbc: 0000 00e9 | fbff ffff 

  0x0000027b5b572fc4: ;   {static_stub}
  0x0000027b5b572fc4: 9048 bb00 | 0000 0000 

  0x0000027b5b572fcc: ;   {runtime_call}
  0x0000027b5b572fcc: 0000 00e9 | fbff ffff 

  0x0000027b5b572fd4: ;   {static_stub}
  0x0000027b5b572fd4: 9048 bb00 | 0000 0000 

  0x0000027b5b572fdc: ;   {runtime_call}
  0x0000027b5b572fdc: 0000 00e9 | fbff ffff 

  0x0000027b5b572fe4: ;   {static_stub}
  0x0000027b5b572fe4: 9048 bb00 | 0000 0000 

  0x0000027b5b572fec: ;   {runtime_call}
  0x0000027b5b572fec: 0000 00e9 | fbff ffff 

  0x0000027b5b572ff4: ;   {static_stub}
  0x0000027b5b572ff4: 9048 bb00 | 0000 0000 

  0x0000027b5b572ffc: ;   {runtime_call}
  0x0000027b5b572ffc: 0000 00e9 | fbff ffff 

  0x0000027b5b573004: ;   {static_stub}
  0x0000027b5b573004: 9048 bb00 | 0000 0000 

  0x0000027b5b57300c: ;   {runtime_call}
  0x0000027b5b57300c: 0000 00e9 | fbff ffff 

  0x0000027b5b573014: ;   {static_stub}
  0x0000027b5b573014: 9048 bb00 | 0000 0000 

  0x0000027b5b57301c: ;   {runtime_call}
  0x0000027b5b57301c: 0000 00e9 | fbff ffff 

  0x0000027b5b573024: ;   {static_stub}
  0x0000027b5b573024: 9048 bb00 | 0000 0000 

  0x0000027b5b57302c: ;   {runtime_call}
  0x0000027b5b57302c: 0000 00e9 | fbff ffff 

  0x0000027b5b573034: ;   {static_stub}
  0x0000027b5b573034: 9048 bb10 | f8e7 027b 

  0x0000027b5b57303c: ;   {runtime_call I2C/C2I adapters}
  0x0000027b5b57303c: 0200 00e9 | 9d15 9e02 

  0x0000027b5b573044: ;   {static_stub}
  0x0000027b5b573044: 9048 bb00 | 0000 0000 

  0x0000027b5b57304c: ;   {runtime_call}
  0x0000027b5b57304c: 0000 00e9 | fbff ffff 

  0x0000027b5b573054: ;   {static_stub}
  0x0000027b5b573054: 9048 bb00 | 0000 0000 

  0x0000027b5b57305c: ;   {runtime_call}
  0x0000027b5b57305c: 0000 00e9 | fbff ffff 

  0x0000027b5b573064: ;   {static_stub}
  0x0000027b5b573064: 9048 bb00 | 0000 0000 

  0x0000027b5b57306c: ;   {runtime_call}
  0x0000027b5b57306c: 0000 00e9 | fbff ffff 

  0x0000027b5b573074: ;   {static_stub}
  0x0000027b5b573074: 9048 bb00 | 0000 0000 

  0x0000027b5b57307c: ;   {runtime_call}
  0x0000027b5b57307c: 0000 00e9 | fbff ffff 

  0x0000027b5b573084: ;   {static_stub}
  0x0000027b5b573084: 9048 bb00 | 0000 0000 

  0x0000027b5b57308c: ;   {runtime_call}
  0x0000027b5b57308c: 0000 00e9 | fbff ffff 

  0x0000027b5b573094: ;   {static_stub}
  0x0000027b5b573094: 9048 bb00 | 0000 0000 

  0x0000027b5b57309c: ;   {runtime_call}
  0x0000027b5b57309c: 0000 00e9 | fbff ffff 
[Exception Handler]
  0x0000027b5b5730a4: ;   {runtime_call handle_exception_from_callee Runtime1 stub}
  0x0000027b5b5730a4: e8d7 45aa 

  0x0000027b5b5730a8: ;   {external_word}
  0x0000027b5b5730a8: 0248 b920 | 4a35 7ef8 | 7f00 0048 

  0x0000027b5b5730b4: ;   {runtime_call}
  0x0000027b5b5730b4: 83e4 f049 | baf0 cffd | 7df8 7f00 | 0041 ffd2 

  0x0000027b5b5730c4: ;   {section_word}
  0x0000027b5b5730c4: f449 bac5 | 3057 5b7b | 0200 0041 

  0x0000027b5b5730d0: ;   {runtime_call DeoptimizationBlob}
  0x0000027b5b5730d0: 52e9 ca3b | a002 f4f4 
[/MachCode]


---------------  P R O C E S S  ---------------

Threads class SMR info:
_java_thread_list=0x0000027b35d04de0, length=173, elements={
0x0000027b53320170, 0x0000027b7c414430, 0x0000027b7c415960, 0x0000027b7c452f20,
0x0000027b7c480010, 0x0000027b7c484d00, 0x0000027b7c4855d0, 0x0000027b7c4893a0,
0x0000027b7c489d60, 0x0000027b7c49ae30, 0x0000027b7c5774a0, 0x0000027b7c7dad60,
0x0000027b7fd00cb0, 0x0000027b7db4b7f0, 0x0000027b7db23940, 0x0000027b0a6d3ba0,
0x0000027b06e8ce70, 0x0000027b7d873f70, 0x0000027b09756c80, 0x0000027b7d873a60,
0x0000027b06e8d380, 0x0000027b0640d4a0, 0x0000027b7e9ea6b0, 0x0000027b0640c570,
0x0000027b7d7776a0, 0x0000027b0640d9b0, 0x0000027b0b7a6d80, 0x0000027b7e9f06e0,
0x0000027b09757190, 0x0000027b09755d50, 0x0000027b06e8bd90, 0x0000027b0b3cf4b0,
0x0000027b0640c060, 0x0000027b7ec14150, 0x0000027b7ec14660, 0x0000027b7ec14b70,
0x0000027b7ec15080, 0x0000027b0a4d43d0, 0x0000027b0a4d5300, 0x0000027b0a4d3ec0,
0x0000027b0a4d5810, 0x0000027b0a4d48e0, 0x0000027b0a4d4df0, 0x0000027b0b376890,
0x0000027b0b3777c0, 0x0000027b0b3772b0, 0x0000027b0b374010, 0x0000027b7ec13c40,
0x0000027b0ae91550, 0x0000027b1b5ad310, 0x0000027b06e8c2a0, 0x0000027b06e8b370,
0x0000027b0b374520, 0x0000027b06e8ae60, 0x0000027b0c3dae60, 0x0000027b0c3dbd90,
0x0000027b0c3dccc0, 0x0000027b0c3d9510, 0x0000027b0c3da440, 0x0000027b0c3da950,
0x0000027b0c3d9f30, 0x0000027b21f043d0, 0x0000027b0bc68fa0, 0x0000027b0bc68a90,
0x0000027b0bc694b0, 0x0000027b0bc68070, 0x0000027b0bc68580, 0x0000027b0c4a3300,
0x0000027b7e9ec000, 0x0000027b07221560, 0x0000027b06f66f90, 0x0000027b0b374a30,
0x0000027b0c4a23d0, 0x0000027b06e8d890, 0x0000027b7e9ebaf0, 0x0000027b7d872b30,
0x0000027b7d873550, 0x0000027b7d873040, 0x0000027b7df64dc0, 0x0000027b7d7785d0,
0x0000027b21f04df0, 0x0000027b21f03ec0, 0x0000027b7e9ec510, 0x0000027b06f67ec0,
0x0000027b21f039b0, 0x0000027b0b3cefa0, 0x0000027b0b3cf9c0, 0x0000027b21f02570,
0x0000027b06e8e2b0, 0x0000027b06f679b0, 0x0000027b1b5ad820, 0x0000027b0c3dc7b0,
0x0000027b0be007e0, 0x0000027b0c4a19b0, 0x0000027b08c17410, 0x0000027b0bdfdf60,
0x0000027b0ae90620, 0x0000027b06f66a80, 0x0000027b7df643a0, 0x0000027b0b374f40,
0x0000027b0ae91040, 0x0000027b3812ad20, 0x0000027b0c4a1ec0, 0x0000027b05c90000,
0x0000027b0c4a28e0, 0x0000027b0bdfe470, 0x0000027b0c4a14a0, 0x0000027b05c90510,
0x0000027b08c19780, 0x0000027b0b375450, 0x0000027b0c4a3810, 0x0000027b07221050,
0x0000027ba50502e0, 0x0000027b21f048e0, 0x0000027b4d667d40, 0x0000027b9feda2a0,
0x0000027b4bee1f30, 0x0000027b06f69300, 0x0000027b06f69810, 0x0000027ba50b5fc0,
0x0000027ba50b8840, 0x0000027b06f66060, 0x0000027b9feda7b0, 0x0000027b0b376380,
0x0000027b4d5c4780, 0x0000027b7f767300, 0x0000027b0640ca80, 0x0000027b4d5c4c90,
0x0000027b4bee3880, 0x0000027b4d1854e0, 0x0000027b4d6659d0, 0x0000027b4d666900,
0x0000027b08c1a6b0, 0x0000027b1adab4b0, 0x0000027b1adab9c0, 0x0000027b384bd2e0,
0x0000027b384bdd00, 0x0000027b384bf140, 0x0000027b384be210, 0x0000027b384be720,
0x0000027b384bb990, 0x0000027b384bbea0, 0x0000027b7db4a8c0, 0x0000027b7db4c210,
0x0000027b7db4c720, 0x0000027b08c1abc0, 0x0000027b4d187340, 0x0000027b4d1840a0,
0x0000027b4d184fd0, 0x0000027b3caea840, 0x0000027be1e029d0, 0x0000027c0b24f030,
0x0000027c0feecf90, 0x0000027c0b644e90, 0x0000027ba50b6ef0, 0x0000027ba99f9a80,
0x0000027b3cae8ef0, 0x0000027b3b185aa0, 0x0000027be1e02ee0, 0x0000027b0c3dc2a0,
0x0000027be83f93f0, 0x0000027c0feeb130, 0x0000027c0feebb50, 0x0000027c0feec570,
0x0000027c0feeca80, 0x0000027c0feed9b0, 0x0000027c0feed4a0, 0x0000027b0c3db880,
0x0000027b4d1845b0, 0x0000027c0b6467e0, 0x0000027b06e8b880, 0x0000027c0b644980,
0x0000027c12021c00
}

Java Threads: ( => current thread )
=>0x0000027b53320170 JavaThread "Render thread" [_thread_in_native, id=21196, stack(0x000000ce68d00000,0x000000ce68e00000)]
  0x0000027b7c414430 JavaThread "Reference Handler" daemon [_thread_blocked, id=19976, stack(0x000000ce69400000,0x000000ce69500000)]
  0x0000027b7c415960 JavaThread "Finalizer" daemon [_thread_blocked, id=16124, stack(0x000000ce69500000,0x000000ce69600000)]
  0x0000027b7c452f20 JavaThread "Signal Dispatcher" daemon [_thread_blocked, id=20004, stack(0x000000ce69600000,0x000000ce69700000)]
  0x0000027b7c480010 JavaThread "Attach Listener" daemon [_thread_blocked, id=13368, stack(0x000000ce69700000,0x000000ce69800000)]
  0x0000027b7c484d00 JavaThread "Service Thread" daemon [_thread_blocked, id=9704, stack(0x000000ce69800000,0x000000ce69900000)]
  0x0000027b7c4855d0 JavaThread "Monitor Deflation Thread" daemon [_thread_blocked, id=21988, stack(0x000000ce69900000,0x000000ce69a00000)]
  0x0000027b7c4893a0 JavaThread "C2 CompilerThread0" daemon [_thread_blocked, id=12024, stack(0x000000ce69a00000,0x000000ce69b00000)]
  0x0000027b7c489d60 JavaThread "C1 CompilerThread0" daemon [_thread_blocked, id=10604, stack(0x000000ce69b00000,0x000000ce69c00000)]
  0x0000027b7c49ae30 JavaThread "Sweeper thread" daemon [_thread_blocked, id=24656, stack(0x000000ce69c00000,0x000000ce69d00000)]
  0x0000027b7c5774a0 JavaThread "Common-Cleaner" daemon [_thread_blocked, id=22752, stack(0x000000ce69d00000,0x000000ce69e00000)]
  0x0000027b7c7dad60 JavaThread "Notification Thread" daemon [_thread_blocked, id=21740, stack(0x000000ce6a100000,0x000000ce6a200000)]
  0x0000027b7fd00cb0 JavaThread "Thread-0" daemon [_thread_blocked, id=25396, stack(0x000000ce6b700000,0x000000ce6b800000)]
  0x0000027b7db4b7f0 JavaThread "FileSystemWatchService" daemon [_thread_in_native, id=23440, stack(0x000000ce6b800000,0x000000ce6b900000)]
  0x0000027b7db23940 JavaThread "JNA Cleaner" daemon [_thread_blocked, id=23108, stack(0x000000ce6be00000,0x000000ce6bf00000)]
  0x0000027b0a6d3ba0 JavaThread "Timer hack thread" daemon [_thread_blocked, id=25144, stack(0x000000ce6a000000,0x000000ce6a100000)]
  0x0000027b06e8ce70 JavaThread "Cleaner-0" daemon [_thread_blocked, id=17332, stack(0x000000ce6c400000,0x000000ce6c500000)]
  0x0000027b7d873f70 JavaThread "modloading-worker-0" daemon [_thread_blocked, id=25552, stack(0x000000ce6c500000,0x000000ce6c600000)]
  0x0000027b09756c80 JavaThread "modloading-worker-0" daemon [_thread_blocked, id=3992, stack(0x000000ce6c700000,0x000000ce6c800000)]
  0x0000027b7d873a60 JavaThread "modloading-worker-0" daemon [_thread_blocked, id=13516, stack(0x000000ce6c900000,0x000000ce6ca00000)]
  0x0000027b06e8d380 JavaThread "modloading-worker-0" daemon [_thread_blocked, id=8156, stack(0x000000ce6ca00000,0x000000ce6cb00000)]
  0x0000027b0640d4a0 JavaThread "modloading-worker-0" daemon [_thread_blocked, id=23868, stack(0x000000ce6cc00000,0x000000ce6cd00000)]
  0x0000027b7e9ea6b0 JavaThread "modloading-worker-0" daemon [_thread_blocked, id=15576, stack(0x000000ce6ce00000,0x000000ce6cf00000)]
  0x0000027b0640c570 JavaThread "modloading-worker-0" daemon [_thread_blocked, id=11612, stack(0x000000ce6cf00000,0x000000ce6d000000)]
  0x0000027b7d7776a0 JavaThread "modloading-worker-0" daemon [_thread_blocked, id=19984, stack(0x000000ce6d100000,0x000000ce6d200000)]
  0x0000027b0640d9b0 JavaThread "modloading-worker-0" daemon [_thread_blocked, id=21332, stack(0x000000ce6d300000,0x000000ce6d400000)]
  0x0000027b0b7a6d80 JavaThread "BRRP-Workers-0" daemon [_thread_blocked, id=9612, stack(0x000000ce6da00000,0x000000ce6db00000)]
  0x0000027b7e9f06e0 JavaThread "Thread-3" daemon [_thread_in_native, id=24704, stack(0x000000ce6db00000,0x000000ce6dc00000)]
  0x0000027b09757190 JavaThread "KubeJS Background Thread" daemon [_thread_blocked, id=9116, stack(0x000000ce6e600000,0x000000ce6e700000)]
  0x0000027b09755d50 JavaThread "Java2D Disposer" daemon [_thread_blocked, id=19524, stack(0x000000ce69e00000,0x000000ce69f00000)]
  0x0000027b06e8bd90 JavaThread "pool-6-thread-1" [_thread_blocked, id=23816, stack(0x000000ce6e700000,0x000000ce6e800000)]
  0x0000027b0b3cf4b0 JavaThread "Timer-0" [_thread_blocked, id=21280, stack(0x000000ce6e800000,0x000000ce6e900000)]
  0x0000027b0640c060 JavaThread "Thread-6" daemon [_thread_blocked, id=24792, stack(0x000000ce6e900000,0x000000ce6ea00000)]
  0x0000027b7ec14150 JavaThread "Thread-7" daemon [_thread_blocked, id=19792, stack(0x000000ce6ea00000,0x000000ce6eb00000)]
  0x0000027b7ec14660 JavaThread "Thread-8" daemon [_thread_blocked, id=2568, stack(0x000000ce6eb00000,0x000000ce6ec00000)]
  0x0000027b7ec14b70 JavaThread "Thread-9" daemon [_thread_blocked, id=25032, stack(0x000000ce6ec00000,0x000000ce6ed00000)]
  0x0000027b7ec15080 JavaThread "Thread-10" daemon [_thread_blocked, id=24456, stack(0x000000ce6ed00000,0x000000ce6ee00000)]
  0x0000027b0a4d43d0 JavaThread "Thread-11" daemon [_thread_blocked, id=24956, stack(0x000000ce6ee00000,0x000000ce6ef00000)]
  0x0000027b0a4d5300 JavaThread "Thread-12" daemon [_thread_blocked, id=24748, stack(0x000000ce6ef00000,0x000000ce6f000000)]
  0x0000027b0a4d3ec0 JavaThread "Thread-13" daemon [_thread_blocked, id=5536, stack(0x000000ce6f000000,0x000000ce6f100000)]
  0x0000027b0a4d5810 JavaThread "Thread-14" daemon [_thread_blocked, id=24272, stack(0x000000ce6f100000,0x000000ce6f200000)]
  0x0000027b0a4d48e0 JavaThread "Thread-15" daemon [_thread_blocked, id=25316, stack(0x000000ce6f200000,0x000000ce6f300000)]
  0x0000027b0a4d4df0 JavaThread "Thread-16" daemon [_thread_blocked, id=8636, stack(0x000000ce6f300000,0x000000ce6f400000)]
  0x0000027b0b376890 JavaThread "Thread-17" daemon [_thread_blocked, id=25548, stack(0x000000ce6f400000,0x000000ce6f500000)]
  0x0000027b0b3777c0 JavaThread "Thread-18" daemon [_thread_blocked, id=24824, stack(0x000000ce6f500000,0x000000ce6f600000)]
  0x0000027b0b3772b0 JavaThread "Thread-19" daemon [_thread_blocked, id=19220, stack(0x000000ce6f600000,0x000000ce6f700000)]
  0x0000027b0b374010 JavaThread "Thread-20" daemon [_thread_blocked, id=24696, stack(0x000000ce6f700000,0x000000ce6f800000)]
  0x0000027b7ec13c40 JavaThread "Timer-1" [_thread_blocked, id=20040, stack(0x000000ce6f800000,0x000000ce6f900000)]
  0x0000027b0ae91550 JavaThread "pool-9-thread-1" [_thread_blocked, id=18644, stack(0x000000ce6f900000,0x000000ce6fa00000)]
  0x0000027b1b5ad310 JavaThread "pool-8-thread-1" [_thread_blocked, id=1532, stack(0x000000ce6fc00000,0x000000ce6fd00000)]
  0x0000027b06e8c2a0 JavaThread "FileSystemWatchService" daemon [_thread_in_native, id=1648, stack(0x000000ce6fd00000,0x000000ce6fe00000)]
  0x0000027b06e8b370 JavaThread "Config Lib config file watcher" daemon [_thread_blocked, id=24332, stack(0x000000ce6fe00000,0x000000ce6ff00000)]
  0x0000027b0b374520 JavaThread "DFU cleaning thread" daemon [_thread_blocked, id=9012, stack(0x000000ce6d500000,0x000000ce6d600000)]
  0x0000027b06e8ae60 JavaThread "UI thread" [_thread_blocked, id=4632, stack(0x000000ce6fb00000,0x000000ce6fc00000)]
  0x0000027b0c3dae60 JavaThread "Narrator" [_thread_blocked, id=9528, stack(0x000000ce70000000,0x000000ce70100000)]
  0x0000027b0c3dbd90 JavaThread "FileSystemWatchService" daemon [_thread_in_native, id=21064, stack(0x000000ce70100000,0x000000ce70200000)]
  0x0000027b0c3dccc0 JavaThread "JEI Config file watcher" [_thread_blocked, id=19648, stack(0x000000ce70200000,0x000000ce70300000)]
  0x0000027b0c3d9510 JavaThread "FancyMenu-JsonPlaceholder-Cleanup" daemon [_thread_blocked, id=19992, stack(0x000000ce6ff00000,0x000000ce70000000)]
  0x0000027b0c3da440 JavaThread "Worker-ResourceReload-0" daemon [_thread_blocked, id=21516, stack(0x000000ce69f00000,0x000000ce6a000000)]
  0x0000027b0c3da950 JavaThread "Worker-ResourceReload-1" daemon [_thread_blocked, id=2332, stack(0x000000ce6d400000,0x000000ce6d500000)]
  0x0000027b0c3d9f30 JavaThread "Worker-ResourceReload-2" daemon [_thread_blocked, id=2168, stack(0x000000ce70300000,0x000000ce70400000)]
  0x0000027b21f043d0 JavaThread "Worker-ResourceReload-5" daemon [_thread_blocked, id=9576, stack(0x000000ce70600000,0x000000ce70700000)]
  0x0000027b0bc68fa0 JavaThread "ForkJoinPool.commonPool-worker-1" daemon [_thread_blocked, id=10480, stack(0x000000ce70a00000,0x000000ce70b00000)]
  0x0000027b0bc68a90 JavaThread "ForkJoinPool.commonPool-worker-2" daemon [_thread_blocked, id=15188, stack(0x000000ce70b00000,0x000000ce70c00000)]
  0x0000027b0bc694b0 JavaThread "ForkJoinPool.commonPool-worker-3" daemon [_thread_blocked, id=11260, stack(0x000000ce70c00000,0x000000ce70d00000)]
  0x0000027b0bc68070 JavaThread "ForkJoinPool.commonPool-worker-5" daemon [_thread_blocked, id=17480, stack(0x000000ce70e00000,0x000000ce70f00000)]
  0x0000027b0bc68580 JavaThread "ForkJoinPool.commonPool-worker-6" daemon [_thread_blocked, id=22956, stack(0x000000ce70f00000,0x000000ce71000000)]
  0x0000027b0c4a3300 JavaThread "ForkJoinPool.commonPool-worker-7" daemon [_thread_blocked, id=6000, stack(0x000000ce71000000,0x000000ce71100000)]
  0x0000027b7e9ec000 JavaThread "ForkJoinPool.commonPool-worker-9" daemon [_thread_blocked, id=21764, stack(0x000000ce71200000,0x000000ce71300000)]
  0x0000027b07221560 JavaThread "ForkJoinPool.commonPool-worker-8" daemon [_thread_blocked, id=21348, stack(0x000000ce71300000,0x000000ce71400000)]
  0x0000027b06f66f90 JavaThread "ForkJoinPool.commonPool-worker-10" daemon [_thread_blocked, id=21816, stack(0x000000ce71400000,0x000000ce71500000)]
  0x0000027b0b374a30 JavaThread "ForkJoinPool.commonPool-worker-11" daemon [_thread_blocked, id=15032, stack(0x000000ce71500000,0x000000ce71600000)]
  0x0000027b0c4a23d0 JavaThread "ForkJoinPool.commonPool-worker-12" daemon [_thread_blocked, id=4376, stack(0x000000ce71600000,0x000000ce71700000)]
  0x0000027b06e8d890 JavaThread "ForkJoinPool.commonPool-worker-13" daemon [_thread_blocked, id=16680, stack(0x000000ce71700000,0x000000ce71800000)]
  0x0000027b7e9ebaf0 JavaThread "Worker-ResourceReload-8" daemon [_thread_blocked, id=20224, stack(0x000000ce71b00000,0x000000ce71c00000)]
  0x0000027b7d872b30 JavaThread "Worker-ResourceReload-9" daemon [_thread_blocked, id=4420, stack(0x000000ce71c00000,0x000000ce71d00000)]
  0x0000027b7d873550 JavaThread "Worker-ResourceReload-10" daemon [_thread_blocked, id=7312, stack(0x000000ce71d00000,0x000000ce71e00000)]
  0x0000027b7d873040 JavaThread "Worker-ResourceReload-11" daemon [_thread_blocked, id=8512, stack(0x000000ce71e00000,0x000000ce71f00000)]
  0x0000027b7df64dc0 JavaThread "Worker-ResourceReload-14" daemon [_thread_blocked, id=19752, stack(0x000000ce72100000,0x000000ce72200000)]
  0x0000027b7d7785d0 JavaThread "FileSystemWatchService" daemon [_thread_in_native, id=8496, stack(0x000000ce72200000,0x000000ce72300000)]
  0x0000027b21f04df0 JavaThread "Thread-28" [_thread_blocked, id=18260, stack(0x000000ce72300000,0x000000ce72400000)]
  0x0000027b21f03ec0 JavaThread "ForkJoinPool.commonPool-worker-14" daemon [_thread_blocked, id=22632, stack(0x000000ce72600000,0x000000ce72700000)]
  0x0000027b7e9ec510 JavaThread "ForkJoinPool.commonPool-worker-15" daemon [_thread_blocked, id=4620, stack(0x000000ce72700000,0x000000ce72800000)]
  0x0000027b06f67ec0 JavaThread "Worker-Main3" daemon [_thread_blocked, id=19628, stack(0x000000ce72900000,0x000000ce72a00000)]
  0x0000027b21f039b0 JavaThread "Worker-Main4" daemon [_thread_blocked, id=21312, stack(0x000000ce72a00000,0x000000ce72b00000)]
  0x0000027b0b3cefa0 JavaThread "Worker-Main5" daemon [_thread_blocked, id=22284, stack(0x000000ce72b00000,0x000000ce72c00000)]
  0x0000027b0b3cf9c0 JavaThread "Worker-Main6" daemon [_thread_blocked, id=18744, stack(0x000000ce72c00000,0x000000ce72d00000)]
  0x0000027b21f02570 JavaThread "Worker-Main7" daemon [_thread_blocked, id=19704, stack(0x000000ce72d00000,0x000000ce72e00000)]
  0x0000027b06e8e2b0 JavaThread "Worker-Main9" daemon [_thread_blocked, id=856, stack(0x000000ce72f00000,0x000000ce73000000)]
  0x0000027b06f679b0 JavaThread "Worker-Main10" daemon [_thread_blocked, id=4560, stack(0x000000ce73000000,0x000000ce73100000)]
  0x0000027b1b5ad820 JavaThread "Worker-Main11" daemon [_thread_blocked, id=21292, stack(0x000000ce73100000,0x000000ce73200000)]
  0x0000027b0c3dc7b0 JavaThread "Worker-Main12" daemon [_thread_blocked, id=20416, stack(0x000000ce73200000,0x000000ce73300000)]
  0x0000027b0be007e0 JavaThread "Worker-Main13" daemon [_thread_blocked, id=9068, stack(0x000000ce73300000,0x000000ce73400000)]
  0x0000027b0c4a19b0 JavaThread "Worker-Main14" daemon [_thread_blocked, id=22952, stack(0x000000ce73400000,0x000000ce73500000)]
  0x0000027b08c17410 JavaThread "Worker-Main15" daemon [_thread_blocked, id=18316, stack(0x000000ce73500000,0x000000ce73600000)]
  0x0000027b0bdfdf60 JavaThread "Worker-Main16" daemon [_thread_blocked, id=21060, stack(0x000000ce73600000,0x000000ce73700000)]
  0x0000027b0ae90620 JavaThread "FileSystemWatchService" daemon [_thread_in_native, id=11616, stack(0x000000ce73700000,0x000000ce73800000)]
  0x0000027b06f66a80 JavaThread "FileSystemWatchService" daemon [_thread_in_native, id=8088, stack(0x000000ce73800000,0x000000ce73900000)]
  0x0000027b7df643a0 JavaThread "FileSystemWatchService" daemon [_thread_in_native, id=3496, stack(0x000000ce73900000,0x000000ce73a00000)]
  0x0000027b0b374f40 JavaThread "FileSystemWatchService" daemon [_thread_in_native, id=18392, stack(0x000000ce73a00000,0x000000ce73b00000)]
  0x0000027b0ae91040 JavaThread "FileSystemWatchService" daemon [_thread_in_native, id=14448, stack(0x000000ce73b00000,0x000000ce73c00000)]
  0x0000027b3812ad20 JavaThread "CullThread" daemon [_thread_blocked, id=20868, stack(0x000000ce73e00000,0x000000ce73f00000)]
  0x0000027b0c4a1ec0 JavaThread "WorldEdit Session Manager" [_thread_blocked, id=18148, stack(0x000000ce73c00000,0x000000ce73d00000)]
  0x0000027b05c90000 JavaThread "Thread-35" daemon [_thread_in_native, id=22848, stack(0x000000ce6a900000,0x000000ce6aa00000)]
  0x0000027b0c4a28e0 JavaThread "Thread-36" daemon [_thread_blocked, id=18288, stack(0x000000ce70800000,0x000000ce70900000)]
  0x0000027b0bdfe470 JavaThread "HttpClient-1-SelectorManager" daemon [_thread_in_native, id=25572, stack(0x000000ce71900000,0x000000ce71a00000)]
  0x0000027b0c4a14a0 JavaThread "ObjectCleanerThread" daemon [_thread_blocked, id=10588, stack(0x000000ce73f00000,0x000000ce74000000)]
  0x0000027b05c90510 JavaThread "spark-monitoring-thread" daemon [_thread_blocked, id=19688, stack(0x000000ce74200000,0x000000ce74300000)]
  0x0000027b08c19780 JavaThread "spark-worker-pool-1-thread-1" daemon [_thread_blocked, id=24524, stack(0x000000ce74300000,0x000000ce74400000)]
  0x0000027b0b375450 JavaThread "Thread-38" daemon [_thread_in_native, id=10744, stack(0x000000ce74400000,0x000000ce74500000)]
  0x0000027b0c4a3810 JavaThread "Thread-39" daemon [_thread_blocked, id=20812, stack(0x000000ce6aa00000,0x000000ce6ab00000)]
  0x0000027b07221050 JavaThread "pool-7-thread-1" [_thread_blocked, id=18528, stack(0x000000ce74d00000,0x000000ce74e00000)]
  0x0000027ba50502e0 JavaThread "Server thread" [_thread_blocked, id=24392, stack(0x000000ce6d900000,0x000000ce6da00000)]
  0x0000027b21f048e0 JavaThread "FileSystemWatchService" daemon [_thread_in_native, id=25044, stack(0x000000ce75500000,0x000000ce75600000)]
  0x0000027b4d667d40 JavaThread "HttpClient-2-SelectorManager" daemon [_thread_in_native, id=22588, stack(0x000000ce75600000,0x000000ce75700000)]
  0x0000027b9feda2a0 JavaThread "spark-worker-pool-2-thread-1" daemon [_thread_blocked, id=12760, stack(0x000000ce75700000,0x000000ce75800000)]
  0x0000027b4bee1f30 JavaThread "spark-java-sampler-0-0" [_thread_blocked, id=19228, stack(0x000000ce75800000,0x000000ce75900000)]
  0x0000027b06f69300 JavaThread "spark-java-sampler-0-1" [_thread_blocked, id=23292, stack(0x000000ce75900000,0x000000ce75a00000)]
  0x0000027b06f69810 JavaThread "spark-java-sampler-0-2" [_thread_blocked, id=19312, stack(0x000000ce75a00000,0x000000ce75b00000)]
  0x0000027ba50b5fc0 JavaThread "spark-java-sampler-0-3" [_thread_blocked, id=22700, stack(0x000000ce75b00000,0x000000ce75c00000)]
  0x0000027ba50b8840 JavaThread "spark-java-sampler-0-4" [_thread_blocked, id=23376, stack(0x000000ce75c00000,0x000000ce75d00000)]
  0x0000027b06f66060 JavaThread "spark-java-sampler-0-5" [_thread_blocked, id=15664, stack(0x000000ce75d00000,0x000000ce75e00000)]
  0x0000027b9feda7b0 JavaThread "Thread-49" daemon [_thread_in_native, id=9964, stack(0x000000ce6e100000,0x000000ce6e200000)]
  0x0000027b0b376380 JavaThread "Thread-50" daemon [_thread_in_native, id=24472, stack(0x000000ce6df00000,0x000000ce6e000000)]
  0x0000027b4d5c4780 JavaThread "Thread-52" daemon [_thread_in_native, id=7832, stack(0x000000ce6dd00000,0x000000ce6de00000)]
  0x0000027b7f767300 JavaThread "Thread-51" daemon [_thread_in_native, id=25488, stack(0x000000ce6dc00000,0x000000ce6dd00000)]
  0x0000027b0640ca80 JavaThread "Thread-53" daemon [_thread_in_native, id=4896, stack(0x000000ce6e200000,0x000000ce6e300000)]
  0x0000027b4d5c4c90 JavaThread "Thread-54" daemon [_thread_in_native, id=21644, stack(0x000000ce6de00000,0x000000ce6df00000)]
  0x0000027b4bee3880 JavaThread "Thread-55" daemon [_thread_in_native, id=22992, stack(0x000000ce6e300000,0x000000ce6e400000)]
  0x0000027b4d1854e0 JavaThread "Thread-56" daemon [_thread_in_native, id=2788, stack(0x000000ce6e000000,0x000000ce6e100000)]
  0x0000027b4d6659d0 JavaThread "ModernFix integrated server watchdog" daemon [_thread_blocked, id=17708, stack(0x000000ce6bd00000,0x000000ce6be00000)]
  0x0000027b4d666900 JavaThread "YSM Worker" daemon [_thread_blocked, id=17300, stack(0x000000ce70900000,0x000000ce70a00000)]
  0x0000027b08c1a6b0 JavaThread "Netty Server IO #0" daemon [_thread_in_native, id=3420, stack(0x000000ce75400000,0x000000ce75500000)]
  0x0000027b1adab4b0 JavaThread "Netty Local Client IO #0" daemon [_thread_blocked, id=22812, stack(0x000000ce75e00000,0x000000ce75f00000)]
  0x0000027b1adab9c0 JavaThread "Netty Server IO #1" daemon [_thread_in_native, id=21128, stack(0x000000ce75f00000,0x000000ce76000000)]
  0x0000027b384bd2e0 JavaThread "Flywheel 0" [_thread_blocked, id=20404, stack(0x000000ce68c00000,0x000000ce68d00000)]
  0x0000027b384bdd00 JavaThread "Flywheel 1" [_thread_blocked, id=23860, stack(0x000000ce76400000,0x000000ce76500000)]
  0x0000027b384bf140 JavaThread "Flywheel 2" [_thread_blocked, id=25056, stack(0x000000ce76500000,0x000000ce76600000)]
  0x0000027b384be210 JavaThread "Flywheel 3" [_thread_blocked, id=19496, stack(0x000000ce76600000,0x000000ce76700000)]
  0x0000027b384be720 JavaThread "Flywheel 4" [_thread_blocked, id=25120, stack(0x000000ce76700000,0x000000ce76800000)]
  0x0000027b384bb990 JavaThread "Flywheel 5" [_thread_blocked, id=19708, stack(0x000000ce76800000,0x000000ce76900000)]
  0x0000027b384bbea0 JavaThread "Flywheel 6" [_thread_blocked, id=18580, stack(0x000000ce76900000,0x000000ce76a00000)]
  0x0000027b7db4a8c0 JavaThread "Flywheel 7" [_thread_blocked, id=4580, stack(0x000000ce76a00000,0x000000ce76b00000)]
  0x0000027b7db4c210 JavaThread "Flywheel 8" [_thread_blocked, id=23168, stack(0x000000ce76b00000,0x000000ce76c00000)]
  0x0000027b7db4c720 JavaThread "Flywheel 9" [_thread_blocked, id=24712, stack(0x000000ce76c00000,0x000000ce76d00000)]
  0x0000027b08c1abc0 JavaThread "Telemetry-Sender-#1" [_thread_blocked, id=25360, stack(0x000000ce77800000,0x000000ce77900000)]
  0x0000027b4d187340 JavaThread "FileSystemWatchService" daemon [_thread_in_native, id=4980, stack(0x000000ce77a00000,0x000000ce77b00000)]
  0x0000027b4d1840a0 JavaThread "Config Lib config file watcher" daemon [_thread_blocked, id=16808, stack(0x000000ce77b00000,0x000000ce77c00000)]
  0x0000027b4d184fd0 JavaThread "MVStore background writer F:\Minecraft\CurseForge\Instances\AtlanAbyss\saves\新的世界\data\biomancy.spatial.db" daemon [_thread_blocked, id=9268, stack(0x000000ce76100000,0x000000ce76200000)]
  0x0000027b3caea840 JavaThread "H2-serialization" daemon [_thread_blocked, id=24000, stack(0x000000ce76200000,0x000000ce76300000)]
  0x0000027be1e029d0 JavaThread "H2-save" daemon [_thread_blocked, id=22788, stack(0x000000ce77700000,0x000000ce77800000)]
  0x0000027c0b24f030 JavaThread "pool-10-thread-1" [_thread_blocked, id=8476, stack(0x000000ce6ab00000,0x000000ce6ac00000)]
  0x0000027c0feecf90 JavaThread "IO-Worker-21" daemon [_thread_blocked, id=24532, stack(0x000000ce6c000000,0x000000ce6c100000)]
  0x0000027c0b644e90 JavaThread "Worker-ResourceReload-15" daemon [_thread_blocked, id=24400, stack(0x000000ce70700000,0x000000ce70800000)]
  0x0000027ba50b6ef0 JavaThread "Worker-ResourceReload-16" daemon [_thread_blocked, id=9288, stack(0x000000ce71a00000,0x000000ce71b00000)]
  0x0000027ba99f9a80 JavaThread "Worker-ResourceReload-18" daemon [_thread_blocked, id=24348, stack(0x000000ce72000000,0x000000ce72100000)]
  0x0000027b3cae8ef0 JavaThread "Worker-ResourceReload-19" daemon [_thread_blocked, id=11544, stack(0x000000ce72e00000,0x000000ce72f00000)]
  0x0000027b3b185aa0 JavaThread "Worker-Main24" daemon [_thread_blocked, id=18292, stack(0x000000ce68a00000,0x000000ce68b00000)]
  0x0000027be1e02ee0 JavaThread "Sound engine" daemon [_thread_blocked, id=23736, stack(0x000000ce6bf00000,0x000000ce6c000000)]
  0x0000027b0c3dc2a0 JavaThread "Chunk Render Task Executor #0" [_thread_blocked, id=2936, stack(0x000000ce70500000,0x000000ce70600000)]
  0x0000027be83f93f0 JavaThread "Chunk Render Task Executor #1" [_thread_blocked, id=24292, stack(0x000000ce73d00000,0x000000ce73e00000)]
  0x0000027c0feeb130 JavaThread "Chunk Render Task Executor #2" [_thread_blocked, id=21168, stack(0x000000ce75200000,0x000000ce75300000)]
  0x0000027c0feebb50 JavaThread "Chunk Render Task Executor #3" [_thread_blocked, id=24380, stack(0x000000ce75300000,0x000000ce75400000)]
  0x0000027c0feec570 JavaThread "Chunk Render Task Executor #4" [_thread_blocked, id=19556, stack(0x000000ce76000000,0x000000ce76100000)]
  0x0000027c0feeca80 JavaThread "Chunk Render Task Executor #5" [_thread_blocked, id=24860, stack(0x000000ce76300000,0x000000ce76400000)]
  0x0000027c0feed9b0 JavaThread "Chunk Render Task Executor #6" [_thread_blocked, id=15304, stack(0x000000ce76d00000,0x000000ce76e00000)]
  0x0000027c0feed4a0 JavaThread "Chunk Render Task Executor #7" [_thread_blocked, id=22048, stack(0x000000ce76e00000,0x000000ce76f00000)]
  0x0000027b0c3db880 JavaThread "Chunk Render Task Executor #8" [_thread_blocked, id=22396, stack(0x000000ce76f00000,0x000000ce77000000)]
  0x0000027b4d1845b0 JavaThread "Chunk Render Task Executor #9" [_thread_blocked, id=11856, stack(0x000000ce77000000,0x000000ce77100000)]
  0x0000027c0b6467e0 JavaThread "IO-Worker-25" daemon [_thread_blocked, id=12536, stack(0x000000ce68b00000,0x000000ce68c00000)]
  0x0000027b06e8b880 JavaThread "ForkJoinPool.commonPool-worker-16" daemon [_thread_blocked, id=17496, stack(0x000000ce6c800000,0x000000ce6c900000)]
  0x0000027c0b644980 JavaThread "IO-Worker-26" daemon [_thread_blocked, id=12976, stack(0x000000ce6ae00000,0x000000ce6af00000)]
  0x0000027c12021c00 JavaThread "C2 CompilerThread1" daemon [_thread_blocked, id=11952, stack(0x000000ce6c600000,0x000000ce6c700000)]

Other Threads:
  0x0000027b7c3ea010 VMThread "VM Thread" [stack: 0x000000ce69300000,0x000000ce69400000] [id=17768]
  0x0000027b7c7db240 WatcherThread [stack: 0x000000ce6a200000,0x000000ce6a300000] [id=20992]
  0x0000027b793919b0 GCTaskThread "GC Thread#0" [stack: 0x000000ce68e00000,0x000000ce68f00000] [id=19100]
  0x0000027b7cb3cdc0 GCTaskThread "GC Thread#1" [stack: 0x000000ce6a400000,0x000000ce6a500000] [id=22864]
  0x0000027b7cd20090 GCTaskThread "GC Thread#2" [stack: 0x000000ce6a500000,0x000000ce6a600000] [id=22896]
  0x0000027b7cd20350 GCTaskThread "GC Thread#3" [stack: 0x000000ce6a600000,0x000000ce6a700000] [id=18760]
  0x0000027b7cd20610 GCTaskThread "GC Thread#4" [stack: 0x000000ce6a700000,0x000000ce6a800000] [id=11580]
  0x0000027b7cd75140 GCTaskThread "GC Thread#5" [stack: 0x000000ce6a800000,0x000000ce6a900000] [id=19052]
  0x0000027b7daed180 GCTaskThread "GC Thread#6" [stack: 0x000000ce6af00000,0x000000ce6b000000] [id=18428]
  0x0000027b7daeb600 GCTaskThread "GC Thread#7" [stack: 0x000000ce6b100000,0x000000ce6b200000] [id=10696]
  0x0000027b7daec100 GCTaskThread "GC Thread#8" [stack: 0x000000ce6b200000,0x000000ce6b300000] [id=21696]
  0x0000027b7daec3c0 GCTaskThread "GC Thread#9" [stack: 0x000000ce6b300000,0x000000ce6b400000] [id=19592]
  0x0000027b7daec680 GCTaskThread "GC Thread#10" [stack: 0x000000ce6b400000,0x000000ce6b500000] [id=18164]
  0x0000027b7daecc00 GCTaskThread "GC Thread#11" [stack: 0x000000ce6b000000,0x000000ce6b100000] [id=23712]
  0x0000027b7daecec0 GCTaskThread "GC Thread#12" [stack: 0x000000ce6b900000,0x000000ce6ba00000] [id=25476]
  0x0000027b5339d210 ConcurrentGCThread "G1 Main Marker" [stack: 0x000000ce68f00000,0x000000ce69000000] [id=5932]
  0x0000027b5339da40 ConcurrentGCThread "G1 Conc#0" [stack: 0x000000ce69000000,0x000000ce69100000] [id=10928]
  0x0000027b7daebb80 ConcurrentGCThread "G1 Conc#1" [stack: 0x000000ce6b500000,0x000000ce6b600000] [id=17532]
  0x0000027b7daeb8c0 ConcurrentGCThread "G1 Conc#2" [stack: 0x000000ce6b600000,0x000000ce6b700000] [id=23208]
  0x0000027b79415a10 ConcurrentGCThread "G1 Refine#0" [stack: 0x000000ce69100000,0x000000ce69200000] [id=23060]
  0x0000027b0472b1d0 ConcurrentGCThread "G1 Refine#1" [stack: 0x000000ce6bb00000,0x000000ce6bc00000] [id=24832]
  0x0000027b7fba9560 ConcurrentGCThread "G1 Refine#2" [stack: 0x000000ce6bc00000,0x000000ce6bd00000] [id=19800]
  0x0000027b1b067d30 ConcurrentGCThread "G1 Refine#3" [stack: 0x000000ce6d600000,0x000000ce6d700000] [id=22872]
  0x0000027b1b067460 ConcurrentGCThread "G1 Refine#4" [stack: 0x000000ce6d700000,0x000000ce6d800000] [id=22460]
  0x0000027b3d286360 ConcurrentGCThread "G1 Refine#5" [stack: 0x000000ce6fa00000,0x000000ce6fb00000] [id=7300]
  0x0000027b7d4da810 ConcurrentGCThread "G1 Refine#6" [stack: 0x000000ce71100000,0x000000ce71200000] [id=4892]
  0x0000027b21dfabb0 ConcurrentGCThread "G1 Refine#7" [stack: 0x000000ce71800000,0x000000ce71900000] [id=25440]
  0x0000027b7c928930 ConcurrentGCThread "G1 Refine#8" [stack: 0x000000ce72400000,0x000000ce72500000] [id=4644]
  0x0000027b3d286940 ConcurrentGCThread "G1 Refine#9" [stack: 0x000000ce6c200000,0x000000ce6c300000] [id=24112]
  0x0000027b33074940 ConcurrentGCThread "G1 Refine#10" [stack: 0x000000ce72500000,0x000000ce72600000] [id=23300]
  0x0000027b1b7810b0 ConcurrentGCThread "G1 Refine#11" [stack: 0x000000ce74f00000,0x000000ce75000000] [id=25024]
  0x0000027b1b065fd0 ConcurrentGCThread "G1 Refine#12" [stack: 0x000000ce74e00000,0x000000ce74f00000] [id=22320]
  0x0000027b533be830 ConcurrentGCThread "G1 Service" [stack: 0x000000ce69200000,0x000000ce69300000] [id=16476]

Threads with active compile tasks:

VM state: not at safepoint (normal execution)

VM Mutex/Monitor currently owned by a thread: None

Heap address: 0x0000000600000000, size: 8192 MB, Compressed Oops mode: Zero based, Oop shift amount: 3

CDS archive(s) not mapped
Compressed class space mapped at: 0x0000000800000000-0x0000000840000000, reserved size: 1073741824
Narrow klass base: 0x0000000800000000, Narrow klass shift: 0, Narrow klass range: 0x40000000

GC Precious Log:
 CPUs: 16 total, 16 available
 Memory: 32699M
 Large Page Support: Disabled
 NUMA Support: Disabled
 Compressed Oops: Enabled (Zero based)
 Heap Region Size: 4M
 Heap Min Capacity: 256M
 Heap Initial Capacity: 256M
 Heap Max Capacity: 8G
 Pre-touch: Disabled
 Parallel Workers: 13
 Concurrent Workers: 3
 Concurrent Refinement Workers: 13
 Periodic GC: Disabled

Heap:
 garbage-first heap   total 6774784K, used 5872696K [0x0000000600000000, 0x0000000800000000)
  region size 4096K, 91 young (372736K), 2 survivors (8192K)
 Metaspace       used 374124K, committed 377664K, reserved 1376256K
  class space    used 61350K, committed 62976K, reserved 1048576K

Heap Regions: E=young(eden), S=young(survivor), O=old, HS=humongous(starts), HC=humongous(continues), CS=collection set, F=free, OA=open archive, CA=closed archive, TAMS=top-at-mark-start (previous, next)
|   0|0x0000000600000000, 0x0000000600400000, 0x0000000600400000|100%| O|  |TAMS 0x0000000600400000, 0x0000000600000000| Untracked 
|   1|0x0000000600400000, 0x0000000600800000, 0x0000000600800000|100%| O|  |TAMS 0x0000000600800000, 0x0000000600400000| Untracked 
|   2|0x0000000600800000, 0x0000000600c00000, 0x0000000600c00000|100%| O|  |TAMS 0x0000000600c00000, 0x0000000600800000| Untracked 
|   3|0x0000000600c00000, 0x0000000601000000, 0x0000000601000000|100%|HS|  |TAMS 0x0000000601000000, 0x0000000600c00000| Complete 
|   4|0x0000000601000000, 0x0000000601400000, 0x0000000601400000|100%|HS|  |TAMS 0x0000000601400000, 0x0000000601000000| Complete 
|   5|0x0000000601400000, 0x0000000601800000, 0x0000000601800000|100%|HC|  |TAMS 0x0000000601800000, 0x0000000601400000| Complete 
|   6|0x0000000601800000, 0x0000000601c00000, 0x0000000601c00000|100%| O|  |TAMS 0x0000000601c00000, 0x0000000601800000| Untracked 
|   7|0x0000000601c00000, 0x0000000602000000, 0x0000000602000000|100%| O|  |TAMS 0x0000000602000000, 0x0000000601c00000| Untracked 
|   8|0x0000000602000000, 0x0000000602400000, 0x0000000602400000|100%| O|  |TAMS 0x0000000602400000, 0x0000000602000000| Untracked 
|   9|0x0000000602400000, 0x0000000602800000, 0x0000000602800000|100%| O|  |TAMS 0x0000000602800000, 0x0000000602400000| Untracked 
|  10|0x0000000602800000, 0x0000000602c00000, 0x0000000602c00000|100%| O|  |TAMS 0x0000000602c00000, 0x0000000602800000| Untracked 
|  11|0x0000000602c00000, 0x0000000603000000, 0x0000000603000000|100%| O|  |TAMS 0x0000000603000000, 0x0000000602c00000| Untracked 
|  12|0x0000000603000000, 0x0000000603400000, 0x0000000603400000|100%|HS|  |TAMS 0x0000000603400000, 0x0000000603000000| Complete 
|  13|0x0000000603400000, 0x0000000603800000, 0x0000000603800000|100%| O|  |TAMS 0x0000000603800000, 0x0000000603400000| Untracked 
|  14|0x0000000603800000, 0x0000000603c00000, 0x0000000603c00000|100%| O|  |TAMS 0x0000000603c00000, 0x0000000603800000| Untracked 
|  15|0x0000000603c00000, 0x0000000604000000, 0x0000000604000000|100%| O|  |TAMS 0x0000000604000000, 0x0000000603c00000| Untracked 
|  16|0x0000000604000000, 0x0000000604400000, 0x0000000604400000|100%| O|  |TAMS 0x0000000604400000, 0x0000000604000000| Untracked 
|  17|0x0000000604400000, 0x0000000604800000, 0x0000000604800000|100%| O|  |TAMS 0x0000000604800000, 0x0000000604400000| Untracked 
|  18|0x0000000604800000, 0x0000000604c00000, 0x0000000604c00000|100%| O|  |TAMS 0x0000000604c00000, 0x0000000604800000| Untracked 
|  19|0x0000000604c00000, 0x0000000605000000, 0x0000000605000000|100%| O|  |TAMS 0x0000000605000000, 0x0000000604c00000| Untracked 
|  20|0x0000000605000000, 0x0000000605400000, 0x0000000605400000|100%| O|  |TAMS 0x0000000605400000, 0x0000000605000000| Untracked 
|  21|0x0000000605400000, 0x0000000605800000, 0x0000000605800000|100%|HS|  |TAMS 0x0000000605800000, 0x0000000605400000| Complete 
|  22|0x0000000605800000, 0x0000000605c00000, 0x0000000605c00000|100%|HS|  |TAMS 0x0000000605c00000, 0x0000000605800000| Complete 
|  23|0x0000000605c00000, 0x0000000606000000, 0x0000000606000000|100%| O|  |TAMS 0x0000000606000000, 0x0000000605c00000| Untracked 
|  24|0x0000000606000000, 0x0000000606400000, 0x0000000606400000|100%| O|  |TAMS 0x0000000606400000, 0x0000000606000000| Untracked 
|  25|0x0000000606400000, 0x0000000606800000, 0x0000000606800000|100%| O|  |TAMS 0x0000000606800000, 0x0000000606400000| Untracked 
|  26|0x0000000606800000, 0x0000000606c00000, 0x0000000606c00000|100%| O|  |TAMS 0x0000000606c00000, 0x0000000606800000| Untracked 
|  27|0x0000000606c00000, 0x0000000607000000, 0x0000000607000000|100%| O|  |TAMS 0x0000000607000000, 0x0000000606c00000| Untracked 
|  28|0x0000000607000000, 0x0000000607400000, 0x0000000607400000|100%| O|  |TAMS 0x0000000607400000, 0x0000000607000000| Untracked 
|  29|0x0000000607400000, 0x0000000607800000, 0x0000000607800000|100%| O|  |TAMS 0x0000000607800000, 0x0000000607400000| Untracked 
|  30|0x0000000607800000, 0x0000000607c00000, 0x0000000607c00000|100%| O|  |TAMS 0x0000000607c00000, 0x0000000607800000| Untracked 
|  31|0x0000000607c00000, 0x0000000608000000, 0x0000000608000000|100%| O|  |TAMS 0x0000000608000000, 0x0000000607c00000| Untracked 
|  32|0x0000000608000000, 0x0000000608400000, 0x0000000608400000|100%| O|  |TAMS 0x0000000608400000, 0x0000000608000000| Untracked 
|  33|0x0000000608400000, 0x0000000608800000, 0x0000000608800000|100%| O|  |TAMS 0x0000000608800000, 0x0000000608400000| Untracked 
|  34|0x0000000608800000, 0x0000000608c00000, 0x0000000608c00000|100%| O|  |TAMS 0x0000000608c00000, 0x0000000608800000| Untracked 
|  35|0x0000000608c00000, 0x0000000609000000, 0x0000000609000000|100%| O|  |TAMS 0x0000000609000000, 0x0000000608c00000| Untracked 
|  36|0x0000000609000000, 0x0000000609400000, 0x0000000609400000|100%| O|  |TAMS 0x0000000609400000, 0x0000000609000000| Untracked 
|  37|0x0000000609400000, 0x0000000609800000, 0x0000000609800000|100%| O|  |TAMS 0x0000000609800000, 0x0000000609400000| Untracked 
|  38|0x0000000609800000, 0x0000000609c00000, 0x0000000609c00000|100%| O|  |TAMS 0x0000000609c00000, 0x0000000609800000| Untracked 
|  39|0x0000000609c00000, 0x000000060a000000, 0x000000060a000000|100%| O|  |TAMS 0x000000060a000000, 0x0000000609c00000| Untracked 
|  40|0x000000060a000000, 0x000000060a400000, 0x000000060a400000|100%| O|  |TAMS 0x000000060a400000, 0x000000060a000000| Untracked 
|  41|0x000000060a400000, 0x000000060a800000, 0x000000060a800000|100%| O|  |TAMS 0x000000060a800000, 0x000000060a400000| Untracked 
|  42|0x000000060a800000, 0x000000060ac00000, 0x000000060ac00000|100%| O|  |TAMS 0x000000060ac00000, 0x000000060a800000| Untracked 
|  43|0x000000060ac00000, 0x000000060b000000, 0x000000060b000000|100%| O|  |TAMS 0x000000060b000000, 0x000000060ac00000| Untracked 
|  44|0x000000060b000000, 0x000000060b400000, 0x000000060b400000|100%| O|  |TAMS 0x000000060b400000, 0x000000060b000000| Untracked 
|  45|0x000000060b400000, 0x000000060b800000, 0x000000060b800000|100%| O|  |TAMS 0x000000060b800000, 0x000000060b400000| Untracked 
|  46|0x000000060b800000, 0x000000060bc00000, 0x000000060bc00000|100%| O|  |TAMS 0x000000060bc00000, 0x000000060b800000| Untracked 
|  47|0x000000060bc00000, 0x000000060c000000, 0x000000060c000000|100%| O|  |TAMS 0x000000060c000000, 0x000000060bc00000| Untracked 
|  48|0x000000060c000000, 0x000000060c400000, 0x000000060c400000|100%| O|  |TAMS 0x000000060c400000, 0x000000060c000000| Untracked 
|  49|0x000000060c400000, 0x000000060c800000, 0x000000060c800000|100%| O|  |TAMS 0x000000060c800000, 0x000000060c400000| Untracked 
|  50|0x000000060c800000, 0x000000060cc00000, 0x000000060cc00000|100%| O|  |TAMS 0x000000060cc00000, 0x000000060c800000| Untracked 
|  51|0x000000060cc00000, 0x000000060d000000, 0x000000060d000000|100%| O|  |TAMS 0x000000060d000000, 0x000000060cc00000| Untracked 
|  52|0x000000060d000000, 0x000000060d400000, 0x000000060d400000|100%| O|  |TAMS 0x000000060d400000, 0x000000060d000000| Untracked 
|  53|0x000000060d400000, 0x000000060d800000, 0x000000060d800000|100%| O|  |TAMS 0x000000060d800000, 0x000000060d400000| Untracked 
|  54|0x000000060d800000, 0x000000060dc00000, 0x000000060dc00000|100%| O|  |TAMS 0x000000060dc00000, 0x000000060d800000| Untracked 
|  55|0x000000060dc00000, 0x000000060e000000, 0x000000060e000000|100%| O|  |TAMS 0x000000060e000000, 0x000000060dc00000| Untracked 
|  56|0x000000060e000000, 0x000000060e400000, 0x000000060e400000|100%| O|  |TAMS 0x000000060e400000, 0x000000060e000000| Untracked 
|  57|0x000000060e400000, 0x000000060e800000, 0x000000060e800000|100%| O|  |TAMS 0x000000060e800000, 0x000000060e400000| Untracked 
|  58|0x000000060e800000, 0x000000060ec00000, 0x000000060ec00000|100%| O|  |TAMS 0x000000060ec00000, 0x000000060e800000| Untracked 
|  59|0x000000060ec00000, 0x000000060f000000, 0x000000060f000000|100%| O|  |TAMS 0x000000060f000000, 0x000000060ec00000| Untracked 
|  60|0x000000060f000000, 0x000000060f400000, 0x000000060f400000|100%| O|  |TAMS 0x000000060f400000, 0x000000060f000000| Untracked 
|  61|0x000000060f400000, 0x000000060f800000, 0x000000060f800000|100%| O|  |TAMS 0x000000060f800000, 0x000000060f400000| Untracked 
|  62|0x000000060f800000, 0x000000060fc00000, 0x000000060fc00000|100%| O|  |TAMS 0x000000060fc00000, 0x000000060f800000| Untracked 
|  63|0x000000060fc00000, 0x0000000610000000, 0x0000000610000000|100%| O|  |TAMS 0x0000000610000000, 0x000000060fc00000| Untracked 
|  64|0x0000000610000000, 0x0000000610400000, 0x0000000610400000|100%| O|  |TAMS 0x0000000610400000, 0x0000000610000000| Untracked 
|  65|0x0000000610400000, 0x0000000610800000, 0x0000000610800000|100%| O|  |TAMS 0x0000000610800000, 0x0000000610400000| Untracked 
|  66|0x0000000610800000, 0x0000000610c00000, 0x0000000610c00000|100%| O|  |TAMS 0x0000000610c00000, 0x0000000610800000| Untracked 
|  67|0x0000000610c00000, 0x0000000611000000, 0x0000000611000000|100%| O|  |TAMS 0x0000000611000000, 0x0000000610c00000| Untracked 
|  68|0x0000000611000000, 0x0000000611400000, 0x0000000611400000|100%| O|  |TAMS 0x0000000611400000, 0x0000000611000000| Untracked 
|  69|0x0000000611400000, 0x0000000611800000, 0x0000000611800000|100%| O|  |TAMS 0x0000000611800000, 0x0000000611400000| Untracked 
|  70|0x0000000611800000, 0x0000000611c00000, 0x0000000611c00000|100%| O|  |TAMS 0x0000000611c00000, 0x0000000611800000| Untracked 
|  71|0x0000000611c00000, 0x0000000612000000, 0x0000000612000000|100%| O|  |TAMS 0x0000000612000000, 0x0000000611c00000| Untracked 
|  72|0x0000000612000000, 0x0000000612400000, 0x0000000612400000|100%| O|  |TAMS 0x0000000612400000, 0x0000000612000000| Untracked 
|  73|0x0000000612400000, 0x0000000612800000, 0x0000000612800000|100%| O|  |TAMS 0x0000000612800000, 0x0000000612400000| Untracked 
|  74|0x0000000612800000, 0x0000000612c00000, 0x0000000612c00000|100%| O|  |TAMS 0x0000000612c00000, 0x0000000612800000| Untracked 
|  75|0x0000000612c00000, 0x0000000613000000, 0x0000000613000000|100%| O|  |TAMS 0x0000000613000000, 0x0000000612c00000| Untracked 
|  76|0x0000000613000000, 0x0000000613400000, 0x0000000613400000|100%| O|  |TAMS 0x0000000613400000, 0x0000000613000000| Untracked 
|  77|0x0000000613400000, 0x0000000613800000, 0x0000000613800000|100%| O|  |TAMS 0x0000000613400000, 0x0000000613400000| Untracked 
|  78|0x0000000613800000, 0x0000000613c00000, 0x0000000613c00000|100%| O|  |TAMS 0x0000000613800000, 0x0000000613800000| Untracked 
|  79|0x0000000613c00000, 0x0000000614000000, 0x0000000614000000|100%| O|  |TAMS 0x0000000614000000, 0x0000000613c00000| Untracked 
|  80|0x0000000614000000, 0x0000000614400000, 0x0000000614400000|100%| O|  |TAMS 0x0000000614400000, 0x0000000614000000| Untracked 
|  81|0x0000000614400000, 0x0000000614800000, 0x0000000614800000|100%| O|  |TAMS 0x0000000614800000, 0x0000000614400000| Untracked 
|  82|0x0000000614800000, 0x0000000614c00000, 0x0000000614c00000|100%| O|  |TAMS 0x0000000614c00000, 0x0000000614800000| Untracked 
|  83|0x0000000614c00000, 0x0000000615000000, 0x0000000615000000|100%| O|  |TAMS 0x0000000615000000, 0x0000000614c00000| Untracked 
|  84|0x0000000615000000, 0x0000000615400000, 0x0000000615400000|100%| O|  |TAMS 0x0000000615400000, 0x0000000615000000| Untracked 
|  85|0x0000000615400000, 0x0000000615800000, 0x0000000615800000|100%| O|  |TAMS 0x0000000615800000, 0x0000000615400000| Untracked 
|  86|0x0000000615800000, 0x0000000615c00000, 0x0000000615c00000|100%| O|  |TAMS 0x0000000615c00000, 0x0000000615800000| Untracked 
|  87|0x0000000615c00000, 0x0000000616000000, 0x0000000616000000|100%| O|  |TAMS 0x0000000616000000, 0x0000000615c00000| Untracked 
|  88|0x0000000616000000, 0x0000000616400000, 0x0000000616400000|100%| O|  |TAMS 0x0000000616000000, 0x0000000616000000| Untracked 
|  89|0x0000000616400000, 0x0000000616800000, 0x0000000616800000|100%| O|  |TAMS 0x0000000616400000, 0x0000000616400000| Untracked 
|  90|0x0000000616800000, 0x0000000616c00000, 0x0000000616c00000|100%| O|  |TAMS 0x0000000616c00000, 0x0000000616800000| Untracked 
|  91|0x0000000616c00000, 0x0000000617000000, 0x0000000617000000|100%| O|  |TAMS 0x0000000617000000, 0x0000000616c00000| Untracked 
|  92|0x0000000617000000, 0x0000000617400000, 0x0000000617400000|100%| O|  |TAMS 0x0000000617400000, 0x0000000617000000| Untracked 
|  93|0x0000000617400000, 0x0000000617800000, 0x0000000617800000|100%| O|  |TAMS 0x0000000617800000, 0x0000000617400000| Untracked 
|  94|0x0000000617800000, 0x0000000617c00000, 0x0000000617c00000|100%| O|  |TAMS 0x0000000617800000, 0x0000000617800000| Untracked 
|  95|0x0000000617c00000, 0x0000000618000000, 0x0000000618000000|100%| O|  |TAMS 0x0000000617c00000, 0x0000000617c00000| Untracked 
|  96|0x0000000618000000, 0x0000000618400000, 0x0000000618400000|100%| O|  |TAMS 0x0000000618000000, 0x0000000618000000| Untracked 
|  97|0x0000000618400000, 0x0000000618800000, 0x0000000618800000|100%| O|  |TAMS 0x0000000618800000, 0x0000000618400000| Untracked 
|  98|0x0000000618800000, 0x0000000618c00000, 0x0000000618c00000|100%| O|  |TAMS 0x0000000618800000, 0x0000000618800000| Untracked 
|  99|0x0000000618c00000, 0x0000000619000000, 0x0000000619000000|100%| O|  |TAMS 0x0000000619000000, 0x0000000618c00000| Untracked 
| 100|0x0000000619000000, 0x0000000619400000, 0x0000000619400000|100%| O|  |TAMS 0x0000000619400000, 0x0000000619000000| Untracked 
| 101|0x0000000619400000, 0x0000000619800000, 0x0000000619800000|100%| O|  |TAMS 0x0000000619400000, 0x0000000619400000| Untracked 
| 102|0x0000000619800000, 0x0000000619c00000, 0x0000000619c00000|100%| O|  |TAMS 0x0000000619800000, 0x0000000619800000| Untracked 
| 103|0x0000000619c00000, 0x000000061a000000, 0x000000061a000000|100%| O|  |TAMS 0x0000000619c00000, 0x0000000619c00000| Untracked 
| 104|0x000000061a000000, 0x000000061a400000, 0x000000061a400000|100%| O|  |TAMS 0x000000061a400000, 0x000000061a000000| Untracked 
| 105|0x000000061a400000, 0x000000061a800000, 0x000000061a800000|100%| O|  |TAMS 0x000000061a800000, 0x000000061a400000| Untracked 
| 106|0x000000061a800000, 0x000000061ac00000, 0x000000061ac00000|100%| O|  |TAMS 0x000000061ac00000, 0x000000061a800000| Untracked 
| 107|0x000000061ac00000, 0x000000061b000000, 0x000000061b000000|100%| O|  |TAMS 0x000000061b000000, 0x000000061ac00000| Untracked 
| 108|0x000000061b000000, 0x000000061b400000, 0x000000061b400000|100%| O|  |TAMS 0x000000061b400000, 0x000000061b000000| Untracked 
| 109|0x000000061b400000, 0x000000061b800000, 0x000000061b800000|100%| O|  |TAMS 0x000000061b800000, 0x000000061b400000| Untracked 
| 110|0x000000061b800000, 0x000000061bc00000, 0x000000061bc00000|100%| O|  |TAMS 0x000000061bc00000, 0x000000061b800000| Untracked 
| 111|0x000000061bc00000, 0x000000061c000000, 0x000000061c000000|100%| O|  |TAMS 0x000000061c000000, 0x000000061bc00000| Untracked 
| 112|0x000000061c000000, 0x000000061c400000, 0x000000061c400000|100%| O|  |TAMS 0x000000061c400000, 0x000000061c000000| Untracked 
| 113|0x000000061c400000, 0x000000061c800000, 0x000000061c800000|100%| O|  |TAMS 0x000000061c800000, 0x000000061c400000| Untracked 
| 114|0x000000061c800000, 0x000000061cc00000, 0x000000061cc00000|100%| O|  |TAMS 0x000000061cc00000, 0x000000061c800000| Untracked 
| 115|0x000000061cc00000, 0x000000061d000000, 0x000000061d000000|100%| O|  |TAMS 0x000000061d000000, 0x000000061cc00000| Untracked 
| 116|0x000000061d000000, 0x000000061d400000, 0x000000061d400000|100%| O|  |TAMS 0x000000061d400000, 0x000000061d000000| Untracked 
| 117|0x000000061d400000, 0x000000061d800000, 0x000000061d800000|100%| O|  |TAMS 0x000000061d800000, 0x000000061d400000| Untracked 
| 118|0x000000061d800000, 0x000000061dc00000, 0x000000061dc00000|100%|HS|  |TAMS 0x000000061dc00000, 0x000000061d800000| Complete 
| 119|0x000000061dc00000, 0x000000061e000000, 0x000000061e000000|100%|HC|  |TAMS 0x000000061e000000, 0x000000061dc00000| Complete 
| 120|0x000000061e000000, 0x000000061e400000, 0x000000061e400000|100%| O|  |TAMS 0x000000061e400000, 0x000000061e000000| Untracked 
| 121|0x000000061e400000, 0x000000061e800000, 0x000000061e800000|100%| O|  |TAMS 0x000000061e800000, 0x000000061e400000| Untracked 
| 122|0x000000061e800000, 0x000000061ec00000, 0x000000061ec00000|100%| O|  |TAMS 0x000000061ec00000, 0x000000061e800000| Untracked 
| 123|0x000000061ec00000, 0x000000061f000000, 0x000000061f000000|100%| O|  |TAMS 0x000000061f000000, 0x000000061ec00000| Untracked 
| 124|0x000000061f000000, 0x000000061f400000, 0x000000061f400000|100%| O|  |TAMS 0x000000061f400000, 0x000000061f000000| Untracked 
| 125|0x000000061f400000, 0x000000061f800000, 0x000000061f800000|100%| O|  |TAMS 0x000000061f800000, 0x000000061f400000| Untracked 
| 126|0x000000061f800000, 0x000000061fc00000, 0x000000061fc00000|100%| O|  |TAMS 0x000000061fc00000, 0x000000061f800000| Untracked 
| 127|0x000000061fc00000, 0x0000000620000000, 0x0000000620000000|100%| O|  |TAMS 0x0000000620000000, 0x000000061fc00000| Untracked 
| 128|0x0000000620000000, 0x0000000620400000, 0x0000000620400000|100%| O|  |TAMS 0x0000000620400000, 0x0000000620000000| Untracked 
| 129|0x0000000620400000, 0x0000000620800000, 0x0000000620800000|100%| O|  |TAMS 0x0000000620800000, 0x0000000620400000| Untracked 
| 130|0x0000000620800000, 0x0000000620c00000, 0x0000000620c00000|100%| O|  |TAMS 0x0000000620c00000, 0x0000000620800000| Untracked 
| 131|0x0000000620c00000, 0x0000000621000000, 0x0000000621000000|100%| O|  |TAMS 0x0000000621000000, 0x0000000620c00000| Untracked 
| 132|0x0000000621000000, 0x0000000621400000, 0x0000000621400000|100%| O|  |TAMS 0x0000000621400000, 0x0000000621000000| Untracked 
| 133|0x0000000621400000, 0x0000000621800000, 0x0000000621800000|100%| O|  |TAMS 0x0000000621800000, 0x0000000621400000| Untracked 
| 134|0x0000000621800000, 0x0000000621c00000, 0x0000000621c00000|100%| O|  |TAMS 0x0000000621c00000, 0x0000000621800000| Untracked 
| 135|0x0000000621c00000, 0x0000000622000000, 0x0000000622000000|100%| O|  |TAMS 0x0000000622000000, 0x0000000621c00000| Untracked 
| 136|0x0000000622000000, 0x0000000622400000, 0x0000000622400000|100%| O|  |TAMS 0x0000000622400000, 0x0000000622000000| Untracked 
| 137|0x0000000622400000, 0x0000000622800000, 0x0000000622800000|100%| O|  |TAMS 0x0000000622800000, 0x0000000622400000| Untracked 
| 138|0x0000000622800000, 0x0000000622c00000, 0x0000000622c00000|100%| O|  |TAMS 0x0000000622c00000, 0x0000000622800000| Untracked 
| 139|0x0000000622c00000, 0x0000000623000000, 0x0000000623000000|100%| O|  |TAMS 0x0000000623000000, 0x0000000622c00000| Untracked 
| 140|0x0000000623000000, 0x0000000623400000, 0x0000000623400000|100%| O|  |TAMS 0x0000000623400000, 0x0000000623000000| Untracked 
| 141|0x0000000623400000, 0x0000000623800000, 0x0000000623800000|100%| O|  |TAMS 0x0000000623800000, 0x0000000623400000| Untracked 
| 142|0x0000000623800000, 0x0000000623c00000, 0x0000000623c00000|100%| O|  |TAMS 0x0000000623c00000, 0x0000000623800000| Untracked 
| 143|0x0000000623c00000, 0x0000000624000000, 0x0000000624000000|100%| O|  |TAMS 0x0000000624000000, 0x0000000623c00000| Untracked 
| 144|0x0000000624000000, 0x0000000624400000, 0x0000000624400000|100%| O|  |TAMS 0x0000000624400000, 0x0000000624000000| Untracked 
| 145|0x0000000624400000, 0x0000000624800000, 0x0000000624800000|100%| O|  |TAMS 0x0000000624800000, 0x0000000624400000| Untracked 
| 146|0x0000000624800000, 0x0000000624c00000, 0x0000000624c00000|100%| O|  |TAMS 0x0000000624c00000, 0x0000000624800000| Untracked 
| 147|0x0000000624c00000, 0x0000000625000000, 0x0000000625000000|100%| O|  |TAMS 0x0000000625000000, 0x0000000624c00000| Untracked 
| 148|0x0000000625000000, 0x0000000625400000, 0x0000000625400000|100%| O|  |TAMS 0x0000000625400000, 0x0000000625000000| Untracked 
| 149|0x0000000625400000, 0x0000000625800000, 0x0000000625800000|100%| O|  |TAMS 0x0000000625800000, 0x0000000625400000| Untracked 
| 150|0x0000000625800000, 0x0000000625c00000, 0x0000000625c00000|100%| O|  |TAMS 0x0000000625c00000, 0x0000000625800000| Untracked 
| 151|0x0000000625c00000, 0x0000000626000000, 0x0000000626000000|100%| O|  |TAMS 0x0000000626000000, 0x0000000625c00000| Untracked 
| 152|0x0000000626000000, 0x0000000626400000, 0x0000000626400000|100%| O|  |TAMS 0x0000000626400000, 0x0000000626000000| Untracked 
| 153|0x0000000626400000, 0x0000000626800000, 0x0000000626800000|100%| O|  |TAMS 0x0000000626800000, 0x0000000626400000| Untracked 
| 154|0x0000000626800000, 0x0000000626c00000, 0x0000000626c00000|100%| O|  |TAMS 0x0000000626c00000, 0x0000000626800000| Untracked 
| 155|0x0000000626c00000, 0x0000000627000000, 0x0000000627000000|100%| O|  |TAMS 0x0000000627000000, 0x0000000626c00000| Untracked 
| 156|0x0000000627000000, 0x0000000627400000, 0x0000000627400000|100%| O|  |TAMS 0x0000000627400000, 0x0000000627000000| Untracked 
| 157|0x0000000627400000, 0x0000000627800000, 0x0000000627800000|100%| O|  |TAMS 0x0000000627800000, 0x0000000627400000| Untracked 
| 158|0x0000000627800000, 0x0000000627c00000, 0x0000000627c00000|100%| O|  |TAMS 0x0000000627c00000, 0x0000000627800000| Untracked 
| 159|0x0000000627c00000, 0x0000000628000000, 0x0000000628000000|100%| O|  |TAMS 0x0000000628000000, 0x0000000627c00000| Untracked 
| 160|0x0000000628000000, 0x0000000628400000, 0x0000000628400000|100%| O|  |TAMS 0x0000000628400000, 0x0000000628000000| Untracked 
| 161|0x0000000628400000, 0x0000000628800000, 0x0000000628800000|100%| O|  |TAMS 0x0000000628800000, 0x0000000628400000| Untracked 
| 162|0x0000000628800000, 0x0000000628c00000, 0x0000000628c00000|100%| O|  |TAMS 0x0000000628c00000, 0x0000000628800000| Untracked 
| 163|0x0000000628c00000, 0x0000000629000000, 0x0000000629000000|100%| O|  |TAMS 0x0000000629000000, 0x0000000628c00000| Untracked 
| 164|0x0000000629000000, 0x0000000629400000, 0x0000000629400000|100%| O|  |TAMS 0x0000000629400000, 0x0000000629000000| Untracked 
| 165|0x0000000629400000, 0x0000000629800000, 0x0000000629800000|100%| O|  |TAMS 0x0000000629800000, 0x0000000629400000| Untracked 
| 166|0x0000000629800000, 0x0000000629c00000, 0x0000000629c00000|100%| O|  |TAMS 0x0000000629c00000, 0x0000000629800000| Untracked 
| 167|0x0000000629c00000, 0x000000062a000000, 0x000000062a000000|100%|HS|  |TAMS 0x000000062a000000, 0x0000000629c00000| Complete 
| 168|0x000000062a000000, 0x000000062a400000, 0x000000062a400000|100%|HC|  |TAMS 0x000000062a400000, 0x000000062a000000| Complete 
| 169|0x000000062a400000, 0x000000062a800000, 0x000000062a800000|100%| O|  |TAMS 0x000000062a800000, 0x000000062a400000| Untracked 
| 170|0x000000062a800000, 0x000000062ac00000, 0x000000062ac00000|100%| O|  |TAMS 0x000000062ac00000, 0x000000062a800000| Untracked 
| 171|0x000000062ac00000, 0x000000062b000000, 0x000000062b000000|100%| O|  |TAMS 0x000000062b000000, 0x000000062ac00000| Untracked 
| 172|0x000000062b000000, 0x000000062b400000, 0x000000062b400000|100%| O|  |TAMS 0x000000062b400000, 0x000000062b000000| Untracked 
| 173|0x000000062b400000, 0x000000062b800000, 0x000000062b800000|100%| O|  |TAMS 0x000000062b800000, 0x000000062b400000| Untracked 
| 174|0x000000062b800000, 0x000000062bc00000, 0x000000062bc00000|100%| O|  |TAMS 0x000000062bc00000, 0x000000062b800000| Untracked 
| 175|0x000000062bc00000, 0x000000062c000000, 0x000000062c000000|100%| O|  |TAMS 0x000000062c000000, 0x000000062bc00000| Untracked 
| 176|0x000000062c000000, 0x000000062c400000, 0x000000062c400000|100%| O|  |TAMS 0x000000062c400000, 0x000000062c000000| Untracked 
| 177|0x000000062c400000, 0x000000062c800000, 0x000000062c800000|100%| O|  |TAMS 0x000000062c800000, 0x000000062c400000| Untracked 
| 178|0x000000062c800000, 0x000000062cc00000, 0x000000062cc00000|100%| O|  |TAMS 0x000000062cc00000, 0x000000062c800000| Untracked 
| 179|0x000000062cc00000, 0x000000062d000000, 0x000000062d000000|100%| O|  |TAMS 0x000000062d000000, 0x000000062cc00000| Untracked 
| 180|0x000000062d000000, 0x000000062d400000, 0x000000062d400000|100%| O|  |TAMS 0x000000062d400000, 0x000000062d000000| Untracked 
| 181|0x000000062d400000, 0x000000062d800000, 0x000000062d800000|100%| O|  |TAMS 0x000000062d800000, 0x000000062d400000| Untracked 
| 182|0x000000062d800000, 0x000000062dc00000, 0x000000062dc00000|100%| O|  |TAMS 0x000000062dc00000, 0x000000062d800000| Untracked 
| 183|0x000000062dc00000, 0x000000062e000000, 0x000000062e000000|100%| O|  |TAMS 0x000000062e000000, 0x000000062dc00000| Untracked 
| 184|0x000000062e000000, 0x000000062e400000, 0x000000062e400000|100%| O|  |TAMS 0x000000062e400000, 0x000000062e000000| Untracked 
| 185|0x000000062e400000, 0x000000062e800000, 0x000000062e800000|100%| O|  |TAMS 0x000000062e800000, 0x000000062e400000| Untracked 
| 186|0x000000062e800000, 0x000000062ec00000, 0x000000062ec00000|100%| O|  |TAMS 0x000000062ec00000, 0x000000062e800000| Untracked 
| 187|0x000000062ec00000, 0x000000062f000000, 0x000000062f000000|100%|HS|  |TAMS 0x000000062f000000, 0x000000062ec00000| Complete 
| 188|0x000000062f000000, 0x000000062f400000, 0x000000062f400000|100%|HS|  |TAMS 0x000000062f400000, 0x000000062f000000| Complete 
| 189|0x000000062f400000, 0x000000062f800000, 0x000000062f800000|100%|HS|  |TAMS 0x000000062f800000, 0x000000062f400000| Complete 
| 190|0x000000062f800000, 0x000000062fc00000, 0x000000062fc00000|100%|HS|  |TAMS 0x000000062fc00000, 0x000000062f800000| Complete 
| 191|0x000000062fc00000, 0x0000000630000000, 0x0000000630000000|100%|HS|  |TAMS 0x0000000630000000, 0x000000062fc00000| Complete 
| 192|0x0000000630000000, 0x0000000630400000, 0x0000000630400000|100%|HS|  |TAMS 0x0000000630400000, 0x0000000630000000| Complete 
| 193|0x0000000630400000, 0x0000000630800000, 0x0000000630800000|100%| O|  |TAMS 0x0000000630800000, 0x0000000630400000| Untracked 
| 194|0x0000000630800000, 0x0000000630c00000, 0x0000000630c00000|100%| O|  |TAMS 0x0000000630c00000, 0x0000000630800000| Untracked 
| 195|0x0000000630c00000, 0x0000000631000000, 0x0000000631000000|100%| O|  |TAMS 0x0000000631000000, 0x0000000630c00000| Untracked 
| 196|0x0000000631000000, 0x0000000631400000, 0x0000000631400000|100%| O|  |TAMS 0x0000000631400000, 0x0000000631000000| Untracked 
| 197|0x0000000631400000, 0x0000000631800000, 0x0000000631800000|100%| O|  |TAMS 0x0000000631800000, 0x0000000631400000| Untracked 
| 198|0x0000000631800000, 0x0000000631c00000, 0x0000000631c00000|100%| O|  |TAMS 0x0000000631c00000, 0x0000000631800000| Untracked 
| 199|0x0000000631c00000, 0x0000000632000000, 0x0000000632000000|100%| O|  |TAMS 0x0000000632000000, 0x0000000631c00000| Untracked 
| 200|0x0000000632000000, 0x0000000632400000, 0x0000000632400000|100%| O|  |TAMS 0x0000000632400000, 0x0000000632000000| Untracked 
| 201|0x0000000632400000, 0x0000000632800000, 0x0000000632800000|100%| O|  |TAMS 0x0000000632800000, 0x0000000632400000| Untracked 
| 202|0x0000000632800000, 0x0000000632c00000, 0x0000000632c00000|100%| O|  |TAMS 0x0000000632c00000, 0x0000000632800000| Untracked 
| 203|0x0000000632c00000, 0x0000000633000000, 0x0000000633000000|100%| O|  |TAMS 0x0000000633000000, 0x0000000632c00000| Untracked 
| 204|0x0000000633000000, 0x0000000633400000, 0x0000000633400000|100%| O|  |TAMS 0x0000000633400000, 0x0000000633000000| Untracked 
| 205|0x0000000633400000, 0x0000000633800000, 0x0000000633800000|100%| O|  |TAMS 0x0000000633800000, 0x0000000633400000| Untracked 
| 206|0x0000000633800000, 0x0000000633c00000, 0x0000000633c00000|100%| O|  |TAMS 0x0000000633c00000, 0x0000000633800000| Untracked 
| 207|0x0000000633c00000, 0x0000000634000000, 0x0000000634000000|100%| O|  |TAMS 0x0000000634000000, 0x0000000633c00000| Untracked 
| 208|0x0000000634000000, 0x0000000634400000, 0x0000000634400000|100%| O|  |TAMS 0x0000000634400000, 0x0000000634000000| Untracked 
| 209|0x0000000634400000, 0x0000000634800000, 0x0000000634800000|100%| O|  |TAMS 0x0000000634800000, 0x0000000634400000| Untracked 
| 210|0x0000000634800000, 0x0000000634c00000, 0x0000000634c00000|100%| O|  |TAMS 0x0000000634c00000, 0x0000000634800000| Untracked 
| 211|0x0000000634c00000, 0x0000000635000000, 0x0000000635000000|100%| O|  |TAMS 0x0000000635000000, 0x0000000634c00000| Untracked 
| 212|0x0000000635000000, 0x0000000635400000, 0x0000000635400000|100%| O|  |TAMS 0x0000000635400000, 0x0000000635000000| Untracked 
| 213|0x0000000635400000, 0x0000000635800000, 0x0000000635800000|100%| O|  |TAMS 0x0000000635800000, 0x0000000635400000| Untracked 
| 214|0x0000000635800000, 0x0000000635c00000, 0x0000000635c00000|100%| O|  |TAMS 0x0000000635c00000, 0x0000000635800000| Untracked 
| 215|0x0000000635c00000, 0x0000000636000000, 0x0000000636000000|100%| O|  |TAMS 0x0000000636000000, 0x0000000635c00000| Untracked 
| 216|0x0000000636000000, 0x0000000636400000, 0x0000000636400000|100%| O|  |TAMS 0x0000000636400000, 0x0000000636000000| Untracked 
| 217|0x0000000636400000, 0x0000000636800000, 0x0000000636800000|100%| O|  |TAMS 0x0000000636800000, 0x0000000636400000| Untracked 
| 218|0x0000000636800000, 0x0000000636c00000, 0x0000000636c00000|100%| O|  |TAMS 0x0000000636c00000, 0x0000000636800000| Untracked 
| 219|0x0000000636c00000, 0x0000000637000000, 0x0000000637000000|100%| O|  |TAMS 0x0000000637000000, 0x0000000636c00000| Untracked 
| 220|0x0000000637000000, 0x0000000637400000, 0x0000000637400000|100%| O|  |TAMS 0x0000000637400000, 0x0000000637000000| Untracked 
| 221|0x0000000637400000, 0x0000000637800000, 0x0000000637800000|100%| O|  |TAMS 0x0000000637800000, 0x0000000637400000| Untracked 
| 222|0x0000000637800000, 0x0000000637c00000, 0x0000000637c00000|100%| O|  |TAMS 0x0000000637c00000, 0x0000000637800000| Untracked 
| 223|0x0000000637c00000, 0x0000000638000000, 0x0000000638000000|100%| O|  |TAMS 0x0000000638000000, 0x0000000637c00000| Untracked 
| 224|0x0000000638000000, 0x0000000638400000, 0x0000000638400000|100%| O|  |TAMS 0x0000000638400000, 0x0000000638000000| Untracked 
| 225|0x0000000638400000, 0x0000000638800000, 0x0000000638800000|100%| O|  |TAMS 0x0000000638800000, 0x0000000638400000| Untracked 
| 226|0x0000000638800000, 0x0000000638c00000, 0x0000000638c00000|100%| O|  |TAMS 0x0000000638c00000, 0x0000000638800000| Untracked 
| 227|0x0000000638c00000, 0x0000000639000000, 0x0000000639000000|100%| O|  |TAMS 0x0000000639000000, 0x0000000638c00000| Untracked 
| 228|0x0000000639000000, 0x0000000639400000, 0x0000000639400000|100%| O|  |TAMS 0x0000000639400000, 0x0000000639000000| Untracked 
| 229|0x0000000639400000, 0x0000000639800000, 0x0000000639800000|100%| O|  |TAMS 0x0000000639800000, 0x0000000639400000| Untracked 
| 230|0x0000000639800000, 0x0000000639c00000, 0x0000000639c00000|100%| O|  |TAMS 0x0000000639800000, 0x0000000639800000| Untracked 
| 231|0x0000000639c00000, 0x000000063a000000, 0x000000063a000000|100%| O|  |TAMS 0x000000063a000000, 0x0000000639c00000| Untracked 
| 232|0x000000063a000000, 0x000000063a400000, 0x000000063a400000|100%| O|  |TAMS 0x000000063a400000, 0x000000063a000000| Untracked 
| 233|0x000000063a400000, 0x000000063a800000, 0x000000063a800000|100%| O|  |TAMS 0x000000063a800000, 0x000000063a400000| Untracked 
| 234|0x000000063a800000, 0x000000063ac00000, 0x000000063ac00000|100%| O|  |TAMS 0x000000063ac00000, 0x000000063a800000| Untracked 
| 235|0x000000063ac00000, 0x000000063b000000, 0x000000063b000000|100%| O|  |TAMS 0x000000063b000000, 0x000000063ac00000| Untracked 
| 236|0x000000063b000000, 0x000000063b400000, 0x000000063b400000|100%| O|  |TAMS 0x000000063b400000, 0x000000063b000000| Untracked 
| 237|0x000000063b400000, 0x000000063b800000, 0x000000063b800000|100%| O|  |TAMS 0x000000063b800000, 0x000000063b400000| Untracked 
| 238|0x000000063b800000, 0x000000063bc00000, 0x000000063bc00000|100%| O|  |TAMS 0x000000063bc00000, 0x000000063b800000| Untracked 
| 239|0x000000063bc00000, 0x000000063c000000, 0x000000063c000000|100%| O|  |TAMS 0x000000063c000000, 0x000000063bc00000| Untracked 
| 240|0x000000063c000000, 0x000000063c400000, 0x000000063c400000|100%| O|  |TAMS 0x000000063c000000, 0x000000063c000000| Untracked 
| 241|0x000000063c400000, 0x000000063c800000, 0x000000063c800000|100%| O|  |TAMS 0x000000063c400000, 0x000000063c400000| Untracked 
| 242|0x000000063c800000, 0x000000063cc00000, 0x000000063cc00000|100%| O|  |TAMS 0x000000063c800000, 0x000000063c800000| Untracked 
| 243|0x000000063cc00000, 0x000000063d000000, 0x000000063d000000|100%| O|  |TAMS 0x000000063cc00000, 0x000000063cc00000| Untracked 
| 244|0x000000063d000000, 0x000000063d400000, 0x000000063d400000|100%| O|  |TAMS 0x000000063d000000, 0x000000063d000000| Untracked 
| 245|0x000000063d400000, 0x000000063d800000, 0x000000063d800000|100%| O|  |TAMS 0x000000063d400000, 0x000000063d400000| Untracked 
| 246|0x000000063d800000, 0x000000063dc00000, 0x000000063dc00000|100%| O|  |TAMS 0x000000063d800000, 0x000000063d800000| Untracked 
| 247|0x000000063dc00000, 0x000000063e000000, 0x000000063e000000|100%| O|  |TAMS 0x000000063dc00000, 0x000000063dc00000| Untracked 
| 248|0x000000063e000000, 0x000000063e400000, 0x000000063e400000|100%| O|  |TAMS 0x000000063e000000, 0x000000063e000000| Untracked 
| 249|0x000000063e400000, 0x000000063e800000, 0x000000063e800000|100%| O|  |TAMS 0x000000063e400000, 0x000000063e400000| Untracked 
| 250|0x000000063e800000, 0x000000063ec00000, 0x000000063ec00000|100%| O|  |TAMS 0x000000063ec00000, 0x000000063e800000| Untracked 
| 251|0x000000063ec00000, 0x000000063f000000, 0x000000063f000000|100%|HS|  |TAMS 0x000000063f000000, 0x000000063ec00000| Complete 
| 252|0x000000063f000000, 0x000000063f400000, 0x000000063f400000|100%|HS|  |TAMS 0x000000063f400000, 0x000000063f000000| Complete 
| 253|0x000000063f400000, 0x000000063f800000, 0x000000063f800000|100%| O|  |TAMS 0x000000063f800000, 0x000000063f400000| Untracked 
| 254|0x000000063f800000, 0x000000063fc00000, 0x000000063fc00000|100%| O|  |TAMS 0x000000063fc00000, 0x000000063f800000| Untracked 
| 255|0x000000063fc00000, 0x0000000640000000, 0x0000000640000000|100%| O|  |TAMS 0x0000000640000000, 0x000000063fc00000| Untracked 
| 256|0x0000000640000000, 0x0000000640400000, 0x0000000640400000|100%| O|  |TAMS 0x0000000640400000, 0x0000000640000000| Untracked 
| 257|0x0000000640400000, 0x0000000640800000, 0x0000000640800000|100%| O|  |TAMS 0x0000000640800000, 0x0000000640400000| Untracked 
| 258|0x0000000640800000, 0x0000000640c00000, 0x0000000640c00000|100%| O|  |TAMS 0x0000000640c00000, 0x0000000640800000| Untracked 
| 259|0x0000000640c00000, 0x0000000641000000, 0x0000000641000000|100%| O|  |TAMS 0x0000000641000000, 0x0000000640c00000| Untracked 
| 260|0x0000000641000000, 0x0000000641400000, 0x0000000641400000|100%| O|  |TAMS 0x0000000641400000, 0x0000000641000000| Untracked 
| 261|0x0000000641400000, 0x0000000641800000, 0x0000000641800000|100%| O|  |TAMS 0x0000000641800000, 0x0000000641400000| Untracked 
| 262|0x0000000641800000, 0x0000000641c00000, 0x0000000641c00000|100%| O|  |TAMS 0x0000000641c00000, 0x0000000641800000| Untracked 
| 263|0x0000000641c00000, 0x0000000642000000, 0x0000000642000000|100%| O|  |TAMS 0x0000000642000000, 0x0000000641c00000| Untracked 
| 264|0x0000000642000000, 0x0000000642400000, 0x0000000642400000|100%| O|  |TAMS 0x0000000642400000, 0x0000000642000000| Untracked 
| 265|0x0000000642400000, 0x0000000642800000, 0x0000000642800000|100%| O|  |TAMS 0x0000000642800000, 0x0000000642400000| Untracked 
| 266|0x0000000642800000, 0x0000000642c00000, 0x0000000642c00000|100%| O|  |TAMS 0x0000000642c00000, 0x0000000642800000| Untracked 
| 267|0x0000000642c00000, 0x0000000643000000, 0x0000000643000000|100%| O|  |TAMS 0x0000000642c00000, 0x0000000642c00000| Untracked 
| 268|0x0000000643000000, 0x0000000643400000, 0x0000000643400000|100%| O|  |TAMS 0x0000000643400000, 0x0000000643000000| Untracked 
| 269|0x0000000643400000, 0x0000000643800000, 0x0000000643800000|100%| O|  |TAMS 0x0000000643800000, 0x0000000643400000| Untracked 
| 270|0x0000000643800000, 0x0000000643c00000, 0x0000000643c00000|100%| O|  |TAMS 0x0000000643c00000, 0x0000000643800000| Untracked 
| 271|0x0000000643c00000, 0x0000000644000000, 0x0000000644000000|100%| O|  |TAMS 0x0000000644000000, 0x0000000643c00000| Untracked 
| 272|0x0000000644000000, 0x0000000644400000, 0x0000000644400000|100%| O|  |TAMS 0x0000000644400000, 0x0000000644000000| Untracked 
| 273|0x0000000644400000, 0x0000000644800000, 0x0000000644800000|100%| O|  |TAMS 0x0000000644800000, 0x0000000644400000| Untracked 
| 274|0x0000000644800000, 0x0000000644c00000, 0x0000000644c00000|100%| O|  |TAMS 0x0000000644c00000, 0x0000000644800000| Untracked 
| 275|0x0000000644c00000, 0x0000000645000000, 0x0000000645000000|100%| O|  |TAMS 0x0000000645000000, 0x0000000644c00000| Untracked 
| 276|0x0000000645000000, 0x0000000645400000, 0x0000000645400000|100%| O|  |TAMS 0x0000000645400000, 0x0000000645000000| Untracked 
| 277|0x0000000645400000, 0x0000000645800000, 0x0000000645800000|100%| O|  |TAMS 0x0000000645800000, 0x0000000645400000| Untracked 
| 278|0x0000000645800000, 0x0000000645c00000, 0x0000000645c00000|100%| O|  |TAMS 0x0000000645c00000, 0x0000000645800000| Untracked 
| 279|0x0000000645c00000, 0x0000000646000000, 0x0000000646000000|100%| O|  |TAMS 0x0000000646000000, 0x0000000645c00000| Untracked 
| 280|0x0000000646000000, 0x0000000646400000, 0x0000000646400000|100%| O|  |TAMS 0x0000000646400000, 0x0000000646000000| Untracked 
| 281|0x0000000646400000, 0x0000000646800000, 0x0000000646800000|100%| O|  |TAMS 0x0000000646800000, 0x0000000646400000| Untracked 
| 282|0x0000000646800000, 0x0000000646c00000, 0x0000000646c00000|100%| O|  |TAMS 0x0000000646c00000, 0x0000000646800000| Untracked 
| 283|0x0000000646c00000, 0x0000000647000000, 0x0000000647000000|100%| O|  |TAMS 0x0000000647000000, 0x0000000646c00000| Untracked 
| 284|0x0000000647000000, 0x0000000647400000, 0x0000000647400000|100%| O|  |TAMS 0x0000000647400000, 0x0000000647000000| Untracked 
| 285|0x0000000647400000, 0x0000000647800000, 0x0000000647800000|100%| O|  |TAMS 0x0000000647800000, 0x0000000647400000| Untracked 
| 286|0x0000000647800000, 0x0000000647c00000, 0x0000000647c00000|100%| O|  |TAMS 0x0000000647c00000, 0x0000000647800000| Untracked 
| 287|0x0000000647c00000, 0x0000000648000000, 0x0000000648000000|100%| O|  |TAMS 0x0000000648000000, 0x0000000647c00000| Untracked 
| 288|0x0000000648000000, 0x0000000648400000, 0x0000000648400000|100%| O|  |TAMS 0x0000000648400000, 0x0000000648000000| Untracked 
| 289|0x0000000648400000, 0x0000000648800000, 0x0000000648800000|100%| O|  |TAMS 0x0000000648800000, 0x0000000648400000| Untracked 
| 290|0x0000000648800000, 0x0000000648c00000, 0x0000000648c00000|100%| O|  |TAMS 0x0000000648c00000, 0x0000000648800000| Untracked 
| 291|0x0000000648c00000, 0x0000000649000000, 0x0000000649000000|100%| O|  |TAMS 0x0000000649000000, 0x0000000648c00000| Untracked 
| 292|0x0000000649000000, 0x0000000649400000, 0x0000000649400000|100%| O|  |TAMS 0x0000000649400000, 0x0000000649000000| Untracked 
| 293|0x0000000649400000, 0x0000000649800000, 0x0000000649800000|100%| O|  |TAMS 0x0000000649800000, 0x0000000649400000| Untracked 
| 294|0x0000000649800000, 0x0000000649c00000, 0x0000000649c00000|100%| O|  |TAMS 0x0000000649c00000, 0x0000000649800000| Untracked 
| 295|0x0000000649c00000, 0x000000064a000000, 0x000000064a000000|100%| O|  |TAMS 0x000000064a000000, 0x0000000649c00000| Untracked 
| 296|0x000000064a000000, 0x000000064a400000, 0x000000064a400000|100%| O|  |TAMS 0x000000064a400000, 0x000000064a000000| Untracked 
| 297|0x000000064a400000, 0x000000064a800000, 0x000000064a800000|100%| O|  |TAMS 0x000000064a800000, 0x000000064a400000| Untracked 
| 298|0x000000064a800000, 0x000000064ac00000, 0x000000064ac00000|100%| O|  |TAMS 0x000000064ac00000, 0x000000064a800000| Untracked 
| 299|0x000000064ac00000, 0x000000064b000000, 0x000000064b000000|100%| O|  |TAMS 0x000000064b000000, 0x000000064ac00000| Untracked 
| 300|0x000000064b000000, 0x000000064b400000, 0x000000064b400000|100%| O|  |TAMS 0x000000064b400000, 0x000000064b000000| Untracked 
| 301|0x000000064b400000, 0x000000064b800000, 0x000000064b800000|100%| O|  |TAMS 0x000000064b800000, 0x000000064b400000| Untracked 
| 302|0x000000064b800000, 0x000000064bc00000, 0x000000064bc00000|100%| O|  |TAMS 0x000000064bc00000, 0x000000064b800000| Untracked 
| 303|0x000000064bc00000, 0x000000064c000000, 0x000000064c000000|100%| O|  |TAMS 0x000000064c000000, 0x000000064bc00000| Untracked 
| 304|0x000000064c000000, 0x000000064c400000, 0x000000064c400000|100%| O|  |TAMS 0x000000064c400000, 0x000000064c000000| Untracked 
| 305|0x000000064c400000, 0x000000064c800000, 0x000000064c800000|100%| O|  |TAMS 0x000000064c800000, 0x000000064c400000| Untracked 
| 306|0x000000064c800000, 0x000000064cc00000, 0x000000064cc00000|100%| O|  |TAMS 0x000000064cc00000, 0x000000064c800000| Untracked 
| 307|0x000000064cc00000, 0x000000064d000000, 0x000000064d000000|100%| O|  |TAMS 0x000000064d000000, 0x000000064cc00000| Untracked 
| 308|0x000000064d000000, 0x000000064d400000, 0x000000064d400000|100%| O|  |TAMS 0x000000064d400000, 0x000000064d000000| Untracked 
| 309|0x000000064d400000, 0x000000064d800000, 0x000000064d800000|100%| O|  |TAMS 0x000000064d800000, 0x000000064d400000| Untracked 
| 310|0x000000064d800000, 0x000000064dc00000, 0x000000064dc00000|100%| O|  |TAMS 0x000000064dc00000, 0x000000064d800000| Untracked 
| 311|0x000000064dc00000, 0x000000064e000000, 0x000000064e000000|100%| O|  |TAMS 0x000000064e000000, 0x000000064dc00000| Untracked 
| 312|0x000000064e000000, 0x000000064e400000, 0x000000064e400000|100%| O|  |TAMS 0x000000064e400000, 0x000000064e000000| Untracked 
| 313|0x000000064e400000, 0x000000064e800000, 0x000000064e800000|100%| O|  |TAMS 0x000000064e800000, 0x000000064e400000| Untracked 
| 314|0x000000064e800000, 0x000000064ec00000, 0x000000064ec00000|100%| O|  |TAMS 0x000000064ec00000, 0x000000064e800000| Untracked 
| 315|0x000000064ec00000, 0x000000064f000000, 0x000000064f000000|100%| O|  |TAMS 0x000000064f000000, 0x000000064ec00000| Untracked 
| 316|0x000000064f000000, 0x000000064f400000, 0x000000064f400000|100%| O|  |TAMS 0x000000064f400000, 0x000000064f000000| Untracked 
| 317|0x000000064f400000, 0x000000064f800000, 0x000000064f800000|100%| O|  |TAMS 0x000000064f800000, 0x000000064f400000| Untracked 
| 318|0x000000064f800000, 0x000000064fc00000, 0x000000064fc00000|100%| O|  |TAMS 0x000000064fc00000, 0x000000064f800000| Untracked 
| 319|0x000000064fc00000, 0x0000000650000000, 0x0000000650000000|100%| O|  |TAMS 0x0000000650000000, 0x000000064fc00000| Untracked 
| 320|0x0000000650000000, 0x0000000650400000, 0x0000000650400000|100%| O|  |TAMS 0x0000000650400000, 0x0000000650000000| Untracked 
| 321|0x0000000650400000, 0x0000000650800000, 0x0000000650800000|100%| O|  |TAMS 0x0000000650800000, 0x0000000650400000| Untracked 
| 322|0x0000000650800000, 0x0000000650c00000, 0x0000000650c00000|100%| O|  |TAMS 0x0000000650c00000, 0x0000000650800000| Untracked 
| 323|0x0000000650c00000, 0x0000000651000000, 0x0000000651000000|100%| O|  |TAMS 0x0000000651000000, 0x0000000650c00000| Untracked 
| 324|0x0000000651000000, 0x0000000651400000, 0x0000000651400000|100%| O|  |TAMS 0x0000000651400000, 0x0000000651000000| Untracked 
| 325|0x0000000651400000, 0x0000000651800000, 0x0000000651800000|100%| O|  |TAMS 0x0000000651800000, 0x0000000651400000| Untracked 
| 326|0x0000000651800000, 0x0000000651c00000, 0x0000000651c00000|100%| O|  |TAMS 0x0000000651c00000, 0x0000000651800000| Untracked 
| 327|0x0000000651c00000, 0x0000000652000000, 0x0000000652000000|100%| O|  |TAMS 0x0000000652000000, 0x0000000651c00000| Untracked 
| 328|0x0000000652000000, 0x0000000652400000, 0x0000000652400000|100%| O|  |TAMS 0x0000000652400000, 0x0000000652000000| Untracked 
| 329|0x0000000652400000, 0x0000000652800000, 0x0000000652800000|100%| O|  |TAMS 0x0000000652400000, 0x0000000652400000| Untracked 
| 330|0x0000000652800000, 0x0000000652c00000, 0x0000000652c00000|100%| O|  |TAMS 0x0000000652c00000, 0x0000000652800000| Untracked 
| 331|0x0000000652c00000, 0x0000000653000000, 0x0000000653000000|100%| O|  |TAMS 0x0000000653000000, 0x0000000652c00000| Untracked 
| 332|0x0000000653000000, 0x0000000653400000, 0x0000000653400000|100%| O|  |TAMS 0x0000000653400000, 0x0000000653000000| Untracked 
| 333|0x0000000653400000, 0x0000000653800000, 0x0000000653800000|100%| O|  |TAMS 0x0000000653800000, 0x0000000653400000| Untracked 
| 334|0x0000000653800000, 0x0000000653c00000, 0x0000000653c00000|100%| O|  |TAMS 0x0000000653c00000, 0x0000000653800000| Untracked 
| 335|0x0000000653c00000, 0x0000000654000000, 0x0000000654000000|100%| O|  |TAMS 0x0000000654000000, 0x0000000653c00000| Untracked 
| 336|0x0000000654000000, 0x0000000654400000, 0x0000000654400000|100%| O|  |TAMS 0x0000000654400000, 0x0000000654000000| Untracked 
| 337|0x0000000654400000, 0x0000000654800000, 0x0000000654800000|100%| O|  |TAMS 0x0000000654800000, 0x0000000654400000| Untracked 
| 338|0x0000000654800000, 0x0000000654c00000, 0x0000000654c00000|100%| O|  |TAMS 0x0000000654c00000, 0x0000000654800000| Untracked 
| 339|0x0000000654c00000, 0x0000000655000000, 0x0000000655000000|100%| O|  |TAMS 0x0000000655000000, 0x0000000654c00000| Untracked 
| 340|0x0000000655000000, 0x0000000655400000, 0x0000000655400000|100%| O|  |TAMS 0x0000000655400000, 0x0000000655000000| Untracked 
| 341|0x0000000655400000, 0x0000000655800000, 0x0000000655800000|100%| O|  |TAMS 0x0000000655800000, 0x0000000655400000| Untracked 
| 342|0x0000000655800000, 0x0000000655c00000, 0x0000000655c00000|100%| O|  |TAMS 0x0000000655c00000, 0x0000000655800000| Untracked 
| 343|0x0000000655c00000, 0x0000000656000000, 0x0000000656000000|100%| O|  |TAMS 0x0000000656000000, 0x0000000655c00000| Untracked 
| 344|0x0000000656000000, 0x0000000656400000, 0x0000000656400000|100%| O|  |TAMS 0x0000000656400000, 0x0000000656000000| Untracked 
| 345|0x0000000656400000, 0x0000000656800000, 0x0000000656800000|100%| O|  |TAMS 0x0000000656800000, 0x0000000656400000| Untracked 
| 346|0x0000000656800000, 0x0000000656c00000, 0x0000000656c00000|100%| O|  |TAMS 0x0000000656c00000, 0x0000000656800000| Untracked 
| 347|0x0000000656c00000, 0x0000000657000000, 0x0000000657000000|100%| O|  |TAMS 0x0000000657000000, 0x0000000656c00000| Untracked 
| 348|0x0000000657000000, 0x0000000657400000, 0x0000000657400000|100%| O|  |TAMS 0x0000000657400000, 0x0000000657000000| Untracked 
| 349|0x0000000657400000, 0x0000000657800000, 0x0000000657800000|100%| O|  |TAMS 0x0000000657800000, 0x0000000657400000| Untracked 
| 350|0x0000000657800000, 0x0000000657c00000, 0x0000000657c00000|100%| O|  |TAMS 0x0000000657c00000, 0x0000000657800000| Untracked 
| 351|0x0000000657c00000, 0x0000000658000000, 0x0000000658000000|100%| O|  |TAMS 0x0000000658000000, 0x0000000657c00000| Untracked 
| 352|0x0000000658000000, 0x0000000658400000, 0x0000000658400000|100%| O|  |TAMS 0x0000000658000000, 0x0000000658000000| Untracked 
| 353|0x0000000658400000, 0x0000000658800000, 0x0000000658800000|100%| O|  |TAMS 0x0000000658800000, 0x0000000658400000| Untracked 
| 354|0x0000000658800000, 0x0000000658c00000, 0x0000000658c00000|100%| O|  |TAMS 0x0000000658c00000, 0x0000000658800000| Untracked 
| 355|0x0000000658c00000, 0x0000000659000000, 0x0000000659000000|100%| O|  |TAMS 0x0000000659000000, 0x0000000658c00000| Untracked 
| 356|0x0000000659000000, 0x0000000659400000, 0x0000000659400000|100%| O|  |TAMS 0x0000000659400000, 0x0000000659000000| Untracked 
| 357|0x0000000659400000, 0x0000000659800000, 0x0000000659800000|100%| O|  |TAMS 0x0000000659800000, 0x0000000659400000| Untracked 
| 358|0x0000000659800000, 0x0000000659c00000, 0x0000000659c00000|100%| O|  |TAMS 0x0000000659c00000, 0x0000000659800000| Untracked 
| 359|0x0000000659c00000, 0x000000065a000000, 0x000000065a000000|100%| O|  |TAMS 0x000000065a000000, 0x0000000659c00000| Untracked 
| 360|0x000000065a000000, 0x000000065a400000, 0x000000065a400000|100%| O|  |TAMS 0x000000065a400000, 0x000000065a000000| Untracked 
| 361|0x000000065a400000, 0x000000065a800000, 0x000000065a800000|100%| O|  |TAMS 0x000000065a800000, 0x000000065a400000| Untracked 
| 362|0x000000065a800000, 0x000000065ac00000, 0x000000065ac00000|100%| O|  |TAMS 0x000000065ac00000, 0x000000065a800000| Untracked 
| 363|0x000000065ac00000, 0x000000065b000000, 0x000000065b000000|100%| O|  |TAMS 0x000000065b000000, 0x000000065ac00000| Untracked 
| 364|0x000000065b000000, 0x000000065b400000, 0x000000065b400000|100%| O|  |TAMS 0x000000065b400000, 0x000000065b000000| Untracked 
| 365|0x000000065b400000, 0x000000065b800000, 0x000000065b800000|100%| O|  |TAMS 0x000000065b800000, 0x000000065b400000| Untracked 
| 366|0x000000065b800000, 0x000000065bc00000, 0x000000065bc00000|100%| O|  |TAMS 0x000000065bc00000, 0x000000065b800000| Untracked 
| 367|0x000000065bc00000, 0x000000065c000000, 0x000000065c000000|100%| O|  |TAMS 0x000000065c000000, 0x000000065bc00000| Untracked 
| 368|0x000000065c000000, 0x000000065c400000, 0x000000065c400000|100%| O|  |TAMS 0x000000065c400000, 0x000000065c000000| Untracked 
| 369|0x000000065c400000, 0x000000065c800000, 0x000000065c800000|100%| O|  |TAMS 0x000000065c800000, 0x000000065c400000| Untracked 
| 370|0x000000065c800000, 0x000000065cc00000, 0x000000065cc00000|100%| O|  |TAMS 0x000000065cc00000, 0x000000065c800000| Untracked 
| 371|0x000000065cc00000, 0x000000065d000000, 0x000000065d000000|100%| O|  |TAMS 0x000000065d000000, 0x000000065cc00000| Untracked 
| 372|0x000000065d000000, 0x000000065d400000, 0x000000065d400000|100%| O|  |TAMS 0x000000065d400000, 0x000000065d000000| Untracked 
| 373|0x000000065d400000, 0x000000065d800000, 0x000000065d800000|100%| O|  |TAMS 0x000000065d800000, 0x000000065d400000| Untracked 
| 374|0x000000065d800000, 0x000000065dc00000, 0x000000065dc00000|100%| O|  |TAMS 0x000000065dc00000, 0x000000065d800000| Untracked 
| 375|0x000000065dc00000, 0x000000065e000000, 0x000000065e000000|100%| O|  |TAMS 0x000000065e000000, 0x000000065dc00000| Untracked 
| 376|0x000000065e000000, 0x000000065e400000, 0x000000065e400000|100%| O|  |TAMS 0x000000065e000000, 0x000000065e000000| Untracked 
| 377|0x000000065e400000, 0x000000065e800000, 0x000000065e800000|100%| O|  |TAMS 0x000000065e800000, 0x000000065e400000| Untracked 
| 378|0x000000065e800000, 0x000000065ec00000, 0x000000065ec00000|100%| O|  |TAMS 0x000000065ec00000, 0x000000065e800000| Untracked 
| 379|0x000000065ec00000, 0x000000065f000000, 0x000000065f000000|100%| O|  |TAMS 0x000000065f000000, 0x000000065ec00000| Untracked 
| 380|0x000000065f000000, 0x000000065f400000, 0x000000065f400000|100%| O|  |TAMS 0x000000065f400000, 0x000000065f000000| Untracked 
| 381|0x000000065f400000, 0x000000065f800000, 0x000000065f800000|100%| O|  |TAMS 0x000000065f800000, 0x000000065f400000| Untracked 
| 382|0x000000065f800000, 0x000000065fc00000, 0x000000065fc00000|100%| O|  |TAMS 0x000000065fc00000, 0x000000065f800000| Untracked 
| 383|0x000000065fc00000, 0x0000000660000000, 0x0000000660000000|100%| O|  |TAMS 0x0000000660000000, 0x000000065fc00000| Untracked 
| 384|0x0000000660000000, 0x0000000660400000, 0x0000000660400000|100%| O|  |TAMS 0x0000000660400000, 0x0000000660000000| Untracked 
| 385|0x0000000660400000, 0x0000000660800000, 0x0000000660800000|100%| O|  |TAMS 0x0000000660800000, 0x0000000660400000| Untracked 
| 386|0x0000000660800000, 0x0000000660c00000, 0x0000000660c00000|100%| O|  |TAMS 0x0000000660c00000, 0x0000000660800000| Untracked 
| 387|0x0000000660c00000, 0x0000000661000000, 0x0000000661000000|100%| O|  |TAMS 0x0000000661000000, 0x0000000660c00000| Untracked 
| 388|0x0000000661000000, 0x0000000661400000, 0x0000000661400000|100%| O|  |TAMS 0x0000000661400000, 0x0000000661000000| Untracked 
| 389|0x0000000661400000, 0x0000000661800000, 0x0000000661800000|100%| O|  |TAMS 0x0000000661800000, 0x0000000661400000| Untracked 
| 390|0x0000000661800000, 0x0000000661c00000, 0x0000000661c00000|100%| O|  |TAMS 0x0000000661800000, 0x0000000661800000| Untracked 
| 391|0x0000000661c00000, 0x0000000662000000, 0x0000000662000000|100%| O|  |TAMS 0x0000000662000000, 0x0000000661c00000| Untracked 
| 392|0x0000000662000000, 0x0000000662400000, 0x0000000662400000|100%| O|  |TAMS 0x0000000662400000, 0x0000000662000000| Untracked 
| 393|0x0000000662400000, 0x0000000662800000, 0x0000000662800000|100%| O|  |TAMS 0x0000000662800000, 0x0000000662400000| Untracked 
| 394|0x0000000662800000, 0x0000000662c00000, 0x0000000662c00000|100%| O|  |TAMS 0x0000000662c00000, 0x0000000662800000| Untracked 
| 395|0x0000000662c00000, 0x0000000663000000, 0x0000000663000000|100%| O|  |TAMS 0x0000000663000000, 0x0000000662c00000| Untracked 
| 396|0x0000000663000000, 0x0000000663400000, 0x0000000663400000|100%| O|  |TAMS 0x0000000663400000, 0x0000000663000000| Untracked 
| 397|0x0000000663400000, 0x0000000663800000, 0x0000000663800000|100%| O|  |TAMS 0x0000000663800000, 0x0000000663400000| Untracked 
| 398|0x0000000663800000, 0x0000000663c00000, 0x0000000663c00000|100%| O|  |TAMS 0x0000000663c00000, 0x0000000663800000| Untracked 
| 399|0x0000000663c00000, 0x0000000664000000, 0x0000000664000000|100%| O|  |TAMS 0x0000000664000000, 0x0000000663c00000| Untracked 
| 400|0x0000000664000000, 0x0000000664400000, 0x0000000664400000|100%| O|  |TAMS 0x0000000664400000, 0x0000000664000000| Untracked 
| 401|0x0000000664400000, 0x0000000664800000, 0x0000000664800000|100%| O|  |TAMS 0x0000000664800000, 0x0000000664400000| Untracked 
| 402|0x0000000664800000, 0x0000000664c00000, 0x0000000664c00000|100%| O|  |TAMS 0x0000000664c00000, 0x0000000664800000| Untracked 
| 403|0x0000000664c00000, 0x0000000665000000, 0x0000000665000000|100%|HS|  |TAMS 0x0000000665000000, 0x0000000664c00000| Complete 
| 404|0x0000000665000000, 0x0000000665400000, 0x0000000665400000|100%| O|  |TAMS 0x0000000665400000, 0x0000000665000000| Untracked 
| 405|0x0000000665400000, 0x0000000665800000, 0x0000000665800000|100%| O|  |TAMS 0x0000000665800000, 0x0000000665400000| Untracked 
| 406|0x0000000665800000, 0x0000000665c00000, 0x0000000665c00000|100%| O|  |TAMS 0x0000000665c00000, 0x0000000665800000| Untracked 
| 407|0x0000000665c00000, 0x0000000666000000, 0x0000000666000000|100%| O|  |TAMS 0x0000000666000000, 0x0000000665c00000| Untracked 
| 408|0x0000000666000000, 0x0000000666400000, 0x0000000666400000|100%| O|  |TAMS 0x0000000666400000, 0x0000000666000000| Untracked 
| 409|0x0000000666400000, 0x0000000666800000, 0x0000000666800000|100%| O|  |TAMS 0x0000000666800000, 0x0000000666400000| Untracked 
| 410|0x0000000666800000, 0x0000000666c00000, 0x0000000666c00000|100%| O|  |TAMS 0x0000000666c00000, 0x0000000666800000| Untracked 
| 411|0x0000000666c00000, 0x0000000667000000, 0x0000000667000000|100%| O|  |TAMS 0x0000000667000000, 0x0000000666c00000| Untracked 
| 412|0x0000000667000000, 0x0000000667400000, 0x0000000667400000|100%| O|  |TAMS 0x0000000667400000, 0x0000000667000000| Untracked 
| 413|0x0000000667400000, 0x0000000667800000, 0x0000000667800000|100%| O|  |TAMS 0x0000000667800000, 0x0000000667400000| Untracked 
| 414|0x0000000667800000, 0x0000000667c00000, 0x0000000667c00000|100%|HS|  |TAMS 0x0000000667c00000, 0x0000000667800000| Complete 
| 415|0x0000000667c00000, 0x0000000668000000, 0x0000000668000000|100%|HC|  |TAMS 0x0000000668000000, 0x0000000667c00000| Complete 
| 416|0x0000000668000000, 0x0000000668400000, 0x0000000668400000|100%| O|  |TAMS 0x0000000668400000, 0x0000000668000000| Untracked 
| 417|0x0000000668400000, 0x0000000668800000, 0x0000000668800000|100%| O|  |TAMS 0x0000000668800000, 0x0000000668400000| Untracked 
| 418|0x0000000668800000, 0x0000000668c00000, 0x0000000668c00000|100%| O|  |TAMS 0x0000000668c00000, 0x0000000668800000| Untracked 
| 419|0x0000000668c00000, 0x0000000669000000, 0x0000000669000000|100%| O|  |TAMS 0x0000000669000000, 0x0000000668c00000| Untracked 
| 420|0x0000000669000000, 0x0000000669400000, 0x0000000669400000|100%| O|  |TAMS 0x0000000669400000, 0x0000000669000000| Untracked 
| 421|0x0000000669400000, 0x0000000669800000, 0x0000000669800000|100%| O|  |TAMS 0x0000000669800000, 0x0000000669400000| Untracked 
| 422|0x0000000669800000, 0x0000000669c00000, 0x0000000669c00000|100%| O|  |TAMS 0x0000000669c00000, 0x0000000669800000| Untracked 
| 423|0x0000000669c00000, 0x000000066a000000, 0x000000066a000000|100%| O|  |TAMS 0x000000066a000000, 0x0000000669c00000| Untracked 
| 424|0x000000066a000000, 0x000000066a400000, 0x000000066a400000|100%| O|  |TAMS 0x000000066a400000, 0x000000066a000000| Untracked 
| 425|0x000000066a400000, 0x000000066a800000, 0x000000066a800000|100%| O|  |TAMS 0x000000066a800000, 0x000000066a400000| Untracked 
| 426|0x000000066a800000, 0x000000066ac00000, 0x000000066ac00000|100%| O|  |TAMS 0x000000066ac00000, 0x000000066a800000| Untracked 
| 427|0x000000066ac00000, 0x000000066b000000, 0x000000066b000000|100%| O|  |TAMS 0x000000066b000000, 0x000000066ac00000| Untracked 
| 428|0x000000066b000000, 0x000000066b400000, 0x000000066b400000|100%| O|  |TAMS 0x000000066b400000, 0x000000066b000000| Untracked 
| 429|0x000000066b400000, 0x000000066b800000, 0x000000066b800000|100%| O|  |TAMS 0x000000066b800000, 0x000000066b400000| Untracked 
| 430|0x000000066b800000, 0x000000066bc00000, 0x000000066bc00000|100%| O|  |TAMS 0x000000066bc00000, 0x000000066b800000| Untracked 
| 431|0x000000066bc00000, 0x000000066c000000, 0x000000066c000000|100%| O|  |TAMS 0x000000066c000000, 0x000000066bc00000| Untracked 
| 432|0x000000066c000000, 0x000000066c400000, 0x000000066c400000|100%| O|  |TAMS 0x000000066c400000, 0x000000066c000000| Untracked 
| 433|0x000000066c400000, 0x000000066c800000, 0x000000066c800000|100%| O|  |TAMS 0x000000066c800000, 0x000000066c400000| Untracked 
| 434|0x000000066c800000, 0x000000066cc00000, 0x000000066cc00000|100%| O|  |TAMS 0x000000066cc00000, 0x000000066c800000| Untracked 
| 435|0x000000066cc00000, 0x000000066d000000, 0x000000066d000000|100%| O|  |TAMS 0x000000066d000000, 0x000000066cc00000| Untracked 
| 436|0x000000066d000000, 0x000000066d400000, 0x000000066d400000|100%| O|  |TAMS 0x000000066d400000, 0x000000066d000000| Untracked 
| 437|0x000000066d400000, 0x000000066d800000, 0x000000066d800000|100%| O|  |TAMS 0x000000066d800000, 0x000000066d400000| Untracked 
| 438|0x000000066d800000, 0x000000066dc00000, 0x000000066dc00000|100%| O|  |TAMS 0x000000066dc00000, 0x000000066d800000| Untracked 
| 439|0x000000066dc00000, 0x000000066e000000, 0x000000066e000000|100%| O|  |TAMS 0x000000066e000000, 0x000000066dc00000| Untracked 
| 440|0x000000066e000000, 0x000000066e400000, 0x000000066e400000|100%| O|  |TAMS 0x000000066e400000, 0x000000066e000000| Untracked 
| 441|0x000000066e400000, 0x000000066e800000, 0x000000066e800000|100%| O|  |TAMS 0x000000066e800000, 0x000000066e400000| Untracked 
| 442|0x000000066e800000, 0x000000066ec00000, 0x000000066ec00000|100%| O|  |TAMS 0x000000066ec00000, 0x000000066e800000| Untracked 
| 443|0x000000066ec00000, 0x000000066f000000, 0x000000066f000000|100%| O|  |TAMS 0x000000066f000000, 0x000000066ec00000| Untracked 
| 444|0x000000066f000000, 0x000000066f400000, 0x000000066f400000|100%| O|  |TAMS 0x000000066f400000, 0x000000066f000000| Untracked 
| 445|0x000000066f400000, 0x000000066f800000, 0x000000066f800000|100%|HS|  |TAMS 0x000000066f800000, 0x000000066f400000| Complete 
| 446|0x000000066f800000, 0x000000066fc00000, 0x000000066fc00000|100%|HS|  |TAMS 0x000000066fc00000, 0x000000066f800000| Complete 
| 447|0x000000066fc00000, 0x0000000670000000, 0x0000000670000000|100%|HC|  |TAMS 0x0000000670000000, 0x000000066fc00000| Complete 
| 448|0x0000000670000000, 0x0000000670400000, 0x0000000670400000|100%| O|  |TAMS 0x0000000670400000, 0x0000000670000000| Untracked 
| 449|0x0000000670400000, 0x0000000670800000, 0x0000000670800000|100%|HS|  |TAMS 0x0000000670800000, 0x0000000670400000| Complete 
| 450|0x0000000670800000, 0x0000000670c00000, 0x0000000670c00000|100%|HC|  |TAMS 0x0000000670c00000, 0x0000000670800000| Complete 
| 451|0x0000000670c00000, 0x0000000671000000, 0x0000000671000000|100%| O|  |TAMS 0x0000000671000000, 0x0000000670c00000| Untracked 
| 452|0x0000000671000000, 0x0000000671400000, 0x0000000671400000|100%| O|  |TAMS 0x0000000671400000, 0x0000000671000000| Untracked 
| 453|0x0000000671400000, 0x0000000671800000, 0x0000000671800000|100%| O|  |TAMS 0x0000000671400000, 0x0000000671400000| Untracked 
| 454|0x0000000671800000, 0x0000000671c00000, 0x0000000671c00000|100%| O|  |TAMS 0x0000000671c00000, 0x0000000671800000| Untracked 
| 455|0x0000000671c00000, 0x0000000672000000, 0x0000000672000000|100%| O|  |TAMS 0x0000000672000000, 0x0000000671c00000| Untracked 
| 456|0x0000000672000000, 0x0000000672400000, 0x0000000672400000|100%| O|  |TAMS 0x0000000672400000, 0x0000000672000000| Untracked 
| 457|0x0000000672400000, 0x0000000672800000, 0x0000000672800000|100%| O|  |TAMS 0x0000000672800000, 0x0000000672400000| Untracked 
| 458|0x0000000672800000, 0x0000000672c00000, 0x0000000672c00000|100%| O|  |TAMS 0x0000000672c00000, 0x0000000672800000| Untracked 
| 459|0x0000000672c00000, 0x0000000673000000, 0x0000000673000000|100%| O|  |TAMS 0x0000000673000000, 0x0000000672c00000| Untracked 
| 460|0x0000000673000000, 0x0000000673400000, 0x0000000673400000|100%| O|  |TAMS 0x0000000673400000, 0x0000000673000000| Untracked 
| 461|0x0000000673400000, 0x0000000673800000, 0x0000000673800000|100%| O|  |TAMS 0x0000000673800000, 0x0000000673400000| Untracked 
| 462|0x0000000673800000, 0x0000000673c00000, 0x0000000673c00000|100%| O|  |TAMS 0x0000000673c00000, 0x0000000673800000| Untracked 
| 463|0x0000000673c00000, 0x0000000674000000, 0x0000000674000000|100%| O|  |TAMS 0x0000000674000000, 0x0000000673c00000| Untracked 
| 464|0x0000000674000000, 0x0000000674400000, 0x0000000674400000|100%| O|  |TAMS 0x0000000674400000, 0x0000000674000000| Untracked 
| 465|0x0000000674400000, 0x0000000674800000, 0x0000000674800000|100%| O|  |TAMS 0x0000000674800000, 0x0000000674400000| Untracked 
| 466|0x0000000674800000, 0x0000000674c00000, 0x0000000674c00000|100%| O|  |TAMS 0x0000000674c00000, 0x0000000674800000| Untracked 
| 467|0x0000000674c00000, 0x0000000675000000, 0x0000000675000000|100%| O|  |TAMS 0x0000000675000000, 0x0000000674c00000| Untracked 
| 468|0x0000000675000000, 0x0000000675400000, 0x0000000675400000|100%| O|  |TAMS 0x0000000675400000, 0x0000000675000000| Untracked 
| 469|0x0000000675400000, 0x0000000675800000, 0x0000000675800000|100%| O|  |TAMS 0x0000000675800000, 0x0000000675400000| Untracked 
| 470|0x0000000675800000, 0x0000000675c00000, 0x0000000675c00000|100%| O|  |TAMS 0x0000000675c00000, 0x0000000675800000| Untracked 
| 471|0x0000000675c00000, 0x0000000676000000, 0x0000000676000000|100%| O|  |TAMS 0x0000000676000000, 0x0000000675c00000| Untracked 
| 472|0x0000000676000000, 0x0000000676400000, 0x0000000676400000|100%| O|  |TAMS 0x0000000676400000, 0x0000000676000000| Untracked 
| 473|0x0000000676400000, 0x0000000676800000, 0x0000000676800000|100%| O|  |TAMS 0x0000000676800000, 0x0000000676400000| Untracked 
| 474|0x0000000676800000, 0x0000000676c00000, 0x0000000676c00000|100%| O|  |TAMS 0x0000000676c00000, 0x0000000676800000| Untracked 
| 475|0x0000000676c00000, 0x0000000677000000, 0x0000000677000000|100%| O|  |TAMS 0x0000000677000000, 0x0000000676c00000| Untracked 
| 476|0x0000000677000000, 0x0000000677400000, 0x0000000677400000|100%| O|  |TAMS 0x0000000677400000, 0x0000000677000000| Untracked 
| 477|0x0000000677400000, 0x0000000677800000, 0x0000000677800000|100%| O|  |TAMS 0x0000000677800000, 0x0000000677400000| Untracked 
| 478|0x0000000677800000, 0x0000000677c00000, 0x0000000677c00000|100%| O|  |TAMS 0x0000000677c00000, 0x0000000677800000| Untracked 
| 479|0x0000000677c00000, 0x0000000678000000, 0x0000000678000000|100%| O|  |TAMS 0x0000000678000000, 0x0000000677c00000| Untracked 
| 480|0x0000000678000000, 0x0000000678400000, 0x0000000678400000|100%| O|  |TAMS 0x0000000678400000, 0x0000000678000000| Untracked 
| 481|0x0000000678400000, 0x0000000678800000, 0x0000000678800000|100%| O|  |TAMS 0x0000000678800000, 0x0000000678400000| Untracked 
| 482|0x0000000678800000, 0x0000000678c00000, 0x0000000678c00000|100%| O|  |TAMS 0x0000000678c00000, 0x0000000678800000| Untracked 
| 483|0x0000000678c00000, 0x0000000679000000, 0x0000000679000000|100%| O|  |TAMS 0x0000000679000000, 0x0000000678c00000| Untracked 
| 484|0x0000000679000000, 0x0000000679400000, 0x0000000679400000|100%| O|  |TAMS 0x0000000679400000, 0x0000000679000000| Untracked 
| 485|0x0000000679400000, 0x0000000679800000, 0x0000000679800000|100%| O|  |TAMS 0x0000000679800000, 0x0000000679400000| Untracked 
| 486|0x0000000679800000, 0x0000000679c00000, 0x0000000679c00000|100%| O|  |TAMS 0x0000000679c00000, 0x0000000679800000| Untracked 
| 487|0x0000000679c00000, 0x000000067a000000, 0x000000067a000000|100%| O|  |TAMS 0x000000067a000000, 0x0000000679c00000| Untracked 
| 488|0x000000067a000000, 0x000000067a400000, 0x000000067a400000|100%| O|  |TAMS 0x000000067a400000, 0x000000067a000000| Untracked 
| 489|0x000000067a400000, 0x000000067a800000, 0x000000067a800000|100%| O|  |TAMS 0x000000067a400000, 0x000000067a400000| Untracked 
| 490|0x000000067a800000, 0x000000067ac00000, 0x000000067ac00000|100%| O|  |TAMS 0x000000067ac00000, 0x000000067a800000| Untracked 
| 491|0x000000067ac00000, 0x000000067b000000, 0x000000067b000000|100%| O|  |TAMS 0x000000067ac00000, 0x000000067ac00000| Untracked 
| 492|0x000000067b000000, 0x000000067b400000, 0x000000067b400000|100%| O|  |TAMS 0x000000067b000000, 0x000000067b000000| Untracked 
| 493|0x000000067b400000, 0x000000067b800000, 0x000000067b800000|100%| O|  |TAMS 0x000000067b400000, 0x000000067b400000| Untracked 
| 494|0x000000067b800000, 0x000000067bc00000, 0x000000067bc00000|100%| O|  |TAMS 0x000000067b800000, 0x000000067b800000| Untracked 
| 495|0x000000067bc00000, 0x000000067c000000, 0x000000067c000000|100%| O|  |TAMS 0x000000067bc00000, 0x000000067bc00000| Untracked 
| 496|0x000000067c000000, 0x000000067c400000, 0x000000067c400000|100%| O|  |TAMS 0x000000067c000000, 0x000000067c000000| Untracked 
| 497|0x000000067c400000, 0x000000067c800000, 0x000000067c800000|100%| O|  |TAMS 0x000000067c400000, 0x000000067c400000| Untracked 
| 498|0x000000067c800000, 0x000000067cc00000, 0x000000067cc00000|100%| O|  |TAMS 0x000000067c800000, 0x000000067c800000| Untracked 
| 499|0x000000067cc00000, 0x000000067d000000, 0x000000067d000000|100%| O|  |TAMS 0x000000067cc00000, 0x000000067cc00000| Untracked 
| 500|0x000000067d000000, 0x000000067d400000, 0x000000067d400000|100%| O|  |TAMS 0x000000067d000000, 0x000000067d000000| Untracked 
| 501|0x000000067d400000, 0x000000067d800000, 0x000000067d800000|100%| O|  |TAMS 0x000000067d800000, 0x000000067d400000| Untracked 
| 502|0x000000067d800000, 0x000000067dc00000, 0x000000067dc00000|100%| O|  |TAMS 0x000000067dc00000, 0x000000067d800000| Untracked 
| 503|0x000000067dc00000, 0x000000067e000000, 0x000000067e000000|100%| O|  |TAMS 0x000000067e000000, 0x000000067dc00000| Untracked 
| 504|0x000000067e000000, 0x000000067e400000, 0x000000067e400000|100%| O|  |TAMS 0x000000067e000000, 0x000000067e000000| Untracked 
| 505|0x000000067e400000, 0x000000067e800000, 0x000000067e800000|100%| O|  |TAMS 0x000000067e800000, 0x000000067e400000| Untracked 
| 506|0x000000067e800000, 0x000000067ec00000, 0x000000067ec00000|100%| O|  |TAMS 0x000000067ec00000, 0x000000067e800000| Untracked 
| 507|0x000000067ec00000, 0x000000067f000000, 0x000000067f000000|100%| O|  |TAMS 0x000000067ec00000, 0x000000067ec00000| Untracked 
| 508|0x000000067f000000, 0x000000067f400000, 0x000000067f400000|100%| O|  |TAMS 0x000000067f000000, 0x000000067f000000| Untracked 
| 509|0x000000067f400000, 0x000000067f800000, 0x000000067f800000|100%| O|  |TAMS 0x000000067f400000, 0x000000067f400000| Untracked 
| 510|0x000000067f800000, 0x000000067fc00000, 0x000000067fc00000|100%| O|  |TAMS 0x000000067f800000, 0x000000067f800000| Untracked 
| 511|0x000000067fc00000, 0x0000000680000000, 0x0000000680000000|100%| O|  |TAMS 0x000000067fc00000, 0x000000067fc00000| Untracked 
| 512|0x0000000680000000, 0x0000000680400000, 0x0000000680400000|100%| O|  |TAMS 0x0000000680000000, 0x0000000680000000| Untracked 
| 513|0x0000000680400000, 0x0000000680800000, 0x0000000680800000|100%| O|  |TAMS 0x0000000680400000, 0x0000000680400000| Untracked 
| 514|0x0000000680800000, 0x0000000680c00000, 0x0000000680c00000|100%| O|  |TAMS 0x0000000680800000, 0x0000000680800000| Untracked 
| 515|0x0000000680c00000, 0x0000000681000000, 0x0000000681000000|100%| O|  |TAMS 0x0000000680c00000, 0x0000000680c00000| Untracked 
| 516|0x0000000681000000, 0x0000000681400000, 0x0000000681400000|100%| O|  |TAMS 0x0000000681000000, 0x0000000681000000| Untracked 
| 517|0x0000000681400000, 0x0000000681800000, 0x0000000681800000|100%| O|  |TAMS 0x0000000681400000, 0x0000000681400000| Untracked 
| 518|0x0000000681800000, 0x0000000681c00000, 0x0000000681c00000|100%| O|  |TAMS 0x0000000681c00000, 0x0000000681800000| Untracked 
| 519|0x0000000681c00000, 0x0000000682000000, 0x0000000682000000|100%| O|  |TAMS 0x0000000682000000, 0x0000000681c00000| Untracked 
| 520|0x0000000682000000, 0x0000000682400000, 0x0000000682400000|100%| O|  |TAMS 0x0000000682400000, 0x0000000682000000| Untracked 
| 521|0x0000000682400000, 0x0000000682800000, 0x0000000682800000|100%| O|  |TAMS 0x0000000682400000, 0x0000000682400000| Untracked 
| 522|0x0000000682800000, 0x0000000682c00000, 0x0000000682c00000|100%| O|  |TAMS 0x0000000682800000, 0x0000000682800000| Untracked 
| 523|0x0000000682c00000, 0x0000000683000000, 0x0000000683000000|100%| O|  |TAMS 0x0000000682c00000, 0x0000000682c00000| Untracked 
| 524|0x0000000683000000, 0x0000000683400000, 0x0000000683400000|100%| O|  |TAMS 0x0000000683000000, 0x0000000683000000| Untracked 
| 525|0x0000000683400000, 0x0000000683800000, 0x0000000683800000|100%| O|  |TAMS 0x0000000683400000, 0x0000000683400000| Untracked 
| 526|0x0000000683800000, 0x0000000683c00000, 0x0000000683c00000|100%| O|  |TAMS 0x0000000683800000, 0x0000000683800000| Untracked 
| 527|0x0000000683c00000, 0x0000000684000000, 0x0000000684000000|100%| O|  |TAMS 0x0000000683c00000, 0x0000000683c00000| Untracked 
| 528|0x0000000684000000, 0x0000000684400000, 0x0000000684400000|100%| O|  |TAMS 0x0000000684000000, 0x0000000684000000| Untracked 
| 529|0x0000000684400000, 0x0000000684800000, 0x0000000684800000|100%| O|  |TAMS 0x0000000684800000, 0x0000000684400000| Untracked 
| 530|0x0000000684800000, 0x0000000684c00000, 0x0000000684c00000|100%| O|  |TAMS 0x0000000684c00000, 0x0000000684800000| Untracked 
| 531|0x0000000684c00000, 0x0000000685000000, 0x0000000685000000|100%| O|  |TAMS 0x0000000685000000, 0x0000000684c00000| Untracked 
| 532|0x0000000685000000, 0x0000000685400000, 0x0000000685400000|100%| O|  |TAMS 0x0000000685400000, 0x0000000685000000| Untracked 
| 533|0x0000000685400000, 0x0000000685800000, 0x0000000685800000|100%| O|  |TAMS 0x0000000685800000, 0x0000000685400000| Untracked 
| 534|0x0000000685800000, 0x0000000685c00000, 0x0000000685c00000|100%| O|  |TAMS 0x0000000685c00000, 0x0000000685800000| Untracked 
| 535|0x0000000685c00000, 0x0000000686000000, 0x0000000686000000|100%| O|  |TAMS 0x0000000686000000, 0x0000000685c00000| Untracked 
| 536|0x0000000686000000, 0x0000000686400000, 0x0000000686400000|100%| O|  |TAMS 0x0000000686400000, 0x0000000686000000| Untracked 
| 537|0x0000000686400000, 0x0000000686800000, 0x0000000686800000|100%| O|  |TAMS 0x0000000686800000, 0x0000000686400000| Untracked 
| 538|0x0000000686800000, 0x0000000686c00000, 0x0000000686c00000|100%| O|  |TAMS 0x0000000686c00000, 0x0000000686800000| Untracked 
| 539|0x0000000686c00000, 0x0000000687000000, 0x0000000687000000|100%| O|  |TAMS 0x0000000687000000, 0x0000000686c00000| Untracked 
| 540|0x0000000687000000, 0x0000000687400000, 0x0000000687400000|100%| O|  |TAMS 0x0000000687400000, 0x0000000687000000| Untracked 
| 541|0x0000000687400000, 0x0000000687800000, 0x0000000687800000|100%| O|  |TAMS 0x0000000687800000, 0x0000000687400000| Untracked 
| 542|0x0000000687800000, 0x0000000687c00000, 0x0000000687c00000|100%| O|  |TAMS 0x0000000687c00000, 0x0000000687800000| Untracked 
| 543|0x0000000687c00000, 0x0000000688000000, 0x0000000688000000|100%| O|  |TAMS 0x0000000688000000, 0x0000000687c00000| Untracked 
| 544|0x0000000688000000, 0x0000000688400000, 0x0000000688400000|100%| O|  |TAMS 0x0000000688400000, 0x0000000688000000| Untracked 
| 545|0x0000000688400000, 0x0000000688800000, 0x0000000688800000|100%| O|  |TAMS 0x0000000688800000, 0x0000000688400000| Untracked 
| 546|0x0000000688800000, 0x0000000688c00000, 0x0000000688c00000|100%| O|  |TAMS 0x0000000688c00000, 0x0000000688800000| Untracked 
| 547|0x0000000688c00000, 0x0000000689000000, 0x0000000689000000|100%| O|  |TAMS 0x0000000689000000, 0x0000000688c00000| Untracked 
| 548|0x0000000689000000, 0x0000000689400000, 0x0000000689400000|100%| O|  |TAMS 0x0000000689400000, 0x0000000689000000| Untracked 
| 549|0x0000000689400000, 0x0000000689800000, 0x0000000689800000|100%| O|  |TAMS 0x0000000689800000, 0x0000000689400000| Untracked 
| 550|0x0000000689800000, 0x0000000689c00000, 0x0000000689c00000|100%| O|  |TAMS 0x0000000689c00000, 0x0000000689800000| Untracked 
| 551|0x0000000689c00000, 0x000000068a000000, 0x000000068a000000|100%| O|  |TAMS 0x000000068a000000, 0x0000000689c00000| Untracked 
| 552|0x000000068a000000, 0x000000068a400000, 0x000000068a400000|100%| O|  |TAMS 0x000000068a400000, 0x000000068a000000| Untracked 
| 553|0x000000068a400000, 0x000000068a800000, 0x000000068a800000|100%| O|  |TAMS 0x000000068a800000, 0x000000068a400000| Untracked 
| 554|0x000000068a800000, 0x000000068ac00000, 0x000000068ac00000|100%| O|  |TAMS 0x000000068ac00000, 0x000000068a800000| Untracked 
| 555|0x000000068ac00000, 0x000000068b000000, 0x000000068b000000|100%| O|  |TAMS 0x000000068b000000, 0x000000068ac00000| Untracked 
| 556|0x000000068b000000, 0x000000068b400000, 0x000000068b400000|100%| O|  |TAMS 0x000000068b400000, 0x000000068b000000| Untracked 
| 557|0x000000068b400000, 0x000000068b800000, 0x000000068b800000|100%| O|  |TAMS 0x000000068b800000, 0x000000068b400000| Untracked 
| 558|0x000000068b800000, 0x000000068bc00000, 0x000000068bc00000|100%| O|  |TAMS 0x000000068bc00000, 0x000000068b800000| Untracked 
| 559|0x000000068bc00000, 0x000000068c000000, 0x000000068c000000|100%| O|  |TAMS 0x000000068c000000, 0x000000068bc00000| Untracked 
| 560|0x000000068c000000, 0x000000068c400000, 0x000000068c400000|100%| O|  |TAMS 0x000000068c400000, 0x000000068c000000| Untracked 
| 561|0x000000068c400000, 0x000000068c800000, 0x000000068c800000|100%| O|  |TAMS 0x000000068c800000, 0x000000068c400000| Untracked 
| 562|0x000000068c800000, 0x000000068cc00000, 0x000000068cc00000|100%| O|  |TAMS 0x000000068cc00000, 0x000000068c800000| Untracked 
| 563|0x000000068cc00000, 0x000000068d000000, 0x000000068d000000|100%| O|  |TAMS 0x000000068d000000, 0x000000068cc00000| Untracked 
| 564|0x000000068d000000, 0x000000068d400000, 0x000000068d400000|100%| O|  |TAMS 0x000000068d400000, 0x000000068d000000| Untracked 
| 565|0x000000068d400000, 0x000000068d800000, 0x000000068d800000|100%| O|  |TAMS 0x000000068d800000, 0x000000068d400000| Untracked 
| 566|0x000000068d800000, 0x000000068dc00000, 0x000000068dc00000|100%| O|  |TAMS 0x000000068dc00000, 0x000000068d800000| Untracked 
| 567|0x000000068dc00000, 0x000000068e000000, 0x000000068e000000|100%| O|  |TAMS 0x000000068e000000, 0x000000068dc00000| Untracked 
| 568|0x000000068e000000, 0x000000068e400000, 0x000000068e400000|100%| O|  |TAMS 0x000000068e400000, 0x000000068e000000| Untracked 
| 569|0x000000068e400000, 0x000000068e800000, 0x000000068e800000|100%| O|  |TAMS 0x000000068e800000, 0x000000068e400000| Untracked 
| 570|0x000000068e800000, 0x000000068ec00000, 0x000000068ec00000|100%| O|  |TAMS 0x000000068ec00000, 0x000000068e800000| Untracked 
| 571|0x000000068ec00000, 0x000000068f000000, 0x000000068f000000|100%| O|  |TAMS 0x000000068f000000, 0x000000068ec00000| Untracked 
| 572|0x000000068f000000, 0x000000068f400000, 0x000000068f400000|100%| O|  |TAMS 0x000000068f400000, 0x000000068f000000| Untracked 
| 573|0x000000068f400000, 0x000000068f800000, 0x000000068f800000|100%| O|  |TAMS 0x000000068f800000, 0x000000068f400000| Untracked 
| 574|0x000000068f800000, 0x000000068fc00000, 0x000000068fc00000|100%| O|  |TAMS 0x000000068fc00000, 0x000000068f800000| Untracked 
| 575|0x000000068fc00000, 0x0000000690000000, 0x0000000690000000|100%| O|  |TAMS 0x0000000690000000, 0x000000068fc00000| Untracked 
| 576|0x0000000690000000, 0x0000000690400000, 0x0000000690400000|100%| O|  |TAMS 0x0000000690400000, 0x0000000690000000| Untracked 
| 577|0x0000000690400000, 0x0000000690800000, 0x0000000690800000|100%| O|  |TAMS 0x0000000690800000, 0x0000000690400000| Untracked 
| 578|0x0000000690800000, 0x0000000690c00000, 0x0000000690c00000|100%| O|  |TAMS 0x0000000690c00000, 0x0000000690800000| Untracked 
| 579|0x0000000690c00000, 0x0000000691000000, 0x0000000691000000|100%| O|  |TAMS 0x0000000691000000, 0x0000000690c00000| Untracked 
| 580|0x0000000691000000, 0x0000000691400000, 0x0000000691400000|100%| O|  |TAMS 0x0000000691400000, 0x0000000691000000| Untracked 
| 581|0x0000000691400000, 0x0000000691800000, 0x0000000691800000|100%| O|  |TAMS 0x0000000691800000, 0x0000000691400000| Untracked 
| 582|0x0000000691800000, 0x0000000691c00000, 0x0000000691c00000|100%| O|  |TAMS 0x0000000691c00000, 0x0000000691800000| Untracked 
| 583|0x0000000691c00000, 0x0000000692000000, 0x0000000692000000|100%| O|  |TAMS 0x0000000692000000, 0x0000000691c00000| Untracked 
| 584|0x0000000692000000, 0x0000000692400000, 0x0000000692400000|100%| O|  |TAMS 0x0000000692400000, 0x0000000692000000| Untracked 
| 585|0x0000000692400000, 0x0000000692800000, 0x0000000692800000|100%| O|  |TAMS 0x0000000692800000, 0x0000000692400000| Untracked 
| 586|0x0000000692800000, 0x0000000692c00000, 0x0000000692c00000|100%| O|  |TAMS 0x0000000692c00000, 0x0000000692800000| Untracked 
| 587|0x0000000692c00000, 0x0000000693000000, 0x0000000693000000|100%| O|  |TAMS 0x0000000693000000, 0x0000000692c00000| Untracked 
| 588|0x0000000693000000, 0x0000000693400000, 0x0000000693400000|100%| O|  |TAMS 0x0000000693400000, 0x0000000693000000| Untracked 
| 589|0x0000000693400000, 0x0000000693800000, 0x0000000693800000|100%| O|  |TAMS 0x0000000693800000, 0x0000000693400000| Untracked 
| 590|0x0000000693800000, 0x0000000693c00000, 0x0000000693c00000|100%| O|  |TAMS 0x0000000693c00000, 0x0000000693800000| Untracked 
| 591|0x0000000693c00000, 0x0000000694000000, 0x0000000694000000|100%| O|  |TAMS 0x0000000694000000, 0x0000000693c00000| Untracked 
| 592|0x0000000694000000, 0x0000000694400000, 0x0000000694400000|100%| O|  |TAMS 0x0000000694400000, 0x0000000694000000| Untracked 
| 593|0x0000000694400000, 0x0000000694800000, 0x0000000694800000|100%| O|  |TAMS 0x0000000694800000, 0x0000000694400000| Untracked 
| 594|0x0000000694800000, 0x0000000694c00000, 0x0000000694c00000|100%| O|  |TAMS 0x0000000694c00000, 0x0000000694800000| Untracked 
| 595|0x0000000694c00000, 0x0000000695000000, 0x0000000695000000|100%| O|  |TAMS 0x0000000695000000, 0x0000000694c00000| Untracked 
| 596|0x0000000695000000, 0x0000000695400000, 0x0000000695400000|100%| O|  |TAMS 0x0000000695400000, 0x0000000695000000| Untracked 
| 597|0x0000000695400000, 0x0000000695800000, 0x0000000695800000|100%| O|  |TAMS 0x0000000695800000, 0x0000000695400000| Untracked 
| 598|0x0000000695800000, 0x0000000695c00000, 0x0000000695c00000|100%| O|  |TAMS 0x0000000695c00000, 0x0000000695800000| Untracked 
| 599|0x0000000695c00000, 0x0000000696000000, 0x0000000696000000|100%| O|  |TAMS 0x0000000696000000, 0x0000000695c00000| Untracked 
| 600|0x0000000696000000, 0x0000000696400000, 0x0000000696400000|100%| O|  |TAMS 0x0000000696400000, 0x0000000696000000| Untracked 
| 601|0x0000000696400000, 0x0000000696800000, 0x0000000696800000|100%| O|  |TAMS 0x0000000696800000, 0x0000000696400000| Untracked 
| 602|0x0000000696800000, 0x0000000696c00000, 0x0000000696c00000|100%| O|  |TAMS 0x0000000696c00000, 0x0000000696800000| Untracked 
| 603|0x0000000696c00000, 0x0000000697000000, 0x0000000697000000|100%| O|  |TAMS 0x0000000697000000, 0x0000000696c00000| Untracked 
| 604|0x0000000697000000, 0x0000000697400000, 0x0000000697400000|100%| O|  |TAMS 0x0000000697400000, 0x0000000697000000| Untracked 
| 605|0x0000000697400000, 0x0000000697800000, 0x0000000697800000|100%| O|  |TAMS 0x0000000697800000, 0x0000000697400000| Untracked 
| 606|0x0000000697800000, 0x0000000697c00000, 0x0000000697c00000|100%| O|  |TAMS 0x0000000697c00000, 0x0000000697800000| Untracked 
| 607|0x0000000697c00000, 0x0000000698000000, 0x0000000698000000|100%| O|  |TAMS 0x0000000698000000, 0x0000000697c00000| Untracked 
| 608|0x0000000698000000, 0x0000000698400000, 0x0000000698400000|100%| O|  |TAMS 0x0000000698400000, 0x0000000698000000| Untracked 
| 609|0x0000000698400000, 0x0000000698800000, 0x0000000698800000|100%| O|  |TAMS 0x0000000698800000, 0x0000000698400000| Untracked 
| 610|0x0000000698800000, 0x0000000698c00000, 0x0000000698c00000|100%| O|  |TAMS 0x0000000698c00000, 0x0000000698800000| Untracked 
| 611|0x0000000698c00000, 0x0000000699000000, 0x0000000699000000|100%| O|  |TAMS 0x0000000699000000, 0x0000000698c00000| Untracked 
| 612|0x0000000699000000, 0x0000000699400000, 0x0000000699400000|100%| O|  |TAMS 0x0000000699400000, 0x0000000699000000| Untracked 
| 613|0x0000000699400000, 0x0000000699800000, 0x0000000699800000|100%| O|  |TAMS 0x0000000699800000, 0x0000000699400000| Untracked 
| 614|0x0000000699800000, 0x0000000699c00000, 0x0000000699c00000|100%| O|  |TAMS 0x0000000699c00000, 0x0000000699800000| Untracked 
| 615|0x0000000699c00000, 0x000000069a000000, 0x000000069a000000|100%| O|  |TAMS 0x000000069a000000, 0x0000000699c00000| Untracked 
| 616|0x000000069a000000, 0x000000069a400000, 0x000000069a400000|100%| O|  |TAMS 0x000000069a400000, 0x000000069a000000| Untracked 
| 617|0x000000069a400000, 0x000000069a800000, 0x000000069a800000|100%| O|  |TAMS 0x000000069a800000, 0x000000069a400000| Untracked 
| 618|0x000000069a800000, 0x000000069ac00000, 0x000000069ac00000|100%| O|  |TAMS 0x000000069ac00000, 0x000000069a800000| Untracked 
| 619|0x000000069ac00000, 0x000000069b000000, 0x000000069b000000|100%| O|  |TAMS 0x000000069b000000, 0x000000069ac00000| Untracked 
| 620|0x000000069b000000, 0x000000069b400000, 0x000000069b400000|100%| O|  |TAMS 0x000000069b400000, 0x000000069b000000| Untracked 
| 621|0x000000069b400000, 0x000000069b800000, 0x000000069b800000|100%| O|  |TAMS 0x000000069b800000, 0x000000069b400000| Untracked 
| 622|0x000000069b800000, 0x000000069bc00000, 0x000000069bc00000|100%| O|  |TAMS 0x000000069bc00000, 0x000000069b800000| Untracked 
| 623|0x000000069bc00000, 0x000000069c000000, 0x000000069c000000|100%| O|  |TAMS 0x000000069bc00000, 0x000000069bc00000| Untracked 
| 624|0x000000069c000000, 0x000000069c400000, 0x000000069c400000|100%| O|  |TAMS 0x000000069c000000, 0x000000069c000000| Untracked 
| 625|0x000000069c400000, 0x000000069c800000, 0x000000069c800000|100%| O|  |TAMS 0x000000069c800000, 0x000000069c400000| Untracked 
| 626|0x000000069c800000, 0x000000069cc00000, 0x000000069cc00000|100%| O|  |TAMS 0x000000069cc00000, 0x000000069c800000| Untracked 
| 627|0x000000069cc00000, 0x000000069d000000, 0x000000069d000000|100%| O|  |TAMS 0x000000069d000000, 0x000000069cc00000| Untracked 
| 628|0x000000069d000000, 0x000000069d400000, 0x000000069d400000|100%| O|  |TAMS 0x000000069d400000, 0x000000069d000000| Untracked 
| 629|0x000000069d400000, 0x000000069d800000, 0x000000069d800000|100%| O|  |TAMS 0x000000069d800000, 0x000000069d400000| Untracked 
| 630|0x000000069d800000, 0x000000069dc00000, 0x000000069dc00000|100%| O|  |TAMS 0x000000069dc00000, 0x000000069d800000| Untracked 
| 631|0x000000069dc00000, 0x000000069e000000, 0x000000069e000000|100%| O|  |TAMS 0x000000069e000000, 0x000000069dc00000| Untracked 
| 632|0x000000069e000000, 0x000000069e400000, 0x000000069e400000|100%| O|  |TAMS 0x000000069e400000, 0x000000069e000000| Untracked 
| 633|0x000000069e400000, 0x000000069e800000, 0x000000069e800000|100%| O|  |TAMS 0x000000069e800000, 0x000000069e400000| Untracked 
| 634|0x000000069e800000, 0x000000069ec00000, 0x000000069ec00000|100%| O|  |TAMS 0x000000069ec00000, 0x000000069e800000| Untracked 
| 635|0x000000069ec00000, 0x000000069f000000, 0x000000069f000000|100%| O|  |TAMS 0x000000069f000000, 0x000000069ec00000| Untracked 
| 636|0x000000069f000000, 0x000000069f400000, 0x000000069f400000|100%| O|  |TAMS 0x000000069f400000, 0x000000069f000000| Untracked 
| 637|0x000000069f400000, 0x000000069f800000, 0x000000069f800000|100%| O|  |TAMS 0x000000069f800000, 0x000000069f400000| Untracked 
| 638|0x000000069f800000, 0x000000069fc00000, 0x000000069fc00000|100%| O|  |TAMS 0x000000069fc00000, 0x000000069f800000| Untracked 
| 639|0x000000069fc00000, 0x00000006a0000000, 0x00000006a0000000|100%| O|  |TAMS 0x00000006a0000000, 0x000000069fc00000| Untracked 
| 640|0x00000006a0000000, 0x00000006a0400000, 0x00000006a0400000|100%| O|  |TAMS 0x00000006a0400000, 0x00000006a0000000| Untracked 
| 641|0x00000006a0400000, 0x00000006a0800000, 0x00000006a0800000|100%| O|  |TAMS 0x00000006a0800000, 0x00000006a0400000| Untracked 
| 642|0x00000006a0800000, 0x00000006a0c00000, 0x00000006a0c00000|100%| O|  |TAMS 0x00000006a0c00000, 0x00000006a0800000| Untracked 
| 643|0x00000006a0c00000, 0x00000006a1000000, 0x00000006a1000000|100%| O|  |TAMS 0x00000006a1000000, 0x00000006a0c00000| Untracked 
| 644|0x00000006a1000000, 0x00000006a1400000, 0x00000006a1400000|100%| O|  |TAMS 0x00000006a1400000, 0x00000006a1000000| Untracked 
| 645|0x00000006a1400000, 0x00000006a1800000, 0x00000006a1800000|100%| O|  |TAMS 0x00000006a1800000, 0x00000006a1400000| Untracked 
| 646|0x00000006a1800000, 0x00000006a1c00000, 0x00000006a1c00000|100%| O|  |TAMS 0x00000006a1c00000, 0x00000006a1800000| Untracked 
| 647|0x00000006a1c00000, 0x00000006a2000000, 0x00000006a2000000|100%| O|  |TAMS 0x00000006a2000000, 0x00000006a1c00000| Untracked 
| 648|0x00000006a2000000, 0x00000006a2400000, 0x00000006a2400000|100%| O|  |TAMS 0x00000006a2000000, 0x00000006a2000000| Untracked 
| 649|0x00000006a2400000, 0x00000006a2800000, 0x00000006a2800000|100%| O|  |TAMS 0x00000006a2400000, 0x00000006a2400000| Untracked 
| 650|0x00000006a2800000, 0x00000006a2c00000, 0x00000006a2c00000|100%| O|  |TAMS 0x00000006a2c00000, 0x00000006a2800000| Untracked 
| 651|0x00000006a2c00000, 0x00000006a3000000, 0x00000006a3000000|100%| O|  |TAMS 0x00000006a3000000, 0x00000006a2c00000| Untracked 
| 652|0x00000006a3000000, 0x00000006a3400000, 0x00000006a3400000|100%| O|  |TAMS 0x00000006a3400000, 0x00000006a3000000| Untracked 
| 653|0x00000006a3400000, 0x00000006a3800000, 0x00000006a3800000|100%| O|  |TAMS 0x00000006a3800000, 0x00000006a3400000| Untracked 
| 654|0x00000006a3800000, 0x00000006a3c00000, 0x00000006a3c00000|100%| O|  |TAMS 0x00000006a3c00000, 0x00000006a3800000| Untracked 
| 655|0x00000006a3c00000, 0x00000006a4000000, 0x00000006a4000000|100%| O|  |TAMS 0x00000006a4000000, 0x00000006a3c00000| Untracked 
| 656|0x00000006a4000000, 0x00000006a4400000, 0x00000006a4400000|100%| O|  |TAMS 0x00000006a4400000, 0x00000006a4000000| Untracked 
| 657|0x00000006a4400000, 0x00000006a4800000, 0x00000006a4800000|100%| O|  |TAMS 0x00000006a4800000, 0x00000006a4400000| Untracked 
| 658|0x00000006a4800000, 0x00000006a4c00000, 0x00000006a4c00000|100%| O|  |TAMS 0x00000006a4c00000, 0x00000006a4800000| Untracked 
| 659|0x00000006a4c00000, 0x00000006a5000000, 0x00000006a5000000|100%| O|  |TAMS 0x00000006a5000000, 0x00000006a4c00000| Untracked 
| 660|0x00000006a5000000, 0x00000006a5400000, 0x00000006a5400000|100%| O|  |TAMS 0x00000006a5400000, 0x00000006a5000000| Untracked 
| 661|0x00000006a5400000, 0x00000006a5800000, 0x00000006a5800000|100%| O|  |TAMS 0x00000006a5800000, 0x00000006a5400000| Untracked 
| 662|0x00000006a5800000, 0x00000006a5c00000, 0x00000006a5c00000|100%| O|  |TAMS 0x00000006a5c00000, 0x00000006a5800000| Untracked 
| 663|0x00000006a5c00000, 0x00000006a6000000, 0x00000006a6000000|100%| O|  |TAMS 0x00000006a6000000, 0x00000006a5c00000| Untracked 
| 664|0x00000006a6000000, 0x00000006a6400000, 0x00000006a6400000|100%| O|  |TAMS 0x00000006a6400000, 0x00000006a6000000| Untracked 
| 665|0x00000006a6400000, 0x00000006a6800000, 0x00000006a6800000|100%| O|  |TAMS 0x00000006a6800000, 0x00000006a6400000| Untracked 
| 666|0x00000006a6800000, 0x00000006a6c00000, 0x00000006a6c00000|100%| O|  |TAMS 0x00000006a6c00000, 0x00000006a6800000| Untracked 
| 667|0x00000006a6c00000, 0x00000006a7000000, 0x00000006a7000000|100%| O|  |TAMS 0x00000006a7000000, 0x00000006a6c00000| Untracked 
| 668|0x00000006a7000000, 0x00000006a7400000, 0x00000006a7400000|100%| O|  |TAMS 0x00000006a7400000, 0x00000006a7000000| Untracked 
| 669|0x00000006a7400000, 0x00000006a7800000, 0x00000006a7800000|100%| O|  |TAMS 0x00000006a7800000, 0x00000006a7400000| Untracked 
| 670|0x00000006a7800000, 0x00000006a7c00000, 0x00000006a7c00000|100%| O|  |TAMS 0x00000006a7800000, 0x00000006a7800000| Untracked 
| 671|0x00000006a7c00000, 0x00000006a8000000, 0x00000006a8000000|100%| O|  |TAMS 0x00000006a8000000, 0x00000006a7c00000| Untracked 
| 672|0x00000006a8000000, 0x00000006a8400000, 0x00000006a8400000|100%|HS|  |TAMS 0x00000006a8400000, 0x00000006a8000000| Complete 
| 673|0x00000006a8400000, 0x00000006a8800000, 0x00000006a8800000|100%|HS|  |TAMS 0x00000006a8800000, 0x00000006a8400000| Complete 
| 674|0x00000006a8800000, 0x00000006a8c00000, 0x00000006a8c00000|100%| O|  |TAMS 0x00000006a8c00000, 0x00000006a8800000| Untracked 
| 675|0x00000006a8c00000, 0x00000006a9000000, 0x00000006a9000000|100%| O|  |TAMS 0x00000006a9000000, 0x00000006a8c00000| Untracked 
| 676|0x00000006a9000000, 0x00000006a9400000, 0x00000006a9400000|100%| O|  |TAMS 0x00000006a9400000, 0x00000006a9000000| Untracked 
| 677|0x00000006a9400000, 0x00000006a9800000, 0x00000006a9800000|100%| O|  |TAMS 0x00000006a9800000, 0x00000006a9400000| Untracked 
| 678|0x00000006a9800000, 0x00000006a9c00000, 0x00000006a9c00000|100%| O|  |TAMS 0x00000006a9c00000, 0x00000006a9800000| Untracked 
| 679|0x00000006a9c00000, 0x00000006aa000000, 0x00000006aa000000|100%| O|  |TAMS 0x00000006aa000000, 0x00000006a9c00000| Untracked 
| 680|0x00000006aa000000, 0x00000006aa400000, 0x00000006aa400000|100%| O|  |TAMS 0x00000006aa400000, 0x00000006aa000000| Untracked 
| 681|0x00000006aa400000, 0x00000006aa800000, 0x00000006aa800000|100%| O|  |TAMS 0x00000006aa800000, 0x00000006aa400000| Untracked 
| 682|0x00000006aa800000, 0x00000006aac00000, 0x00000006aac00000|100%| O|  |TAMS 0x00000006aac00000, 0x00000006aa800000| Untracked 
| 683|0x00000006aac00000, 0x00000006ab000000, 0x00000006ab000000|100%| O|  |TAMS 0x00000006ab000000, 0x00000006aac00000| Untracked 
| 684|0x00000006ab000000, 0x00000006ab400000, 0x00000006ab400000|100%| O|  |TAMS 0x00000006ab400000, 0x00000006ab000000| Untracked 
| 685|0x00000006ab400000, 0x00000006ab800000, 0x00000006ab800000|100%| O|  |TAMS 0x00000006ab800000, 0x00000006ab400000| Untracked 
| 686|0x00000006ab800000, 0x00000006abc00000, 0x00000006abc00000|100%| O|  |TAMS 0x00000006abc00000, 0x00000006ab800000| Untracked 
| 687|0x00000006abc00000, 0x00000006ac000000, 0x00000006ac000000|100%| O|  |TAMS 0x00000006ac000000, 0x00000006abc00000| Untracked 
| 688|0x00000006ac000000, 0x00000006ac400000, 0x00000006ac400000|100%| O|  |TAMS 0x00000006ac400000, 0x00000006ac000000| Untracked 
| 689|0x00000006ac400000, 0x00000006ac800000, 0x00000006ac800000|100%| O|  |TAMS 0x00000006ac400000, 0x00000006ac400000| Untracked 
| 690|0x00000006ac800000, 0x00000006acc00000, 0x00000006acc00000|100%| O|  |TAMS 0x00000006ac800000, 0x00000006ac800000| Untracked 
| 691|0x00000006acc00000, 0x00000006ad000000, 0x00000006ad000000|100%| O|  |TAMS 0x00000006ad000000, 0x00000006acc00000| Untracked 
| 692|0x00000006ad000000, 0x00000006ad400000, 0x00000006ad400000|100%| O|  |TAMS 0x00000006ad400000, 0x00000006ad000000| Untracked 
| 693|0x00000006ad400000, 0x00000006ad800000, 0x00000006ad800000|100%| O|  |TAMS 0x00000006ad800000, 0x00000006ad400000| Untracked 
| 694|0x00000006ad800000, 0x00000006adc00000, 0x00000006adc00000|100%| O|  |TAMS 0x00000006adc00000, 0x00000006ad800000| Untracked 
| 695|0x00000006adc00000, 0x00000006ae000000, 0x00000006ae000000|100%| O|  |TAMS 0x00000006ae000000, 0x00000006adc00000| Untracked 
| 696|0x00000006ae000000, 0x00000006ae400000, 0x00000006ae400000|100%| O|  |TAMS 0x00000006ae400000, 0x00000006ae000000| Untracked 
| 697|0x00000006ae400000, 0x00000006ae800000, 0x00000006ae800000|100%| O|  |TAMS 0x00000006ae800000, 0x00000006ae400000| Untracked 
| 698|0x00000006ae800000, 0x00000006aec00000, 0x00000006aec00000|100%| O|  |TAMS 0x00000006aec00000, 0x00000006ae800000| Untracked 
| 699|0x00000006aec00000, 0x00000006af000000, 0x00000006af000000|100%| O|  |TAMS 0x00000006af000000, 0x00000006aec00000| Untracked 
| 700|0x00000006af000000, 0x00000006af400000, 0x00000006af400000|100%| O|  |TAMS 0x00000006af400000, 0x00000006af000000| Untracked 
| 701|0x00000006af400000, 0x00000006af800000, 0x00000006af800000|100%| O|  |TAMS 0x00000006af800000, 0x00000006af400000| Untracked 
| 702|0x00000006af800000, 0x00000006afc00000, 0x00000006afc00000|100%| O|  |TAMS 0x00000006afc00000, 0x00000006af800000| Untracked 
| 703|0x00000006afc00000, 0x00000006b0000000, 0x00000006b0000000|100%| O|  |TAMS 0x00000006b0000000, 0x00000006afc00000| Untracked 
| 704|0x00000006b0000000, 0x00000006b0400000, 0x00000006b0400000|100%| O|  |TAMS 0x00000006b0000000, 0x00000006b0000000| Untracked 
| 705|0x00000006b0400000, 0x00000006b0800000, 0x00000006b0800000|100%| O|  |TAMS 0x00000006b0800000, 0x00000006b0400000| Untracked 
| 706|0x00000006b0800000, 0x00000006b0c00000, 0x00000006b0c00000|100%| O|  |TAMS 0x00000006b0c00000, 0x00000006b0800000| Untracked 
| 707|0x00000006b0c00000, 0x00000006b1000000, 0x00000006b1000000|100%| O|  |TAMS 0x00000006b1000000, 0x00000006b0c00000| Untracked 
| 708|0x00000006b1000000, 0x00000006b1400000, 0x00000006b1400000|100%| O|  |TAMS 0x00000006b1400000, 0x00000006b1000000| Untracked 
| 709|0x00000006b1400000, 0x00000006b1800000, 0x00000006b1800000|100%| O|  |TAMS 0x00000006b1800000, 0x00000006b1400000| Untracked 
| 710|0x00000006b1800000, 0x00000006b1c00000, 0x00000006b1c00000|100%| O|  |TAMS 0x00000006b1c00000, 0x00000006b1800000| Untracked 
| 711|0x00000006b1c00000, 0x00000006b2000000, 0x00000006b2000000|100%| O|  |TAMS 0x00000006b2000000, 0x00000006b1c00000| Untracked 
| 712|0x00000006b2000000, 0x00000006b2400000, 0x00000006b2400000|100%| O|  |TAMS 0x00000006b2400000, 0x00000006b2000000| Untracked 
| 713|0x00000006b2400000, 0x00000006b2800000, 0x00000006b2800000|100%| O|  |TAMS 0x00000006b2800000, 0x00000006b2400000| Untracked 
| 714|0x00000006b2800000, 0x00000006b2c00000, 0x00000006b2c00000|100%| O|  |TAMS 0x00000006b2c00000, 0x00000006b2800000| Untracked 
| 715|0x00000006b2c00000, 0x00000006b3000000, 0x00000006b3000000|100%| O|  |TAMS 0x00000006b3000000, 0x00000006b2c00000| Untracked 
| 716|0x00000006b3000000, 0x00000006b3400000, 0x00000006b3400000|100%| O|  |TAMS 0x00000006b3400000, 0x00000006b3000000| Untracked 
| 717|0x00000006b3400000, 0x00000006b3800000, 0x00000006b3800000|100%| O|  |TAMS 0x00000006b3800000, 0x00000006b3400000| Untracked 
| 718|0x00000006b3800000, 0x00000006b3c00000, 0x00000006b3c00000|100%| O|  |TAMS 0x00000006b3c00000, 0x00000006b3800000| Untracked 
| 719|0x00000006b3c00000, 0x00000006b4000000, 0x00000006b4000000|100%| O|  |TAMS 0x00000006b4000000, 0x00000006b3c00000| Untracked 
| 720|0x00000006b4000000, 0x00000006b4400000, 0x00000006b4400000|100%| O|  |TAMS 0x00000006b4400000, 0x00000006b4000000| Untracked 
| 721|0x00000006b4400000, 0x00000006b4800000, 0x00000006b4800000|100%| O|  |TAMS 0x00000006b4800000, 0x00000006b4400000| Untracked 
| 722|0x00000006b4800000, 0x00000006b4c00000, 0x00000006b4c00000|100%| O|  |TAMS 0x00000006b4c00000, 0x00000006b4800000| Untracked 
| 723|0x00000006b4c00000, 0x00000006b5000000, 0x00000006b5000000|100%| O|  |TAMS 0x00000006b5000000, 0x00000006b4c00000| Untracked 
| 724|0x00000006b5000000, 0x00000006b5400000, 0x00000006b5400000|100%| O|  |TAMS 0x00000006b5400000, 0x00000006b5000000| Untracked 
| 725|0x00000006b5400000, 0x00000006b5800000, 0x00000006b5800000|100%| O|  |TAMS 0x00000006b5800000, 0x00000006b5400000| Untracked 
| 726|0x00000006b5800000, 0x00000006b5c00000, 0x00000006b5c00000|100%| O|  |TAMS 0x00000006b5c00000, 0x00000006b5800000| Untracked 
| 727|0x00000006b5c00000, 0x00000006b6000000, 0x00000006b6000000|100%| O|  |TAMS 0x00000006b6000000, 0x00000006b5c00000| Untracked 
| 728|0x00000006b6000000, 0x00000006b6400000, 0x00000006b6400000|100%| O|  |TAMS 0x00000006b6000000, 0x00000006b6000000| Untracked 
| 729|0x00000006b6400000, 0x00000006b6800000, 0x00000006b6800000|100%| O|  |TAMS 0x00000006b6800000, 0x00000006b6400000| Untracked 
| 730|0x00000006b6800000, 0x00000006b6c00000, 0x00000006b6c00000|100%| O|  |TAMS 0x00000006b6c00000, 0x00000006b6800000| Untracked 
| 731|0x00000006b6c00000, 0x00000006b7000000, 0x00000006b7000000|100%| O|  |TAMS 0x00000006b7000000, 0x00000006b6c00000| Untracked 
| 732|0x00000006b7000000, 0x00000006b7400000, 0x00000006b7400000|100%| O|  |TAMS 0x00000006b7400000, 0x00000006b7000000| Untracked 
| 733|0x00000006b7400000, 0x00000006b7800000, 0x00000006b7800000|100%| O|  |TAMS 0x00000006b7800000, 0x00000006b7400000| Untracked 
| 734|0x00000006b7800000, 0x00000006b7c00000, 0x00000006b7c00000|100%| O|  |TAMS 0x00000006b7c00000, 0x00000006b7800000| Untracked 
| 735|0x00000006b7c00000, 0x00000006b8000000, 0x00000006b8000000|100%| O|  |TAMS 0x00000006b8000000, 0x00000006b7c00000| Untracked 
| 736|0x00000006b8000000, 0x00000006b8400000, 0x00000006b8400000|100%| O|  |TAMS 0x00000006b8400000, 0x00000006b8000000| Untracked 
| 737|0x00000006b8400000, 0x00000006b8800000, 0x00000006b8800000|100%| O|  |TAMS 0x00000006b8800000, 0x00000006b8400000| Untracked 
| 738|0x00000006b8800000, 0x00000006b8c00000, 0x00000006b8c00000|100%| O|  |TAMS 0x00000006b8c00000, 0x00000006b8800000| Untracked 
| 739|0x00000006b8c00000, 0x00000006b9000000, 0x00000006b9000000|100%| O|  |TAMS 0x00000006b9000000, 0x00000006b8c00000| Untracked 
| 740|0x00000006b9000000, 0x00000006b9400000, 0x00000006b9400000|100%| O|  |TAMS 0x00000006b9400000, 0x00000006b9000000| Untracked 
| 741|0x00000006b9400000, 0x00000006b9800000, 0x00000006b9800000|100%| O|  |TAMS 0x00000006b9800000, 0x00000006b9400000| Untracked 
| 742|0x00000006b9800000, 0x00000006b9c00000, 0x00000006b9c00000|100%| O|  |TAMS 0x00000006b9c00000, 0x00000006b9800000| Untracked 
| 743|0x00000006b9c00000, 0x00000006ba000000, 0x00000006ba000000|100%| O|  |TAMS 0x00000006ba000000, 0x00000006b9c00000| Untracked 
| 744|0x00000006ba000000, 0x00000006ba400000, 0x00000006ba400000|100%| O|  |TAMS 0x00000006ba400000, 0x00000006ba000000| Untracked 
| 745|0x00000006ba400000, 0x00000006ba800000, 0x00000006ba800000|100%| O|  |TAMS 0x00000006ba800000, 0x00000006ba400000| Untracked 
| 746|0x00000006ba800000, 0x00000006bac00000, 0x00000006bac00000|100%| O|  |TAMS 0x00000006bac00000, 0x00000006ba800000| Untracked 
| 747|0x00000006bac00000, 0x00000006bb000000, 0x00000006bb000000|100%| O|  |TAMS 0x00000006bb000000, 0x00000006bac00000| Untracked 
| 748|0x00000006bb000000, 0x00000006bb400000, 0x00000006bb400000|100%| O|  |TAMS 0x00000006bb400000, 0x00000006bb000000| Untracked 
| 749|0x00000006bb400000, 0x00000006bb800000, 0x00000006bb800000|100%| O|  |TAMS 0x00000006bb800000, 0x00000006bb400000| Untracked 
| 750|0x00000006bb800000, 0x00000006bbc00000, 0x00000006bbc00000|100%| O|  |TAMS 0x00000006bbc00000, 0x00000006bb800000| Untracked 
| 751|0x00000006bbc00000, 0x00000006bc000000, 0x00000006bc000000|100%| O|  |TAMS 0x00000006bc000000, 0x00000006bbc00000| Untracked 
| 752|0x00000006bc000000, 0x00000006bc400000, 0x00000006bc400000|100%| O|  |TAMS 0x00000006bc400000, 0x00000006bc000000| Untracked 
| 753|0x00000006bc400000, 0x00000006bc800000, 0x00000006bc800000|100%| O|  |TAMS 0x00000006bc800000, 0x00000006bc400000| Untracked 
| 754|0x00000006bc800000, 0x00000006bcc00000, 0x00000006bcc00000|100%| O|  |TAMS 0x00000006bcc00000, 0x00000006bc800000| Untracked 
| 755|0x00000006bcc00000, 0x00000006bd000000, 0x00000006bd000000|100%| O|  |TAMS 0x00000006bd000000, 0x00000006bcc00000| Untracked 
| 756|0x00000006bd000000, 0x00000006bd400000, 0x00000006bd400000|100%| O|  |TAMS 0x00000006bd400000, 0x00000006bd000000| Untracked 
| 757|0x00000006bd400000, 0x00000006bd800000, 0x00000006bd800000|100%| O|  |TAMS 0x00000006bd800000, 0x00000006bd400000| Untracked 
| 758|0x00000006bd800000, 0x00000006bdc00000, 0x00000006bdc00000|100%| O|  |TAMS 0x00000006bdc00000, 0x00000006bd800000| Untracked 
| 759|0x00000006bdc00000, 0x00000006be000000, 0x00000006be000000|100%| O|  |TAMS 0x00000006be000000, 0x00000006bdc00000| Untracked 
| 760|0x00000006be000000, 0x00000006be400000, 0x00000006be400000|100%| O|  |TAMS 0x00000006be400000, 0x00000006be000000| Untracked 
| 761|0x00000006be400000, 0x00000006be800000, 0x00000006be800000|100%| O|  |TAMS 0x00000006be800000, 0x00000006be400000| Untracked 
| 762|0x00000006be800000, 0x00000006bec00000, 0x00000006bec00000|100%| O|  |TAMS 0x00000006bec00000, 0x00000006be800000| Untracked 
| 763|0x00000006bec00000, 0x00000006bf000000, 0x00000006bf000000|100%| O|  |TAMS 0x00000006bf000000, 0x00000006bec00000| Untracked 
| 764|0x00000006bf000000, 0x00000006bf400000, 0x00000006bf400000|100%| O|  |TAMS 0x00000006bf400000, 0x00000006bf000000| Untracked 
| 765|0x00000006bf400000, 0x00000006bf800000, 0x00000006bf800000|100%| O|  |TAMS 0x00000006bf800000, 0x00000006bf400000| Untracked 
| 766|0x00000006bf800000, 0x00000006bfc00000, 0x00000006bfc00000|100%| O|  |TAMS 0x00000006bfc00000, 0x00000006bf800000| Untracked 
| 767|0x00000006bfc00000, 0x00000006c0000000, 0x00000006c0000000|100%| O|  |TAMS 0x00000006c0000000, 0x00000006bfc00000| Untracked 
| 768|0x00000006c0000000, 0x00000006c0400000, 0x00000006c0400000|100%| O|  |TAMS 0x00000006c0400000, 0x00000006c0000000| Untracked 
| 769|0x00000006c0400000, 0x00000006c0800000, 0x00000006c0800000|100%| O|  |TAMS 0x00000006c0800000, 0x00000006c0400000| Untracked 
| 770|0x00000006c0800000, 0x00000006c0c00000, 0x00000006c0c00000|100%| O|  |TAMS 0x00000006c0c00000, 0x00000006c0800000| Untracked 
| 771|0x00000006c0c00000, 0x00000006c1000000, 0x00000006c1000000|100%| O|  |TAMS 0x00000006c1000000, 0x00000006c0c00000| Untracked 
| 772|0x00000006c1000000, 0x00000006c1400000, 0x00000006c1400000|100%| O|  |TAMS 0x00000006c1400000, 0x00000006c1000000| Untracked 
| 773|0x00000006c1400000, 0x00000006c1800000, 0x00000006c1800000|100%| O|  |TAMS 0x00000006c1800000, 0x00000006c1400000| Untracked 
| 774|0x00000006c1800000, 0x00000006c1c00000, 0x00000006c1c00000|100%| O|  |TAMS 0x00000006c1c00000, 0x00000006c1800000| Untracked 
| 775|0x00000006c1c00000, 0x00000006c2000000, 0x00000006c2000000|100%| O|  |TAMS 0x00000006c2000000, 0x00000006c1c00000| Untracked 
| 776|0x00000006c2000000, 0x00000006c2400000, 0x00000006c2400000|100%| O|  |TAMS 0x00000006c2400000, 0x00000006c2000000| Untracked 
| 777|0x00000006c2400000, 0x00000006c2800000, 0x00000006c2800000|100%| O|  |TAMS 0x00000006c2800000, 0x00000006c2400000| Untracked 
| 778|0x00000006c2800000, 0x00000006c2c00000, 0x00000006c2c00000|100%| O|  |TAMS 0x00000006c2c00000, 0x00000006c2800000| Untracked 
| 779|0x00000006c2c00000, 0x00000006c3000000, 0x00000006c3000000|100%| O|  |TAMS 0x00000006c3000000, 0x00000006c2c00000| Untracked 
| 780|0x00000006c3000000, 0x00000006c3400000, 0x00000006c3400000|100%| O|  |TAMS 0x00000006c3400000, 0x00000006c3000000| Untracked 
| 781|0x00000006c3400000, 0x00000006c3800000, 0x00000006c3800000|100%| O|  |TAMS 0x00000006c3800000, 0x00000006c3400000| Untracked 
| 782|0x00000006c3800000, 0x00000006c3c00000, 0x00000006c3c00000|100%| O|  |TAMS 0x00000006c3c00000, 0x00000006c3800000| Untracked 
| 783|0x00000006c3c00000, 0x00000006c4000000, 0x00000006c4000000|100%| O|  |TAMS 0x00000006c4000000, 0x00000006c3c00000| Untracked 
| 784|0x00000006c4000000, 0x00000006c4400000, 0x00000006c4400000|100%| O|  |TAMS 0x00000006c4400000, 0x00000006c4000000| Untracked 
| 785|0x00000006c4400000, 0x00000006c4800000, 0x00000006c4800000|100%| O|  |TAMS 0x00000006c4800000, 0x00000006c4400000| Untracked 
| 786|0x00000006c4800000, 0x00000006c4c00000, 0x00000006c4c00000|100%| O|  |TAMS 0x00000006c4c00000, 0x00000006c4800000| Untracked 
| 787|0x00000006c4c00000, 0x00000006c5000000, 0x00000006c5000000|100%| O|  |TAMS 0x00000006c5000000, 0x00000006c4c00000| Untracked 
| 788|0x00000006c5000000, 0x00000006c5400000, 0x00000006c5400000|100%| O|  |TAMS 0x00000006c5400000, 0x00000006c5000000| Untracked 
| 789|0x00000006c5400000, 0x00000006c5800000, 0x00000006c5800000|100%| O|  |TAMS 0x00000006c5800000, 0x00000006c5400000| Untracked 
| 790|0x00000006c5800000, 0x00000006c5c00000, 0x00000006c5c00000|100%| O|  |TAMS 0x00000006c5c00000, 0x00000006c5800000| Untracked 
| 791|0x00000006c5c00000, 0x00000006c6000000, 0x00000006c6000000|100%| O|  |TAMS 0x00000006c6000000, 0x00000006c5c00000| Untracked 
| 792|0x00000006c6000000, 0x00000006c6400000, 0x00000006c6400000|100%| O|  |TAMS 0x00000006c6400000, 0x00000006c6000000| Untracked 
| 793|0x00000006c6400000, 0x00000006c6800000, 0x00000006c6800000|100%| O|  |TAMS 0x00000006c6800000, 0x00000006c6400000| Untracked 
| 794|0x00000006c6800000, 0x00000006c6c00000, 0x00000006c6c00000|100%| O|  |TAMS 0x00000006c6c00000, 0x00000006c6800000| Untracked 
| 795|0x00000006c6c00000, 0x00000006c7000000, 0x00000006c7000000|100%| O|  |TAMS 0x00000006c7000000, 0x00000006c6c00000| Untracked 
| 796|0x00000006c7000000, 0x00000006c7400000, 0x00000006c7400000|100%| O|  |TAMS 0x00000006c7400000, 0x00000006c7000000| Untracked 
| 797|0x00000006c7400000, 0x00000006c7800000, 0x00000006c7800000|100%| O|  |TAMS 0x00000006c7800000, 0x00000006c7400000| Untracked 
| 798|0x00000006c7800000, 0x00000006c7c00000, 0x00000006c7c00000|100%| O|  |TAMS 0x00000006c7c00000, 0x00000006c7800000| Untracked 
| 799|0x00000006c7c00000, 0x00000006c8000000, 0x00000006c8000000|100%| O|  |TAMS 0x00000006c8000000, 0x00000006c7c00000| Untracked 
| 800|0x00000006c8000000, 0x00000006c8400000, 0x00000006c8400000|100%| O|  |TAMS 0x00000006c8400000, 0x00000006c8000000| Untracked 
| 801|0x00000006c8400000, 0x00000006c8800000, 0x00000006c8800000|100%| O|  |TAMS 0x00000006c8800000, 0x00000006c8400000| Untracked 
| 802|0x00000006c8800000, 0x00000006c8c00000, 0x00000006c8c00000|100%| O|  |TAMS 0x00000006c8c00000, 0x00000006c8800000| Untracked 
| 803|0x00000006c8c00000, 0x00000006c9000000, 0x00000006c9000000|100%| O|  |TAMS 0x00000006c9000000, 0x00000006c8c00000| Untracked 
| 804|0x00000006c9000000, 0x00000006c9400000, 0x00000006c9400000|100%| O|  |TAMS 0x00000006c9400000, 0x00000006c9000000| Untracked 
| 805|0x00000006c9400000, 0x00000006c9800000, 0x00000006c9800000|100%| O|  |TAMS 0x00000006c9800000, 0x00000006c9400000| Untracked 
| 806|0x00000006c9800000, 0x00000006c9c00000, 0x00000006c9c00000|100%| O|  |TAMS 0x00000006c9c00000, 0x00000006c9800000| Untracked 
| 807|0x00000006c9c00000, 0x00000006ca000000, 0x00000006ca000000|100%| O|  |TAMS 0x00000006ca000000, 0x00000006c9c00000| Untracked 
| 808|0x00000006ca000000, 0x00000006ca400000, 0x00000006ca400000|100%| O|  |TAMS 0x00000006ca400000, 0x00000006ca000000| Untracked 
| 809|0x00000006ca400000, 0x00000006ca800000, 0x00000006ca800000|100%| O|  |TAMS 0x00000006ca800000, 0x00000006ca400000| Untracked 
| 810|0x00000006ca800000, 0x00000006cac00000, 0x00000006cac00000|100%| O|  |TAMS 0x00000006cac00000, 0x00000006ca800000| Untracked 
| 811|0x00000006cac00000, 0x00000006cb000000, 0x00000006cb000000|100%| O|  |TAMS 0x00000006cb000000, 0x00000006cac00000| Untracked 
| 812|0x00000006cb000000, 0x00000006cb400000, 0x00000006cb400000|100%| O|  |TAMS 0x00000006cb400000, 0x00000006cb000000| Untracked 
| 813|0x00000006cb400000, 0x00000006cb800000, 0x00000006cb800000|100%| O|  |TAMS 0x00000006cb800000, 0x00000006cb400000| Untracked 
| 814|0x00000006cb800000, 0x00000006cbc00000, 0x00000006cbc00000|100%| O|  |TAMS 0x00000006cbc00000, 0x00000006cb800000| Untracked 
| 815|0x00000006cbc00000, 0x00000006cc000000, 0x00000006cc000000|100%| O|  |TAMS 0x00000006cc000000, 0x00000006cbc00000| Untracked 
| 816|0x00000006cc000000, 0x00000006cc400000, 0x00000006cc400000|100%| O|  |TAMS 0x00000006cc400000, 0x00000006cc000000| Untracked 
| 817|0x00000006cc400000, 0x00000006cc800000, 0x00000006cc800000|100%| O|  |TAMS 0x00000006cc800000, 0x00000006cc400000| Untracked 
| 818|0x00000006cc800000, 0x00000006ccc00000, 0x00000006ccc00000|100%| O|  |TAMS 0x00000006cc8d9200, 0x00000006cc800000| Untracked 
| 819|0x00000006ccc00000, 0x00000006cd000000, 0x00000006cd000000|100%| O|  |TAMS 0x00000006ccc00000, 0x00000006ccc00000| Untracked 
| 820|0x00000006cd000000, 0x00000006cd400000, 0x00000006cd400000|100%| O|  |TAMS 0x00000006cd000000, 0x00000006cd000000| Untracked 
| 821|0x00000006cd400000, 0x00000006cd800000, 0x00000006cd800000|100%| O|  |TAMS 0x00000006cd400000, 0x00000006cd400000| Untracked 
| 822|0x00000006cd800000, 0x00000006cdc00000, 0x00000006cdc00000|100%| O|  |TAMS 0x00000006cd800000, 0x00000006cd800000| Untracked 
| 823|0x00000006cdc00000, 0x00000006ce000000, 0x00000006ce000000|100%| O|  |TAMS 0x00000006cdc00000, 0x00000006cdc00000| Untracked 
| 824|0x00000006ce000000, 0x00000006ce400000, 0x00000006ce400000|100%| O|  |TAMS 0x00000006ce000000, 0x00000006ce000000| Untracked 
| 825|0x00000006ce400000, 0x00000006ce800000, 0x00000006ce800000|100%| O|  |TAMS 0x00000006ce400000, 0x00000006ce400000| Untracked 
| 826|0x00000006ce800000, 0x00000006cec00000, 0x00000006cec00000|100%| O|  |TAMS 0x00000006ce800000, 0x00000006ce800000| Untracked 
| 827|0x00000006cec00000, 0x00000006cf000000, 0x00000006cf000000|100%| O|  |TAMS 0x00000006cec00000, 0x00000006cec00000| Untracked 
| 828|0x00000006cf000000, 0x00000006cf400000, 0x00000006cf400000|100%| O|  |TAMS 0x00000006cf000000, 0x00000006cf000000| Untracked 
| 829|0x00000006cf400000, 0x00000006cf800000, 0x00000006cf800000|100%| O|  |TAMS 0x00000006cf400000, 0x00000006cf400000| Untracked 
| 830|0x00000006cf800000, 0x00000006cfc00000, 0x00000006cfc00000|100%| O|  |TAMS 0x00000006cf800000, 0x00000006cf800000| Untracked 
| 831|0x00000006cfc00000, 0x00000006d0000000, 0x00000006d0000000|100%| O|  |TAMS 0x00000006cfc00000, 0x00000006cfc00000| Untracked 
| 832|0x00000006d0000000, 0x00000006d0400000, 0x00000006d0400000|100%| O|  |TAMS 0x00000006d0000000, 0x00000006d0000000| Untracked 
| 833|0x00000006d0400000, 0x00000006d0800000, 0x00000006d0800000|100%| O|  |TAMS 0x00000006d0400000, 0x00000006d0400000| Untracked 
| 834|0x00000006d0800000, 0x00000006d0c00000, 0x00000006d0c00000|100%| O|  |TAMS 0x00000006d0800000, 0x00000006d0800000| Untracked 
| 835|0x00000006d0c00000, 0x00000006d1000000, 0x00000006d1000000|100%| O|  |TAMS 0x00000006d0c00000, 0x00000006d0c00000| Untracked 
| 836|0x00000006d1000000, 0x00000006d1400000, 0x00000006d1400000|100%| O|  |TAMS 0x00000006d1000000, 0x00000006d1000000| Untracked 
| 837|0x00000006d1400000, 0x00000006d1800000, 0x00000006d1800000|100%| O|  |TAMS 0x00000006d1400000, 0x00000006d1400000| Untracked 
| 838|0x00000006d1800000, 0x00000006d1c00000, 0x00000006d1c00000|100%| O|  |TAMS 0x00000006d1800000, 0x00000006d1800000| Untracked 
| 839|0x00000006d1c00000, 0x00000006d2000000, 0x00000006d2000000|100%| O|  |TAMS 0x00000006d1c00000, 0x00000006d1c00000| Untracked 
| 840|0x00000006d2000000, 0x00000006d2400000, 0x00000006d2400000|100%| O|  |TAMS 0x00000006d2000000, 0x00000006d2000000| Untracked 
| 841|0x00000006d2400000, 0x00000006d2800000, 0x00000006d2800000|100%| O|  |TAMS 0x00000006d2400000, 0x00000006d2400000| Untracked 
| 842|0x00000006d2800000, 0x00000006d2c00000, 0x00000006d2c00000|100%| O|  |TAMS 0x00000006d2800000, 0x00000006d2800000| Untracked 
| 843|0x00000006d2c00000, 0x00000006d3000000, 0x00000006d3000000|100%| O|  |TAMS 0x00000006d2c00000, 0x00000006d2c00000| Untracked 
| 844|0x00000006d3000000, 0x00000006d3400000, 0x00000006d3400000|100%| O|  |TAMS 0x00000006d3000000, 0x00000006d3000000| Untracked 
| 845|0x00000006d3400000, 0x00000006d3800000, 0x00000006d3800000|100%| O|  |TAMS 0x00000006d3400000, 0x00000006d3400000| Untracked 
| 846|0x00000006d3800000, 0x00000006d3c00000, 0x00000006d3c00000|100%| O|  |TAMS 0x00000006d3800000, 0x00000006d3800000| Untracked 
| 847|0x00000006d3c00000, 0x00000006d4000000, 0x00000006d4000000|100%| O|  |TAMS 0x00000006d3c00000, 0x00000006d3c00000| Untracked 
| 848|0x00000006d4000000, 0x00000006d4400000, 0x00000006d4400000|100%| O|  |TAMS 0x00000006d4000000, 0x00000006d4000000| Untracked 
| 849|0x00000006d4400000, 0x00000006d4800000, 0x00000006d4800000|100%| O|  |TAMS 0x00000006d4400000, 0x00000006d4400000| Untracked 
| 850|0x00000006d4800000, 0x00000006d4c00000, 0x00000006d4c00000|100%| O|  |TAMS 0x00000006d4800000, 0x00000006d4800000| Untracked 
| 851|0x00000006d4c00000, 0x00000006d5000000, 0x00000006d5000000|100%| O|  |TAMS 0x00000006d4c00000, 0x00000006d4c00000| Untracked 
| 852|0x00000006d5000000, 0x00000006d5400000, 0x00000006d5400000|100%| O|  |TAMS 0x00000006d5000000, 0x00000006d5000000| Untracked 
| 853|0x00000006d5400000, 0x00000006d5800000, 0x00000006d5800000|100%| O|  |TAMS 0x00000006d5400000, 0x00000006d5400000| Untracked 
| 854|0x00000006d5800000, 0x00000006d5c00000, 0x00000006d5c00000|100%| O|  |TAMS 0x00000006d5800000, 0x00000006d5800000| Untracked 
| 855|0x00000006d5c00000, 0x00000006d6000000, 0x00000006d6000000|100%| O|  |TAMS 0x00000006d5c00000, 0x00000006d5c00000| Untracked 
| 856|0x00000006d6000000, 0x00000006d6400000, 0x00000006d6400000|100%| O|  |TAMS 0x00000006d6000000, 0x00000006d6000000| Untracked 
| 857|0x00000006d6400000, 0x00000006d6800000, 0x00000006d6800000|100%| O|  |TAMS 0x00000006d6400000, 0x00000006d6400000| Untracked 
| 858|0x00000006d6800000, 0x00000006d6c00000, 0x00000006d6c00000|100%| O|  |TAMS 0x00000006d6800000, 0x00000006d6800000| Untracked 
| 859|0x00000006d6c00000, 0x00000006d7000000, 0x00000006d7000000|100%| O|  |TAMS 0x00000006d6c00000, 0x00000006d6c00000| Untracked 
| 860|0x00000006d7000000, 0x00000006d7400000, 0x00000006d7400000|100%| O|  |TAMS 0x00000006d7000000, 0x00000006d7000000| Untracked 
| 861|0x00000006d7400000, 0x00000006d7800000, 0x00000006d7800000|100%| O|  |TAMS 0x00000006d7400000, 0x00000006d7400000| Untracked 
| 862|0x00000006d7800000, 0x00000006d7c00000, 0x00000006d7c00000|100%| O|  |TAMS 0x00000006d7800000, 0x00000006d7800000| Untracked 
| 863|0x00000006d7c00000, 0x00000006d8000000, 0x00000006d8000000|100%| O|  |TAMS 0x00000006d7c00000, 0x00000006d7c00000| Untracked 
| 864|0x00000006d8000000, 0x00000006d8400000, 0x00000006d8400000|100%| O|  |TAMS 0x00000006d8000000, 0x00000006d8000000| Untracked 
| 865|0x00000006d8400000, 0x00000006d8800000, 0x00000006d8800000|100%| O|  |TAMS 0x00000006d8400000, 0x00000006d8400000| Untracked 
| 866|0x00000006d8800000, 0x00000006d8c00000, 0x00000006d8c00000|100%| O|  |TAMS 0x00000006d8800000, 0x00000006d8800000| Untracked 
| 867|0x00000006d8c00000, 0x00000006d9000000, 0x00000006d9000000|100%| O|  |TAMS 0x00000006d8c00000, 0x00000006d8c00000| Untracked 
| 868|0x00000006d9000000, 0x00000006d9400000, 0x00000006d9400000|100%| O|  |TAMS 0x00000006d9000000, 0x00000006d9000000| Untracked 
| 869|0x00000006d9400000, 0x00000006d9800000, 0x00000006d9800000|100%| O|  |TAMS 0x00000006d9400000, 0x00000006d9400000| Untracked 
| 870|0x00000006d9800000, 0x00000006d9c00000, 0x00000006d9c00000|100%| O|  |TAMS 0x00000006d9800000, 0x00000006d9800000| Untracked 
| 871|0x00000006d9c00000, 0x00000006da000000, 0x00000006da000000|100%| O|  |TAMS 0x00000006d9c00000, 0x00000006d9c00000| Untracked 
| 872|0x00000006da000000, 0x00000006da400000, 0x00000006da400000|100%| O|  |TAMS 0x00000006da000000, 0x00000006da000000| Untracked 
| 873|0x00000006da400000, 0x00000006da800000, 0x00000006da800000|100%| O|  |TAMS 0x00000006da400000, 0x00000006da400000| Untracked 
| 874|0x00000006da800000, 0x00000006dac00000, 0x00000006dac00000|100%| O|  |TAMS 0x00000006da800000, 0x00000006da800000| Untracked 
| 875|0x00000006dac00000, 0x00000006db000000, 0x00000006db000000|100%| O|  |TAMS 0x00000006dac00000, 0x00000006dac00000| Untracked 
| 876|0x00000006db000000, 0x00000006db400000, 0x00000006db400000|100%| O|  |TAMS 0x00000006db000000, 0x00000006db000000| Untracked 
| 877|0x00000006db400000, 0x00000006db800000, 0x00000006db800000|100%| O|  |TAMS 0x00000006db400000, 0x00000006db400000| Untracked 
| 878|0x00000006db800000, 0x00000006dbc00000, 0x00000006dbc00000|100%| O|  |TAMS 0x00000006db800000, 0x00000006db800000| Untracked 
| 879|0x00000006dbc00000, 0x00000006dc000000, 0x00000006dc000000|100%| O|  |TAMS 0x00000006dbc00000, 0x00000006dbc00000| Untracked 
| 880|0x00000006dc000000, 0x00000006dc400000, 0x00000006dc400000|100%| O|  |TAMS 0x00000006dc000000, 0x00000006dc000000| Untracked 
| 881|0x00000006dc400000, 0x00000006dc800000, 0x00000006dc800000|100%| O|  |TAMS 0x00000006dc400000, 0x00000006dc400000| Untracked 
| 882|0x00000006dc800000, 0x00000006dcc00000, 0x00000006dcc00000|100%| O|  |TAMS 0x00000006dc800000, 0x00000006dc800000| Untracked 
| 883|0x00000006dcc00000, 0x00000006dd000000, 0x00000006dd000000|100%| O|  |TAMS 0x00000006dcc00000, 0x00000006dcc00000| Untracked 
| 884|0x00000006dd000000, 0x00000006dd400000, 0x00000006dd400000|100%| O|  |TAMS 0x00000006dd000000, 0x00000006dd000000| Untracked 
| 885|0x00000006dd400000, 0x00000006dd800000, 0x00000006dd800000|100%| O|  |TAMS 0x00000006dd400000, 0x00000006dd400000| Untracked 
| 886|0x00000006dd800000, 0x00000006ddc00000, 0x00000006ddc00000|100%| O|  |TAMS 0x00000006dd800000, 0x00000006dd800000| Untracked 
| 887|0x00000006ddc00000, 0x00000006de000000, 0x00000006de000000|100%| O|  |TAMS 0x00000006ddc00000, 0x00000006ddc00000| Untracked 
| 888|0x00000006de000000, 0x00000006de400000, 0x00000006de400000|100%| O|  |TAMS 0x00000006de000000, 0x00000006de000000| Untracked 
| 889|0x00000006de400000, 0x00000006de800000, 0x00000006de800000|100%| O|  |TAMS 0x00000006de400000, 0x00000006de400000| Untracked 
| 890|0x00000006de800000, 0x00000006dec00000, 0x00000006dec00000|100%| O|  |TAMS 0x00000006de800000, 0x00000006de800000| Untracked 
| 891|0x00000006dec00000, 0x00000006df000000, 0x00000006df000000|100%| O|  |TAMS 0x00000006dec00000, 0x00000006dec00000| Untracked 
| 892|0x00000006df000000, 0x00000006df400000, 0x00000006df400000|100%| O|  |TAMS 0x00000006df000000, 0x00000006df000000| Untracked 
| 893|0x00000006df400000, 0x00000006df800000, 0x00000006df800000|100%| O|  |TAMS 0x00000006df400000, 0x00000006df400000| Untracked 
| 894|0x00000006df800000, 0x00000006dfc00000, 0x00000006dfc00000|100%| O|  |TAMS 0x00000006df800000, 0x00000006df800000| Untracked 
| 895|0x00000006dfc00000, 0x00000006e0000000, 0x00000006e0000000|100%| O|  |TAMS 0x00000006dfc00000, 0x00000006dfc00000| Untracked 
| 896|0x00000006e0000000, 0x00000006e0400000, 0x00000006e0400000|100%| O|  |TAMS 0x00000006e0000000, 0x00000006e0000000| Untracked 
| 897|0x00000006e0400000, 0x00000006e0800000, 0x00000006e0800000|100%| O|  |TAMS 0x00000006e0400000, 0x00000006e0400000| Untracked 
| 898|0x00000006e0800000, 0x00000006e0c00000, 0x00000006e0c00000|100%| O|  |TAMS 0x00000006e0800000, 0x00000006e0800000| Untracked 
| 899|0x00000006e0c00000, 0x00000006e1000000, 0x00000006e1000000|100%| O|  |TAMS 0x00000006e0c00000, 0x00000006e0c00000| Untracked 
| 900|0x00000006e1000000, 0x00000006e1400000, 0x00000006e1400000|100%| O|  |TAMS 0x00000006e1000000, 0x00000006e1000000| Untracked 
| 901|0x00000006e1400000, 0x00000006e1800000, 0x00000006e1800000|100%| O|  |TAMS 0x00000006e1400000, 0x00000006e1400000| Untracked 
| 902|0x00000006e1800000, 0x00000006e1c00000, 0x00000006e1c00000|100%| O|  |TAMS 0x00000006e1800000, 0x00000006e1800000| Untracked 
| 903|0x00000006e1c00000, 0x00000006e2000000, 0x00000006e2000000|100%| O|  |TAMS 0x00000006e1c00000, 0x00000006e1c00000| Untracked 
| 904|0x00000006e2000000, 0x00000006e2400000, 0x00000006e2400000|100%| O|  |TAMS 0x00000006e2000000, 0x00000006e2000000| Untracked 
| 905|0x00000006e2400000, 0x00000006e2800000, 0x00000006e2800000|100%| O|  |TAMS 0x00000006e2400000, 0x00000006e2400000| Untracked 
| 906|0x00000006e2800000, 0x00000006e2c00000, 0x00000006e2c00000|100%| O|  |TAMS 0x00000006e2800000, 0x00000006e2800000| Untracked 
| 907|0x00000006e2c00000, 0x00000006e3000000, 0x00000006e3000000|100%| O|  |TAMS 0x00000006e2c00000, 0x00000006e2c00000| Untracked 
| 908|0x00000006e3000000, 0x00000006e3400000, 0x00000006e3400000|100%| O|  |TAMS 0x00000006e3000000, 0x00000006e3000000| Untracked 
| 909|0x00000006e3400000, 0x00000006e3800000, 0x00000006e3800000|100%| O|  |TAMS 0x00000006e3400000, 0x00000006e3400000| Untracked 
| 910|0x00000006e3800000, 0x00000006e3c00000, 0x00000006e3c00000|100%| O|  |TAMS 0x00000006e3800000, 0x00000006e3800000| Untracked 
| 911|0x00000006e3c00000, 0x00000006e4000000, 0x00000006e4000000|100%| O|  |TAMS 0x00000006e3c00000, 0x00000006e3c00000| Untracked 
| 912|0x00000006e4000000, 0x00000006e4400000, 0x00000006e4400000|100%| O|  |TAMS 0x00000006e4000000, 0x00000006e4000000| Untracked 
| 913|0x00000006e4400000, 0x00000006e4800000, 0x00000006e4800000|100%| O|  |TAMS 0x00000006e4400000, 0x00000006e4400000| Untracked 
| 914|0x00000006e4800000, 0x00000006e4c00000, 0x00000006e4c00000|100%| O|  |TAMS 0x00000006e4800000, 0x00000006e4800000| Untracked 
| 915|0x00000006e4c00000, 0x00000006e5000000, 0x00000006e5000000|100%| O|  |TAMS 0x00000006e4c00000, 0x00000006e4c00000| Untracked 
| 916|0x00000006e5000000, 0x00000006e5400000, 0x00000006e5400000|100%| O|  |TAMS 0x00000006e5000000, 0x00000006e5000000| Untracked 
| 917|0x00000006e5400000, 0x00000006e5800000, 0x00000006e5800000|100%| O|  |TAMS 0x00000006e5400000, 0x00000006e5400000| Untracked 
| 918|0x00000006e5800000, 0x00000006e5c00000, 0x00000006e5c00000|100%| O|  |TAMS 0x00000006e5800000, 0x00000006e5800000| Untracked 
| 919|0x00000006e5c00000, 0x00000006e6000000, 0x00000006e6000000|100%| O|  |TAMS 0x00000006e5c00000, 0x00000006e5c00000| Untracked 
| 920|0x00000006e6000000, 0x00000006e6400000, 0x00000006e6400000|100%| O|  |TAMS 0x00000006e6000000, 0x00000006e6000000| Untracked 
| 921|0x00000006e6400000, 0x00000006e6800000, 0x00000006e6800000|100%| O|  |TAMS 0x00000006e6400000, 0x00000006e6400000| Untracked 
| 922|0x00000006e6800000, 0x00000006e6c00000, 0x00000006e6c00000|100%| O|  |TAMS 0x00000006e6800000, 0x00000006e6800000| Untracked 
| 923|0x00000006e6c00000, 0x00000006e7000000, 0x00000006e7000000|100%| O|  |TAMS 0x00000006e6c00000, 0x00000006e6c00000| Untracked 
| 924|0x00000006e7000000, 0x00000006e7400000, 0x00000006e7400000|100%| O|  |TAMS 0x00000006e7000000, 0x00000006e7000000| Untracked 
| 925|0x00000006e7400000, 0x00000006e7800000, 0x00000006e7800000|100%| O|  |TAMS 0x00000006e7400000, 0x00000006e7400000| Untracked 
| 926|0x00000006e7800000, 0x00000006e7c00000, 0x00000006e7c00000|100%| O|  |TAMS 0x00000006e7800000, 0x00000006e7800000| Untracked 
| 927|0x00000006e7c00000, 0x00000006e8000000, 0x00000006e8000000|100%| O|  |TAMS 0x00000006e7c00000, 0x00000006e7c00000| Untracked 
| 928|0x00000006e8000000, 0x00000006e8400000, 0x00000006e8400000|100%| O|  |TAMS 0x00000006e8000000, 0x00000006e8000000| Untracked 
| 929|0x00000006e8400000, 0x00000006e8800000, 0x00000006e8800000|100%| O|  |TAMS 0x00000006e8400000, 0x00000006e8400000| Untracked 
| 930|0x00000006e8800000, 0x00000006e8c00000, 0x00000006e8c00000|100%| O|  |TAMS 0x00000006e8800000, 0x00000006e8800000| Untracked 
| 931|0x00000006e8c00000, 0x00000006e9000000, 0x00000006e9000000|100%| O|  |TAMS 0x00000006e8c00000, 0x00000006e8c00000| Untracked 
| 932|0x00000006e9000000, 0x00000006e9400000, 0x00000006e9400000|100%| O|  |TAMS 0x00000006e9000000, 0x00000006e9000000| Untracked 
| 933|0x00000006e9400000, 0x00000006e9800000, 0x00000006e9800000|100%| O|  |TAMS 0x00000006e9400000, 0x00000006e9400000| Untracked 
| 934|0x00000006e9800000, 0x00000006e9c00000, 0x00000006e9c00000|100%| O|  |TAMS 0x00000006e9800000, 0x00000006e9800000| Untracked 
| 935|0x00000006e9c00000, 0x00000006ea000000, 0x00000006ea000000|100%| O|  |TAMS 0x00000006e9c00000, 0x00000006e9c00000| Untracked 
| 936|0x00000006ea000000, 0x00000006ea400000, 0x00000006ea400000|100%| O|  |TAMS 0x00000006ea000000, 0x00000006ea000000| Untracked 
| 937|0x00000006ea400000, 0x00000006ea800000, 0x00000006ea800000|100%| O|  |TAMS 0x00000006ea400000, 0x00000006ea400000| Untracked 
| 938|0x00000006ea800000, 0x00000006eac00000, 0x00000006eac00000|100%| O|  |TAMS 0x00000006ea800000, 0x00000006ea800000| Untracked 
| 939|0x00000006eac00000, 0x00000006eb000000, 0x00000006eb000000|100%| O|  |TAMS 0x00000006eac00000, 0x00000006eac00000| Untracked 
| 940|0x00000006eb000000, 0x00000006eb400000, 0x00000006eb400000|100%| O|  |TAMS 0x00000006eb000000, 0x00000006eb000000| Untracked 
| 941|0x00000006eb400000, 0x00000006eb800000, 0x00000006eb800000|100%| O|  |TAMS 0x00000006eb400000, 0x00000006eb400000| Untracked 
| 942|0x00000006eb800000, 0x00000006ebc00000, 0x00000006ebc00000|100%| O|  |TAMS 0x00000006eb800000, 0x00000006eb800000| Untracked 
| 943|0x00000006ebc00000, 0x00000006ec000000, 0x00000006ec000000|100%| O|  |TAMS 0x00000006ebc00000, 0x00000006ebc00000| Untracked 
| 944|0x00000006ec000000, 0x00000006ec400000, 0x00000006ec400000|100%| O|  |TAMS 0x00000006ec000000, 0x00000006ec000000| Untracked 
| 945|0x00000006ec400000, 0x00000006ec800000, 0x00000006ec800000|100%| O|  |TAMS 0x00000006ec400000, 0x00000006ec400000| Untracked 
| 946|0x00000006ec800000, 0x00000006ecc00000, 0x00000006ecc00000|100%| O|  |TAMS 0x00000006ec800000, 0x00000006ec800000| Untracked 
| 947|0x00000006ecc00000, 0x00000006ed000000, 0x00000006ed000000|100%| O|  |TAMS 0x00000006ecc00000, 0x00000006ecc00000| Untracked 
| 948|0x00000006ed000000, 0x00000006ed400000, 0x00000006ed400000|100%| O|  |TAMS 0x00000006ed000000, 0x00000006ed000000| Untracked 
| 949|0x00000006ed400000, 0x00000006ed800000, 0x00000006ed800000|100%| O|  |TAMS 0x00000006ed400000, 0x00000006ed400000| Untracked 
| 950|0x00000006ed800000, 0x00000006edc00000, 0x00000006edc00000|100%| O|  |TAMS 0x00000006ed800000, 0x00000006ed800000| Untracked 
| 951|0x00000006edc00000, 0x00000006ee000000, 0x00000006ee000000|100%| O|  |TAMS 0x00000006edc00000, 0x00000006edc00000| Untracked 
| 952|0x00000006ee000000, 0x00000006ee400000, 0x00000006ee400000|100%| O|  |TAMS 0x00000006ee000000, 0x00000006ee000000| Untracked 
| 953|0x00000006ee400000, 0x00000006ee800000, 0x00000006ee800000|100%| O|  |TAMS 0x00000006ee400000, 0x00000006ee400000| Untracked 
| 954|0x00000006ee800000, 0x00000006eec00000, 0x00000006eec00000|100%| O|  |TAMS 0x00000006ee800000, 0x00000006ee800000| Untracked 
| 955|0x00000006eec00000, 0x00000006ef000000, 0x00000006ef000000|100%| O|  |TAMS 0x00000006eec00000, 0x00000006eec00000| Untracked 
| 956|0x00000006ef000000, 0x00000006ef3ffff8, 0x00000006ef400000| 99%| O|  |TAMS 0x00000006ef000000, 0x00000006ef000000| Untracked 
| 957|0x00000006ef400000, 0x00000006ef800000, 0x00000006ef800000|100%| O|  |TAMS 0x00000006ef400000, 0x00000006ef400000| Untracked 
| 958|0x00000006ef800000, 0x00000006efc00000, 0x00000006efc00000|100%| O|  |TAMS 0x00000006ef800000, 0x00000006ef800000| Untracked 
| 959|0x00000006efc00000, 0x00000006f0000000, 0x00000006f0000000|100%| O|  |TAMS 0x00000006efc00000, 0x00000006efc00000| Untracked 
| 960|0x00000006f0000000, 0x00000006f0400000, 0x00000006f0400000|100%| O|  |TAMS 0x00000006f0000000, 0x00000006f0000000| Untracked 
| 961|0x00000006f0400000, 0x00000006f0800000, 0x00000006f0800000|100%| O|  |TAMS 0x00000006f0400000, 0x00000006f0400000| Untracked 
| 962|0x00000006f0800000, 0x00000006f0c00000, 0x00000006f0c00000|100%| O|  |TAMS 0x00000006f0800000, 0x00000006f0800000| Untracked 
| 963|0x00000006f0c00000, 0x00000006f1000000, 0x00000006f1000000|100%| O|  |TAMS 0x00000006f0c00000, 0x00000006f0c00000| Untracked 
| 964|0x00000006f1000000, 0x00000006f1400000, 0x00000006f1400000|100%| O|  |TAMS 0x00000006f1000000, 0x00000006f1000000| Untracked 
| 965|0x00000006f1400000, 0x00000006f1800000, 0x00000006f1800000|100%| O|  |TAMS 0x00000006f1400000, 0x00000006f1400000| Untracked 
| 966|0x00000006f1800000, 0x00000006f1c00000, 0x00000006f1c00000|100%| O|  |TAMS 0x00000006f1800000, 0x00000006f1800000| Untracked 
| 967|0x00000006f1c00000, 0x00000006f2000000, 0x00000006f2000000|100%| O|  |TAMS 0x00000006f1c00000, 0x00000006f1c00000| Untracked 
| 968|0x00000006f2000000, 0x00000006f2400000, 0x00000006f2400000|100%| O|  |TAMS 0x00000006f2000000, 0x00000006f2000000| Untracked 
| 969|0x00000006f2400000, 0x00000006f2800000, 0x00000006f2800000|100%| O|  |TAMS 0x00000006f2400000, 0x00000006f2400000| Untracked 
| 970|0x00000006f2800000, 0x00000006f2c00000, 0x00000006f2c00000|100%| O|  |TAMS 0x00000006f2800000, 0x00000006f2800000| Untracked 
| 971|0x00000006f2c00000, 0x00000006f3000000, 0x00000006f3000000|100%| O|  |TAMS 0x00000006f2c00000, 0x00000006f2c00000| Untracked 
| 972|0x00000006f3000000, 0x00000006f3400000, 0x00000006f3400000|100%| O|  |TAMS 0x00000006f3000000, 0x00000006f3000000| Untracked 
| 973|0x00000006f3400000, 0x00000006f3800000, 0x00000006f3800000|100%| O|  |TAMS 0x00000006f3400000, 0x00000006f3400000| Untracked 
| 974|0x00000006f3800000, 0x00000006f3c00000, 0x00000006f3c00000|100%| O|  |TAMS 0x00000006f3800000, 0x00000006f3800000| Untracked 
| 975|0x00000006f3c00000, 0x00000006f4000000, 0x00000006f4000000|100%| O|  |TAMS 0x00000006f3c00000, 0x00000006f3c00000| Untracked 
| 976|0x00000006f4000000, 0x00000006f4400000, 0x00000006f4400000|100%| O|  |TAMS 0x00000006f4000000, 0x00000006f4000000| Untracked 
| 977|0x00000006f4400000, 0x00000006f4800000, 0x00000006f4800000|100%| O|  |TAMS 0x00000006f4400000, 0x00000006f4400000| Untracked 
| 978|0x00000006f4800000, 0x00000006f4c00000, 0x00000006f4c00000|100%| O|  |TAMS 0x00000006f4800000, 0x00000006f4800000| Untracked 
| 979|0x00000006f4c00000, 0x00000006f5000000, 0x00000006f5000000|100%| O|  |TAMS 0x00000006f4c00000, 0x00000006f4c00000| Untracked 
| 980|0x00000006f5000000, 0x00000006f5400000, 0x00000006f5400000|100%| O|  |TAMS 0x00000006f5000000, 0x00000006f5000000| Untracked 
| 981|0x00000006f5400000, 0x00000006f5800000, 0x00000006f5800000|100%| O|  |TAMS 0x00000006f5400000, 0x00000006f5400000| Untracked 
| 982|0x00000006f5800000, 0x00000006f5c00000, 0x00000006f5c00000|100%| O|  |TAMS 0x00000006f5800000, 0x00000006f5800000| Untracked 
| 983|0x00000006f5c00000, 0x00000006f6000000, 0x00000006f6000000|100%| O|  |TAMS 0x00000006f5c00000, 0x00000006f5c00000| Untracked 
| 984|0x00000006f6000000, 0x00000006f6400000, 0x00000006f6400000|100%| O|  |TAMS 0x00000006f6000000, 0x00000006f6000000| Untracked 
| 985|0x00000006f6400000, 0x00000006f6800000, 0x00000006f6800000|100%| O|  |TAMS 0x00000006f6400000, 0x00000006f6400000| Untracked 
| 986|0x00000006f6800000, 0x00000006f6c00000, 0x00000006f6c00000|100%| O|  |TAMS 0x00000006f6800000, 0x00000006f6800000| Untracked 
| 987|0x00000006f6c00000, 0x00000006f7000000, 0x00000006f7000000|100%| O|  |TAMS 0x00000006f6c00000, 0x00000006f6c00000| Untracked 
| 988|0x00000006f7000000, 0x00000006f7400000, 0x00000006f7400000|100%| O|  |TAMS 0x00000006f7000000, 0x00000006f7000000| Untracked 
| 989|0x00000006f7400000, 0x00000006f7800000, 0x00000006f7800000|100%| O|  |TAMS 0x00000006f7400000, 0x00000006f7400000| Untracked 
| 990|0x00000006f7800000, 0x00000006f7c00000, 0x00000006f7c00000|100%| O|  |TAMS 0x00000006f7800000, 0x00000006f7800000| Untracked 
| 991|0x00000006f7c00000, 0x00000006f8000000, 0x00000006f8000000|100%| O|  |TAMS 0x00000006f7c00000, 0x00000006f7c00000| Untracked 
| 992|0x00000006f8000000, 0x00000006f8400000, 0x00000006f8400000|100%| O|  |TAMS 0x00000006f8000000, 0x00000006f8000000| Untracked 
| 993|0x00000006f8400000, 0x00000006f8800000, 0x00000006f8800000|100%| O|  |TAMS 0x00000006f8400000, 0x00000006f8400000| Untracked 
| 994|0x00000006f8800000, 0x00000006f8c00000, 0x00000006f8c00000|100%| O|  |TAMS 0x00000006f8800000, 0x00000006f8800000| Untracked 
| 995|0x00000006f8c00000, 0x00000006f9000000, 0x00000006f9000000|100%| O|  |TAMS 0x00000006f8c00000, 0x00000006f8c00000| Untracked 
| 996|0x00000006f9000000, 0x00000006f9400000, 0x00000006f9400000|100%| O|  |TAMS 0x00000006f9000000, 0x00000006f9000000| Untracked 
| 997|0x00000006f9400000, 0x00000006f9800000, 0x00000006f9800000|100%| O|  |TAMS 0x00000006f9400000, 0x00000006f9400000| Untracked 
| 998|0x00000006f9800000, 0x00000006f9c00000, 0x00000006f9c00000|100%| O|  |TAMS 0x00000006f9800000, 0x00000006f9800000| Untracked 
| 999|0x00000006f9c00000, 0x00000006fa000000, 0x00000006fa000000|100%| O|  |TAMS 0x00000006f9c00000, 0x00000006f9c00000| Untracked 
|1000|0x00000006fa000000, 0x00000006fa400000, 0x00000006fa400000|100%| O|  |TAMS 0x00000006fa000000, 0x00000006fa000000| Untracked 
|1001|0x00000006fa400000, 0x00000006fa800000, 0x00000006fa800000|100%| O|  |TAMS 0x00000006fa400000, 0x00000006fa400000| Untracked 
|1002|0x00000006fa800000, 0x00000006fac00000, 0x00000006fac00000|100%| O|  |TAMS 0x00000006fa800000, 0x00000006fa800000| Untracked 
|1003|0x00000006fac00000, 0x00000006fb000000, 0x00000006fb000000|100%| O|  |TAMS 0x00000006fac00000, 0x00000006fac00000| Untracked 
|1004|0x00000006fb000000, 0x00000006fb400000, 0x00000006fb400000|100%| O|  |TAMS 0x00000006fb000000, 0x00000006fb000000| Untracked 
|1005|0x00000006fb400000, 0x00000006fb800000, 0x00000006fb800000|100%| O|  |TAMS 0x00000006fb400000, 0x00000006fb400000| Untracked 
|1006|0x00000006fb800000, 0x00000006fbc00000, 0x00000006fbc00000|100%| O|  |TAMS 0x00000006fb800000, 0x00000006fb800000| Untracked 
|1007|0x00000006fbc00000, 0x00000006fc000000, 0x00000006fc000000|100%| O|  |TAMS 0x00000006fbc00000, 0x00000006fbc00000| Untracked 
|1008|0x00000006fc000000, 0x00000006fc400000, 0x00000006fc400000|100%| O|  |TAMS 0x00000006fc000000, 0x00000006fc000000| Untracked 
|1009|0x00000006fc400000, 0x00000006fc800000, 0x00000006fc800000|100%| O|  |TAMS 0x00000006fc400000, 0x00000006fc400000| Untracked 
|1010|0x00000006fc800000, 0x00000006fcc00000, 0x00000006fcc00000|100%| O|  |TAMS 0x00000006fc800000, 0x00000006fc800000| Untracked 
|1011|0x00000006fcc00000, 0x00000006fd000000, 0x00000006fd000000|100%| O|  |TAMS 0x00000006fcc00000, 0x00000006fcc00000| Untracked 
|1012|0x00000006fd000000, 0x00000006fd400000, 0x00000006fd400000|100%| O|  |TAMS 0x00000006fd000000, 0x00000006fd000000| Untracked 
|1013|0x00000006fd400000, 0x00000006fd800000, 0x00000006fd800000|100%| O|  |TAMS 0x00000006fd400000, 0x00000006fd400000| Untracked 
|1014|0x00000006fd800000, 0x00000006fdc00000, 0x00000006fdc00000|100%| O|  |TAMS 0x00000006fd800000, 0x00000006fd800000| Untracked 
|1015|0x00000006fdc00000, 0x00000006fe000000, 0x00000006fe000000|100%| O|  |TAMS 0x00000006fdc00000, 0x00000006fdc00000| Untracked 
|1016|0x00000006fe000000, 0x00000006fe400000, 0x00000006fe400000|100%| O|  |TAMS 0x00000006fe000000, 0x00000006fe000000| Untracked 
|1017|0x00000006fe400000, 0x00000006fe800000, 0x00000006fe800000|100%| O|  |TAMS 0x00000006fe400000, 0x00000006fe400000| Untracked 
|1018|0x00000006fe800000, 0x00000006fec00000, 0x00000006fec00000|100%| O|  |TAMS 0x00000006fe800000, 0x00000006fe800000| Untracked 
|1019|0x00000006fec00000, 0x00000006ff000000, 0x00000006ff000000|100%| O|  |TAMS 0x00000006fec00000, 0x00000006fec00000| Untracked 
|1020|0x00000006ff000000, 0x00000006ff400000, 0x00000006ff400000|100%| O|  |TAMS 0x00000006ff000000, 0x00000006ff000000| Untracked 
|1021|0x00000006ff400000, 0x00000006ff800000, 0x00000006ff800000|100%| O|  |TAMS 0x00000006ff400000, 0x00000006ff400000| Untracked 
|1022|0x00000006ff800000, 0x00000006ffc00000, 0x00000006ffc00000|100%| O|  |TAMS 0x00000006ff800000, 0x00000006ff800000| Untracked 
|1023|0x00000006ffc00000, 0x0000000700000000, 0x0000000700000000|100%| O|  |TAMS 0x00000006ffc00000, 0x00000006ffc00000| Untracked 
|1024|0x0000000700000000, 0x0000000700400000, 0x0000000700400000|100%| O|  |TAMS 0x0000000700000000, 0x0000000700000000| Untracked 
|1025|0x0000000700400000, 0x0000000700800000, 0x0000000700800000|100%| O|  |TAMS 0x0000000700400000, 0x0000000700400000| Untracked 
|1026|0x0000000700800000, 0x0000000700c00000, 0x0000000700c00000|100%| O|  |TAMS 0x0000000700800000, 0x0000000700800000| Untracked 
|1027|0x0000000700c00000, 0x0000000701000000, 0x0000000701000000|100%| O|  |TAMS 0x0000000700c00000, 0x0000000700c00000| Untracked 
|1028|0x0000000701000000, 0x0000000701400000, 0x0000000701400000|100%| O|  |TAMS 0x0000000701000000, 0x0000000701000000| Untracked 
|1029|0x0000000701400000, 0x0000000701800000, 0x0000000701800000|100%| O|  |TAMS 0x0000000701400000, 0x0000000701400000| Untracked 
|1030|0x0000000701800000, 0x0000000701c00000, 0x0000000701c00000|100%| O|  |TAMS 0x0000000701800000, 0x0000000701800000| Untracked 
|1031|0x0000000701c00000, 0x0000000702000000, 0x0000000702000000|100%| O|  |TAMS 0x0000000701c00000, 0x0000000701c00000| Untracked 
|1032|0x0000000702000000, 0x0000000702400000, 0x0000000702400000|100%| O|  |TAMS 0x0000000702000000, 0x0000000702000000| Untracked 
|1033|0x0000000702400000, 0x0000000702800000, 0x0000000702800000|100%| O|  |TAMS 0x0000000702400000, 0x0000000702400000| Untracked 
|1034|0x0000000702800000, 0x0000000702c00000, 0x0000000702c00000|100%| O|  |TAMS 0x0000000702800000, 0x0000000702800000| Untracked 
|1035|0x0000000702c00000, 0x0000000703000000, 0x0000000703000000|100%| O|  |TAMS 0x0000000702c00000, 0x0000000702c00000| Untracked 
|1036|0x0000000703000000, 0x0000000703400000, 0x0000000703400000|100%| O|  |TAMS 0x0000000703000000, 0x0000000703000000| Untracked 
|1037|0x0000000703400000, 0x0000000703800000, 0x0000000703800000|100%| O|  |TAMS 0x0000000703400000, 0x0000000703400000| Untracked 
|1038|0x0000000703800000, 0x0000000703c00000, 0x0000000703c00000|100%| O|  |TAMS 0x0000000703800000, 0x0000000703800000| Untracked 
|1039|0x0000000703c00000, 0x0000000704000000, 0x0000000704000000|100%| O|  |TAMS 0x0000000703c00000, 0x0000000703c00000| Untracked 
|1040|0x0000000704000000, 0x0000000704400000, 0x0000000704400000|100%| O|  |TAMS 0x0000000704000000, 0x0000000704000000| Untracked 
|1041|0x0000000704400000, 0x0000000704800000, 0x0000000704800000|100%| O|  |TAMS 0x0000000704400000, 0x0000000704400000| Untracked 
|1042|0x0000000704800000, 0x0000000704c00000, 0x0000000704c00000|100%| O|  |TAMS 0x0000000704800000, 0x0000000704800000| Untracked 
|1043|0x0000000704c00000, 0x0000000705000000, 0x0000000705000000|100%| O|  |TAMS 0x0000000704c00000, 0x0000000704c00000| Untracked 
|1044|0x0000000705000000, 0x0000000705400000, 0x0000000705400000|100%| O|  |TAMS 0x0000000705000000, 0x0000000705000000| Untracked 
|1045|0x0000000705400000, 0x0000000705800000, 0x0000000705800000|100%| O|  |TAMS 0x0000000705400000, 0x0000000705400000| Untracked 
|1046|0x0000000705800000, 0x0000000705c00000, 0x0000000705c00000|100%| O|  |TAMS 0x0000000705800000, 0x0000000705800000| Untracked 
|1047|0x0000000705c00000, 0x0000000706000000, 0x0000000706000000|100%|HS|  |TAMS 0x0000000705c00000, 0x0000000705c00000| Complete 
|1048|0x0000000706000000, 0x0000000706400000, 0x0000000706400000|100%|HS|  |TAMS 0x0000000706000000, 0x0000000706000000| Complete 
|1049|0x0000000706400000, 0x0000000706800000, 0x0000000706800000|100%|HS|  |TAMS 0x0000000706400000, 0x0000000706400000| Complete 
|1050|0x0000000706800000, 0x0000000706c00000, 0x0000000706c00000|100%|HS|  |TAMS 0x0000000706800000, 0x0000000706800000| Complete 
|1051|0x0000000706c00000, 0x0000000707000000, 0x0000000707000000|100%| O|  |TAMS 0x0000000706c00000, 0x0000000706c00000| Untracked 
|1052|0x0000000707000000, 0x0000000707400000, 0x0000000707400000|100%| O|  |TAMS 0x0000000707000000, 0x0000000707000000| Untracked 
|1053|0x0000000707400000, 0x0000000707800000, 0x0000000707800000|100%| O|  |TAMS 0x0000000707400000, 0x0000000707400000| Untracked 
|1054|0x0000000707800000, 0x0000000707c00000, 0x0000000707c00000|100%| O|  |TAMS 0x0000000707800000, 0x0000000707800000| Untracked 
|1055|0x0000000707c00000, 0x0000000708000000, 0x0000000708000000|100%| O|  |TAMS 0x0000000707c00000, 0x0000000707c00000| Untracked 
|1056|0x0000000708000000, 0x0000000708400000, 0x0000000708400000|100%| O|  |TAMS 0x0000000708000000, 0x0000000708000000| Untracked 
|1057|0x0000000708400000, 0x0000000708800000, 0x0000000708800000|100%| O|  |TAMS 0x0000000708400000, 0x0000000708400000| Untracked 
|1058|0x0000000708800000, 0x0000000708c00000, 0x0000000708c00000|100%| O|  |TAMS 0x0000000708800000, 0x0000000708800000| Untracked 
|1059|0x0000000708c00000, 0x0000000709000000, 0x0000000709000000|100%| O|  |TAMS 0x0000000708c00000, 0x0000000708c00000| Untracked 
|1060|0x0000000709000000, 0x0000000709400000, 0x0000000709400000|100%| O|  |TAMS 0x0000000709000000, 0x0000000709000000| Untracked 
|1061|0x0000000709400000, 0x0000000709800000, 0x0000000709800000|100%| O|  |TAMS 0x0000000709400000, 0x0000000709400000| Untracked 
|1062|0x0000000709800000, 0x0000000709c00000, 0x0000000709c00000|100%| O|  |TAMS 0x0000000709800000, 0x0000000709800000| Untracked 
|1063|0x0000000709c00000, 0x000000070a000000, 0x000000070a000000|100%| O|  |TAMS 0x0000000709c00000, 0x0000000709c00000| Untracked 
|1064|0x000000070a000000, 0x000000070a400000, 0x000000070a400000|100%| O|  |TAMS 0x000000070a000000, 0x000000070a000000| Untracked 
|1065|0x000000070a400000, 0x000000070a800000, 0x000000070a800000|100%| O|  |TAMS 0x000000070a400000, 0x000000070a400000| Untracked 
|1066|0x000000070a800000, 0x000000070ac00000, 0x000000070ac00000|100%| O|  |TAMS 0x000000070a800000, 0x000000070a800000| Untracked 
|1067|0x000000070ac00000, 0x000000070b000000, 0x000000070b000000|100%| O|  |TAMS 0x000000070ac00000, 0x000000070ac00000| Untracked 
|1068|0x000000070b000000, 0x000000070b400000, 0x000000070b400000|100%| O|  |TAMS 0x000000070b000000, 0x000000070b000000| Untracked 
|1069|0x000000070b400000, 0x000000070b800000, 0x000000070b800000|100%| O|  |TAMS 0x000000070b400000, 0x000000070b400000| Untracked 
|1070|0x000000070b800000, 0x000000070bc00000, 0x000000070bc00000|100%| O|  |TAMS 0x000000070b800000, 0x000000070b800000| Untracked 
|1071|0x000000070bc00000, 0x000000070c000000, 0x000000070c000000|100%| O|  |TAMS 0x000000070bc00000, 0x000000070bc00000| Untracked 
|1072|0x000000070c000000, 0x000000070c400000, 0x000000070c400000|100%| O|  |TAMS 0x000000070c000000, 0x000000070c000000| Untracked 
|1073|0x000000070c400000, 0x000000070c800000, 0x000000070c800000|100%| O|  |TAMS 0x000000070c400000, 0x000000070c400000| Untracked 
|1074|0x000000070c800000, 0x000000070cc00000, 0x000000070cc00000|100%| O|  |TAMS 0x000000070c800000, 0x000000070c800000| Untracked 
|1075|0x000000070cc00000, 0x000000070d000000, 0x000000070d000000|100%| O|  |TAMS 0x000000070cc00000, 0x000000070cc00000| Untracked 
|1076|0x000000070d000000, 0x000000070d400000, 0x000000070d400000|100%| O|  |TAMS 0x000000070d000000, 0x000000070d000000| Untracked 
|1077|0x000000070d400000, 0x000000070d800000, 0x000000070d800000|100%| O|  |TAMS 0x000000070d400000, 0x000000070d400000| Untracked 
|1078|0x000000070d800000, 0x000000070dc00000, 0x000000070dc00000|100%| O|  |TAMS 0x000000070d800000, 0x000000070d800000| Untracked 
|1079|0x000000070dc00000, 0x000000070e000000, 0x000000070e000000|100%| O|  |TAMS 0x000000070dc00000, 0x000000070dc00000| Untracked 
|1080|0x000000070e000000, 0x000000070e400000, 0x000000070e400000|100%| O|  |TAMS 0x000000070e000000, 0x000000070e000000| Untracked 
|1081|0x000000070e400000, 0x000000070e800000, 0x000000070e800000|100%| O|  |TAMS 0x000000070e400000, 0x000000070e400000| Untracked 
|1082|0x000000070e800000, 0x000000070ec00000, 0x000000070ec00000|100%| O|  |TAMS 0x000000070e800000, 0x000000070e800000| Untracked 
|1083|0x000000070ec00000, 0x000000070f000000, 0x000000070f000000|100%| O|  |TAMS 0x000000070ec00000, 0x000000070ec00000| Untracked 
|1084|0x000000070f000000, 0x000000070f400000, 0x000000070f400000|100%| O|  |TAMS 0x000000070f000000, 0x000000070f000000| Untracked 
|1085|0x000000070f400000, 0x000000070f800000, 0x000000070f800000|100%| O|  |TAMS 0x000000070f400000, 0x000000070f400000| Untracked 
|1086|0x000000070f800000, 0x000000070fc00000, 0x000000070fc00000|100%| O|  |TAMS 0x000000070f800000, 0x000000070f800000| Untracked 
|1087|0x000000070fc00000, 0x0000000710000000, 0x0000000710000000|100%| O|  |TAMS 0x000000070fc00000, 0x000000070fc00000| Untracked 
|1088|0x0000000710000000, 0x0000000710400000, 0x0000000710400000|100%| O|  |TAMS 0x0000000710000000, 0x0000000710000000| Untracked 
|1089|0x0000000710400000, 0x0000000710800000, 0x0000000710800000|100%| O|  |TAMS 0x0000000710400000, 0x0000000710400000| Untracked 
|1090|0x0000000710800000, 0x0000000710c00000, 0x0000000710c00000|100%| O|  |TAMS 0x0000000710800000, 0x0000000710800000| Untracked 
|1091|0x0000000710c00000, 0x0000000711000000, 0x0000000711000000|100%| O|  |TAMS 0x0000000710c00000, 0x0000000710c00000| Untracked 
|1092|0x0000000711000000, 0x0000000711400000, 0x0000000711400000|100%| O|  |TAMS 0x0000000711000000, 0x0000000711000000| Untracked 
|1093|0x0000000711400000, 0x0000000711800000, 0x0000000711800000|100%| O|  |TAMS 0x0000000711400000, 0x0000000711400000| Untracked 
|1094|0x0000000711800000, 0x0000000711c00000, 0x0000000711c00000|100%| O|  |TAMS 0x0000000711800000, 0x0000000711800000| Untracked 
|1095|0x0000000711c00000, 0x0000000712000000, 0x0000000712000000|100%| O|  |TAMS 0x0000000711c00000, 0x0000000711c00000| Untracked 
|1096|0x0000000712000000, 0x0000000712400000, 0x0000000712400000|100%| O|  |TAMS 0x0000000712000000, 0x0000000712000000| Untracked 
|1097|0x0000000712400000, 0x0000000712800000, 0x0000000712800000|100%| O|  |TAMS 0x0000000712400000, 0x0000000712400000| Untracked 
|1098|0x0000000712800000, 0x0000000712c00000, 0x0000000712c00000|100%| O|  |TAMS 0x0000000712800000, 0x0000000712800000| Untracked 
|1099|0x0000000712c00000, 0x0000000713000000, 0x0000000713000000|100%| O|  |TAMS 0x0000000712c00000, 0x0000000712c00000| Untracked 
|1100|0x0000000713000000, 0x0000000713400000, 0x0000000713400000|100%| O|  |TAMS 0x0000000713000000, 0x0000000713000000| Untracked 
|1101|0x0000000713400000, 0x0000000713800000, 0x0000000713800000|100%| O|  |TAMS 0x0000000713400000, 0x0000000713400000| Untracked 
|1102|0x0000000713800000, 0x0000000713c00000, 0x0000000713c00000|100%| O|  |TAMS 0x0000000713800000, 0x0000000713800000| Untracked 
|1103|0x0000000713c00000, 0x0000000714000000, 0x0000000714000000|100%| O|  |TAMS 0x0000000713c00000, 0x0000000713c00000| Untracked 
|1104|0x0000000714000000, 0x0000000714400000, 0x0000000714400000|100%| O|  |TAMS 0x0000000714000000, 0x0000000714000000| Untracked 
|1105|0x0000000714400000, 0x0000000714800000, 0x0000000714800000|100%| O|  |TAMS 0x0000000714400000, 0x0000000714400000| Untracked 
|1106|0x0000000714800000, 0x0000000714c00000, 0x0000000714c00000|100%| O|  |TAMS 0x0000000714800000, 0x0000000714800000| Untracked 
|1107|0x0000000714c00000, 0x0000000715000000, 0x0000000715000000|100%| O|  |TAMS 0x0000000714c00000, 0x0000000714c00000| Untracked 
|1108|0x0000000715000000, 0x0000000715400000, 0x0000000715400000|100%| O|  |TAMS 0x0000000715000000, 0x0000000715000000| Untracked 
|1109|0x0000000715400000, 0x0000000715800000, 0x0000000715800000|100%| O|  |TAMS 0x0000000715400000, 0x0000000715400000| Untracked 
|1110|0x0000000715800000, 0x0000000715c00000, 0x0000000715c00000|100%| O|  |TAMS 0x0000000715800000, 0x0000000715800000| Untracked 
|1111|0x0000000715c00000, 0x0000000716000000, 0x0000000716000000|100%| O|  |TAMS 0x0000000715c00000, 0x0000000715c00000| Untracked 
|1112|0x0000000716000000, 0x0000000716400000, 0x0000000716400000|100%| O|  |TAMS 0x0000000716000000, 0x0000000716000000| Untracked 
|1113|0x0000000716400000, 0x0000000716800000, 0x0000000716800000|100%| O|  |TAMS 0x0000000716400000, 0x0000000716400000| Untracked 
|1114|0x0000000716800000, 0x0000000716c00000, 0x0000000716c00000|100%| O|  |TAMS 0x0000000716800000, 0x0000000716800000| Untracked 
|1115|0x0000000716c00000, 0x0000000717000000, 0x0000000717000000|100%| O|  |TAMS 0x0000000716c00000, 0x0000000716c00000| Untracked 
|1116|0x0000000717000000, 0x0000000717400000, 0x0000000717400000|100%| O|  |TAMS 0x0000000717000000, 0x0000000717000000| Untracked 
|1117|0x0000000717400000, 0x0000000717800000, 0x0000000717800000|100%| O|  |TAMS 0x0000000717400000, 0x0000000717400000| Untracked 
|1118|0x0000000717800000, 0x0000000717c00000, 0x0000000717c00000|100%| O|  |TAMS 0x0000000717800000, 0x0000000717800000| Untracked 
|1119|0x0000000717c00000, 0x0000000718000000, 0x0000000718000000|100%| O|  |TAMS 0x0000000717c00000, 0x0000000717c00000| Untracked 
|1120|0x0000000718000000, 0x0000000718400000, 0x0000000718400000|100%| O|  |TAMS 0x0000000718000000, 0x0000000718000000| Untracked 
|1121|0x0000000718400000, 0x0000000718800000, 0x0000000718800000|100%| O|  |TAMS 0x0000000718400000, 0x0000000718400000| Untracked 
|1122|0x0000000718800000, 0x0000000718c00000, 0x0000000718c00000|100%| O|  |TAMS 0x0000000718800000, 0x0000000718800000| Untracked 
|1123|0x0000000718c00000, 0x0000000719000000, 0x0000000719000000|100%| O|  |TAMS 0x0000000718c00000, 0x0000000718c00000| Untracked 
|1124|0x0000000719000000, 0x0000000719400000, 0x0000000719400000|100%| O|  |TAMS 0x0000000719000000, 0x0000000719000000| Untracked 
|1125|0x0000000719400000, 0x0000000719800000, 0x0000000719800000|100%| O|  |TAMS 0x0000000719400000, 0x0000000719400000| Untracked 
|1126|0x0000000719800000, 0x0000000719c00000, 0x0000000719c00000|100%| O|  |TAMS 0x0000000719800000, 0x0000000719800000| Untracked 
|1127|0x0000000719c00000, 0x000000071a000000, 0x000000071a000000|100%| O|  |TAMS 0x0000000719c00000, 0x0000000719c00000| Untracked 
|1128|0x000000071a000000, 0x000000071a400000, 0x000000071a400000|100%| O|  |TAMS 0x000000071a000000, 0x000000071a000000| Untracked 
|1129|0x000000071a400000, 0x000000071a800000, 0x000000071a800000|100%| O|  |TAMS 0x000000071a400000, 0x000000071a400000| Untracked 
|1130|0x000000071a800000, 0x000000071ac00000, 0x000000071ac00000|100%|HS|  |TAMS 0x000000071a800000, 0x000000071a800000| Complete 
|1131|0x000000071ac00000, 0x000000071b000000, 0x000000071b000000|100%|HS|  |TAMS 0x000000071ac00000, 0x000000071ac00000| Complete 
|1132|0x000000071b000000, 0x000000071b400000, 0x000000071b400000|100%|HS|  |TAMS 0x000000071b000000, 0x000000071b000000| Complete 
|1133|0x000000071b400000, 0x000000071b800000, 0x000000071b800000|100%|HC|  |TAMS 0x000000071b400000, 0x000000071b400000| Complete 
|1134|0x000000071b800000, 0x000000071bc00000, 0x000000071bc00000|100%|HS|  |TAMS 0x000000071b800000, 0x000000071b800000| Complete 
|1135|0x000000071bc00000, 0x000000071c000000, 0x000000071c000000|100%|HC|  |TAMS 0x000000071bc00000, 0x000000071bc00000| Complete 
|1136|0x000000071c000000, 0x000000071c400000, 0x000000071c400000|100%| O|  |TAMS 0x000000071c000000, 0x000000071c000000| Untracked 
|1137|0x000000071c400000, 0x000000071c800000, 0x000000071c800000|100%| O|  |TAMS 0x000000071c400000, 0x000000071c400000| Untracked 
|1138|0x000000071c800000, 0x000000071cc00000, 0x000000071cc00000|100%| O|  |TAMS 0x000000071c800000, 0x000000071c800000| Untracked 
|1139|0x000000071cc00000, 0x000000071d000000, 0x000000071d000000|100%| O|  |TAMS 0x000000071cc00000, 0x000000071cc00000| Untracked 
|1140|0x000000071d000000, 0x000000071d400000, 0x000000071d400000|100%| O|  |TAMS 0x000000071d000000, 0x000000071d000000| Untracked 
|1141|0x000000071d400000, 0x000000071d800000, 0x000000071d800000|100%| O|  |TAMS 0x000000071d400000, 0x000000071d400000| Untracked 
|1142|0x000000071d800000, 0x000000071dc00000, 0x000000071dc00000|100%| O|  |TAMS 0x000000071d800000, 0x000000071d800000| Untracked 
|1143|0x000000071dc00000, 0x000000071e000000, 0x000000071e000000|100%| O|  |TAMS 0x000000071dc00000, 0x000000071dc00000| Untracked 
|1144|0x000000071e000000, 0x000000071e400000, 0x000000071e400000|100%| O|  |TAMS 0x000000071e000000, 0x000000071e000000| Untracked 
|1145|0x000000071e400000, 0x000000071e800000, 0x000000071e800000|100%| O|  |TAMS 0x000000071e400000, 0x000000071e400000| Untracked 
|1146|0x000000071e800000, 0x000000071ec00000, 0x000000071ec00000|100%| O|  |TAMS 0x000000071e800000, 0x000000071e800000| Untracked 
|1147|0x000000071ec00000, 0x000000071f000000, 0x000000071f000000|100%| O|  |TAMS 0x000000071ec00000, 0x000000071ec00000| Untracked 
|1148|0x000000071f000000, 0x000000071f400000, 0x000000071f400000|100%| O|  |TAMS 0x000000071f000000, 0x000000071f000000| Untracked 
|1149|0x000000071f400000, 0x000000071f800000, 0x000000071f800000|100%| O|  |TAMS 0x000000071f400000, 0x000000071f400000| Untracked 
|1150|0x000000071f800000, 0x000000071fc00000, 0x000000071fc00000|100%| O|  |TAMS 0x000000071f800000, 0x000000071f800000| Untracked 
|1151|0x000000071fc00000, 0x0000000720000000, 0x0000000720000000|100%| O|  |TAMS 0x000000071fc00000, 0x000000071fc00000| Untracked 
|1152|0x0000000720000000, 0x0000000720400000, 0x0000000720400000|100%| O|  |TAMS 0x0000000720000000, 0x0000000720000000| Untracked 
|1153|0x0000000720400000, 0x0000000720800000, 0x0000000720800000|100%| O|  |TAMS 0x0000000720400000, 0x0000000720400000| Untracked 
|1154|0x0000000720800000, 0x0000000720c00000, 0x0000000720c00000|100%| O|  |TAMS 0x0000000720800000, 0x0000000720800000| Untracked 
|1155|0x0000000720c00000, 0x0000000721000000, 0x0000000721000000|100%| O|  |TAMS 0x0000000720c00000, 0x0000000720c00000| Untracked 
|1156|0x0000000721000000, 0x0000000721400000, 0x0000000721400000|100%| O|  |TAMS 0x0000000721000000, 0x0000000721000000| Untracked 
|1157|0x0000000721400000, 0x0000000721800000, 0x0000000721800000|100%| O|  |TAMS 0x0000000721400000, 0x0000000721400000| Untracked 
|1158|0x0000000721800000, 0x0000000721c00000, 0x0000000721c00000|100%| O|  |TAMS 0x0000000721800000, 0x0000000721800000| Untracked 
|1159|0x0000000721c00000, 0x0000000722000000, 0x0000000722000000|100%| O|  |TAMS 0x0000000721c00000, 0x0000000721c00000| Untracked 
|1160|0x0000000722000000, 0x0000000722400000, 0x0000000722400000|100%| O|  |TAMS 0x0000000722000000, 0x0000000722000000| Untracked 
|1161|0x0000000722400000, 0x0000000722800000, 0x0000000722800000|100%| O|  |TAMS 0x0000000722400000, 0x0000000722400000| Untracked 
|1162|0x0000000722800000, 0x0000000722c00000, 0x0000000722c00000|100%| O|  |TAMS 0x0000000722800000, 0x0000000722800000| Untracked 
|1163|0x0000000722c00000, 0x0000000723000000, 0x0000000723000000|100%| O|  |TAMS 0x0000000722c00000, 0x0000000722c00000| Untracked 
|1164|0x0000000723000000, 0x0000000723400000, 0x0000000723400000|100%| O|  |TAMS 0x0000000723000000, 0x0000000723000000| Untracked 
|1165|0x0000000723400000, 0x0000000723800000, 0x0000000723800000|100%| O|  |TAMS 0x0000000723400000, 0x0000000723400000| Untracked 
|1166|0x0000000723800000, 0x0000000723c00000, 0x0000000723c00000|100%| O|  |TAMS 0x0000000723800000, 0x0000000723800000| Untracked 
|1167|0x0000000723c00000, 0x0000000724000000, 0x0000000724000000|100%| O|  |TAMS 0x0000000723c00000, 0x0000000723c00000| Untracked 
|1168|0x0000000724000000, 0x0000000724400000, 0x0000000724400000|100%| O|  |TAMS 0x0000000724000000, 0x0000000724000000| Untracked 
|1169|0x0000000724400000, 0x0000000724800000, 0x0000000724800000|100%| O|  |TAMS 0x0000000724400000, 0x0000000724400000| Untracked 
|1170|0x0000000724800000, 0x0000000724c00000, 0x0000000724c00000|100%| O|  |TAMS 0x0000000724800000, 0x0000000724800000| Untracked 
|1171|0x0000000724c00000, 0x0000000725000000, 0x0000000725000000|100%|HS|  |TAMS 0x0000000724c00000, 0x0000000724c00000| Complete 
|1172|0x0000000725000000, 0x0000000725400000, 0x0000000725400000|100%|HC|  |TAMS 0x0000000725000000, 0x0000000725000000| Complete 
|1173|0x0000000725400000, 0x0000000725800000, 0x0000000725800000|100%|HC|  |TAMS 0x0000000725400000, 0x0000000725400000| Complete 
|1174|0x0000000725800000, 0x0000000725c00000, 0x0000000725c00000|100%|HS|  |TAMS 0x0000000725800000, 0x0000000725800000| Complete 
|1175|0x0000000725c00000, 0x0000000726000000, 0x0000000726000000|100%|HC|  |TAMS 0x0000000725c00000, 0x0000000725c00000| Complete 
|1176|0x0000000726000000, 0x0000000726400000, 0x0000000726400000|100%|HC|  |TAMS 0x0000000726000000, 0x0000000726000000| Complete 
|1177|0x0000000726400000, 0x0000000726800000, 0x0000000726800000|100%| O|  |TAMS 0x0000000726400000, 0x0000000726400000| Untracked 
|1178|0x0000000726800000, 0x0000000726c00000, 0x0000000726c00000|100%| O|  |TAMS 0x0000000726800000, 0x0000000726800000| Untracked 
|1179|0x0000000726c00000, 0x0000000727000000, 0x0000000727000000|100%| O|  |TAMS 0x0000000726c00000, 0x0000000726c00000| Untracked 
|1180|0x0000000727000000, 0x0000000727400000, 0x0000000727400000|100%| O|  |TAMS 0x0000000727000000, 0x0000000727000000| Untracked 
|1181|0x0000000727400000, 0x0000000727800000, 0x0000000727800000|100%| O|  |TAMS 0x0000000727400000, 0x0000000727400000| Untracked 
|1182|0x0000000727800000, 0x0000000727c00000, 0x0000000727c00000|100%| O|  |TAMS 0x0000000727800000, 0x0000000727800000| Untracked 
|1183|0x0000000727c00000, 0x0000000728000000, 0x0000000728000000|100%| O|  |TAMS 0x0000000727c00000, 0x0000000727c00000| Untracked 
|1184|0x0000000728000000, 0x0000000728400000, 0x0000000728400000|100%| O|  |TAMS 0x0000000728000000, 0x0000000728000000| Untracked 
|1185|0x0000000728400000, 0x0000000728800000, 0x0000000728800000|100%| O|  |TAMS 0x0000000728400000, 0x0000000728400000| Untracked 
|1186|0x0000000728800000, 0x0000000728c00000, 0x0000000728c00000|100%| O|  |TAMS 0x0000000728800000, 0x0000000728800000| Untracked 
|1187|0x0000000728c00000, 0x0000000729000000, 0x0000000729000000|100%| O|  |TAMS 0x0000000728c00000, 0x0000000728c00000| Untracked 
|1188|0x0000000729000000, 0x0000000729400000, 0x0000000729400000|100%| O|  |TAMS 0x0000000729000000, 0x0000000729000000| Untracked 
|1189|0x0000000729400000, 0x0000000729800000, 0x0000000729800000|100%| O|  |TAMS 0x0000000729400000, 0x0000000729400000| Untracked 
|1190|0x0000000729800000, 0x0000000729c00000, 0x0000000729c00000|100%| O|  |TAMS 0x0000000729800000, 0x0000000729800000| Untracked 
|1191|0x0000000729c00000, 0x000000072a000000, 0x000000072a000000|100%| O|  |TAMS 0x0000000729c00000, 0x0000000729c00000| Untracked 
|1192|0x000000072a000000, 0x000000072a400000, 0x000000072a400000|100%| O|  |TAMS 0x000000072a000000, 0x000000072a000000| Untracked 
|1193|0x000000072a400000, 0x000000072a800000, 0x000000072a800000|100%| O|  |TAMS 0x000000072a400000, 0x000000072a400000| Untracked 
|1194|0x000000072a800000, 0x000000072ac00000, 0x000000072ac00000|100%| O|  |TAMS 0x000000072a800000, 0x000000072a800000| Untracked 
|1195|0x000000072ac00000, 0x000000072b000000, 0x000000072b000000|100%| O|  |TAMS 0x000000072ac00000, 0x000000072ac00000| Untracked 
|1196|0x000000072b000000, 0x000000072b400000, 0x000000072b400000|100%| O|  |TAMS 0x000000072b000000, 0x000000072b000000| Untracked 
|1197|0x000000072b400000, 0x000000072b800000, 0x000000072b800000|100%| O|  |TAMS 0x000000072b400000, 0x000000072b400000| Untracked 
|1198|0x000000072b800000, 0x000000072bc00000, 0x000000072bc00000|100%| O|  |TAMS 0x000000072b800000, 0x000000072b800000| Untracked 
|1199|0x000000072bc00000, 0x000000072c000000, 0x000000072c000000|100%| O|  |TAMS 0x000000072bc00000, 0x000000072bc00000| Untracked 
|1200|0x000000072c000000, 0x000000072c400000, 0x000000072c400000|100%| O|  |TAMS 0x000000072c000000, 0x000000072c000000| Untracked 
|1201|0x000000072c400000, 0x000000072c800000, 0x000000072c800000|100%| O|  |TAMS 0x000000072c400000, 0x000000072c400000| Untracked 
|1202|0x000000072c800000, 0x000000072cc00000, 0x000000072cc00000|100%| O|  |TAMS 0x000000072c800000, 0x000000072c800000| Untracked 
|1203|0x000000072cc00000, 0x000000072d000000, 0x000000072d000000|100%| O|  |TAMS 0x000000072cc00000, 0x000000072cc00000| Untracked 
|1204|0x000000072d000000, 0x000000072d400000, 0x000000072d400000|100%| O|  |TAMS 0x000000072d000000, 0x000000072d000000| Untracked 
|1205|0x000000072d400000, 0x000000072d800000, 0x000000072d800000|100%| O|  |TAMS 0x000000072d400000, 0x000000072d400000| Untracked 
|1206|0x000000072d800000, 0x000000072dc00000, 0x000000072dc00000|100%| O|  |TAMS 0x000000072d800000, 0x000000072d800000| Untracked 
|1207|0x000000072dc00000, 0x000000072e000000, 0x000000072e000000|100%| O|  |TAMS 0x000000072dc00000, 0x000000072dc00000| Untracked 
|1208|0x000000072e000000, 0x000000072e400000, 0x000000072e400000|100%| O|  |TAMS 0x000000072e000000, 0x000000072e000000| Untracked 
|1209|0x000000072e400000, 0x000000072e800000, 0x000000072e800000|100%| O|  |TAMS 0x000000072e400000, 0x000000072e400000| Untracked 
|1210|0x000000072e800000, 0x000000072ec00000, 0x000000072ec00000|100%| O|  |TAMS 0x000000072e800000, 0x000000072e800000| Untracked 
|1211|0x000000072ec00000, 0x000000072f000000, 0x000000072f000000|100%| O|  |TAMS 0x000000072ec00000, 0x000000072ec00000| Untracked 
|1212|0x000000072f000000, 0x000000072f400000, 0x000000072f400000|100%| O|  |TAMS 0x000000072f000000, 0x000000072f000000| Untracked 
|1213|0x000000072f400000, 0x000000072f800000, 0x000000072f800000|100%| O|  |TAMS 0x000000072f400000, 0x000000072f400000| Untracked 
|1214|0x000000072f800000, 0x000000072fc00000, 0x000000072fc00000|100%| O|  |TAMS 0x000000072f800000, 0x000000072f800000| Untracked 
|1215|0x000000072fc00000, 0x0000000730000000, 0x0000000730000000|100%| O|  |TAMS 0x000000072fc00000, 0x000000072fc00000| Untracked 
|1216|0x0000000730000000, 0x0000000730400000, 0x0000000730400000|100%| O|  |TAMS 0x0000000730000000, 0x0000000730000000| Untracked 
|1217|0x0000000730400000, 0x0000000730800000, 0x0000000730800000|100%| O|  |TAMS 0x0000000730400000, 0x0000000730400000| Untracked 
|1218|0x0000000730800000, 0x0000000730c00000, 0x0000000730c00000|100%| O|  |TAMS 0x0000000730800000, 0x0000000730800000| Untracked 
|1219|0x0000000730c00000, 0x0000000731000000, 0x0000000731000000|100%| O|  |TAMS 0x0000000730c00000, 0x0000000730c00000| Untracked 
|1220|0x0000000731000000, 0x0000000731400000, 0x0000000731400000|100%| O|  |TAMS 0x0000000731000000, 0x0000000731000000| Untracked 
|1221|0x0000000731400000, 0x0000000731800000, 0x0000000731800000|100%| O|  |TAMS 0x0000000731400000, 0x0000000731400000| Untracked 
|1222|0x0000000731800000, 0x0000000731c00000, 0x0000000731c00000|100%|HS|  |TAMS 0x0000000731800000, 0x0000000731800000| Complete 
|1223|0x0000000731c00000, 0x0000000732000000, 0x0000000732000000|100%|HS|  |TAMS 0x0000000731c00000, 0x0000000731c00000| Complete 
|1224|0x0000000732000000, 0x0000000732400000, 0x0000000732400000|100%| O|  |TAMS 0x0000000732000000, 0x0000000732000000| Untracked 
|1225|0x0000000732400000, 0x0000000732800000, 0x0000000732800000|100%| O|  |TAMS 0x0000000732400000, 0x0000000732400000| Untracked 
|1226|0x0000000732800000, 0x0000000732c00000, 0x0000000732c00000|100%| O|  |TAMS 0x0000000732800000, 0x0000000732800000| Untracked 
|1227|0x0000000732c00000, 0x0000000733000000, 0x0000000733000000|100%| O|  |TAMS 0x0000000732c00000, 0x0000000732c00000| Untracked 
|1228|0x0000000733000000, 0x0000000733400000, 0x0000000733400000|100%| O|  |TAMS 0x0000000733000000, 0x0000000733000000| Untracked 
|1229|0x0000000733400000, 0x0000000733800000, 0x0000000733800000|100%| O|  |TAMS 0x0000000733400000, 0x0000000733400000| Untracked 
|1230|0x0000000733800000, 0x0000000733c00000, 0x0000000733c00000|100%| O|  |TAMS 0x0000000733800000, 0x0000000733800000| Untracked 
|1231|0x0000000733c00000, 0x0000000734000000, 0x0000000734000000|100%| O|  |TAMS 0x0000000733c00000, 0x0000000733c00000| Untracked 
|1232|0x0000000734000000, 0x0000000734400000, 0x0000000734400000|100%| O|  |TAMS 0x0000000734000000, 0x0000000734000000| Untracked 
|1233|0x0000000734400000, 0x0000000734800000, 0x0000000734800000|100%| O|  |TAMS 0x0000000734400000, 0x0000000734400000| Untracked 
|1234|0x0000000734800000, 0x0000000734c00000, 0x0000000734c00000|100%| O|  |TAMS 0x0000000734800000, 0x0000000734800000| Untracked 
|1235|0x0000000734c00000, 0x0000000735000000, 0x0000000735000000|100%| O|  |TAMS 0x0000000734c00000, 0x0000000734c00000| Untracked 
|1236|0x0000000735000000, 0x0000000735400000, 0x0000000735400000|100%| O|  |TAMS 0x0000000735000000, 0x0000000735000000| Untracked 
|1237|0x0000000735400000, 0x0000000735800000, 0x0000000735800000|100%| O|  |TAMS 0x0000000735400000, 0x0000000735400000| Untracked 
|1238|0x0000000735800000, 0x0000000735c00000, 0x0000000735c00000|100%| O|  |TAMS 0x0000000735800000, 0x0000000735800000| Untracked 
|1239|0x0000000735c00000, 0x0000000736000000, 0x0000000736000000|100%| O|  |TAMS 0x0000000735c00000, 0x0000000735c00000| Untracked 
|1240|0x0000000736000000, 0x0000000736400000, 0x0000000736400000|100%| O|  |TAMS 0x0000000736000000, 0x0000000736000000| Untracked 
|1241|0x0000000736400000, 0x0000000736800000, 0x0000000736800000|100%| O|  |TAMS 0x0000000736400000, 0x0000000736400000| Untracked 
|1242|0x0000000736800000, 0x0000000736c00000, 0x0000000736c00000|100%| O|  |TAMS 0x0000000736800000, 0x0000000736800000| Untracked 
|1243|0x0000000736c00000, 0x0000000737000000, 0x0000000737000000|100%| O|  |TAMS 0x0000000736c00000, 0x0000000736c00000| Untracked 
|1244|0x0000000737000000, 0x0000000737400000, 0x0000000737400000|100%| O|  |TAMS 0x0000000737000000, 0x0000000737000000| Untracked 
|1245|0x0000000737400000, 0x0000000737800000, 0x0000000737800000|100%| O|  |TAMS 0x0000000737400000, 0x0000000737400000| Untracked 
|1246|0x0000000737800000, 0x0000000737c00000, 0x0000000737c00000|100%| O|  |TAMS 0x0000000737800000, 0x0000000737800000| Untracked 
|1247|0x0000000737c00000, 0x0000000738000000, 0x0000000738000000|100%| O|  |TAMS 0x0000000737c00000, 0x0000000737c00000| Untracked 
|1248|0x0000000738000000, 0x0000000738400000, 0x0000000738400000|100%| O|  |TAMS 0x0000000738000000, 0x0000000738000000| Untracked 
|1249|0x0000000738400000, 0x0000000738800000, 0x0000000738800000|100%| O|  |TAMS 0x0000000738400000, 0x0000000738400000| Untracked 
|1250|0x0000000738800000, 0x0000000738c00000, 0x0000000738c00000|100%| O|  |TAMS 0x0000000738800000, 0x0000000738800000| Untracked 
|1251|0x0000000738c00000, 0x0000000739000000, 0x0000000739000000|100%| O|  |TAMS 0x0000000738c00000, 0x0000000738c00000| Untracked 
|1252|0x0000000739000000, 0x0000000739400000, 0x0000000739400000|100%| O|  |TAMS 0x0000000739000000, 0x0000000739000000| Untracked 
|1253|0x0000000739400000, 0x0000000739800000, 0x0000000739800000|100%| O|  |TAMS 0x0000000739400000, 0x0000000739400000| Untracked 
|1254|0x0000000739800000, 0x0000000739c00000, 0x0000000739c00000|100%| O|  |TAMS 0x0000000739800000, 0x0000000739800000| Untracked 
|1255|0x0000000739c00000, 0x000000073a000000, 0x000000073a000000|100%| O|  |TAMS 0x0000000739c00000, 0x0000000739c00000| Untracked 
|1256|0x000000073a000000, 0x000000073a400000, 0x000000073a400000|100%| O|  |TAMS 0x000000073a000000, 0x000000073a000000| Untracked 
|1257|0x000000073a400000, 0x000000073a800000, 0x000000073a800000|100%|HS|  |TAMS 0x000000073a400000, 0x000000073a400000| Complete 
|1258|0x000000073a800000, 0x000000073ac00000, 0x000000073ac00000|100%|HC|  |TAMS 0x000000073a800000, 0x000000073a800000| Complete 
|1259|0x000000073ac00000, 0x000000073b000000, 0x000000073b000000|100%| O|  |TAMS 0x000000073ac00000, 0x000000073ac00000| Untracked 
|1260|0x000000073b000000, 0x000000073b400000, 0x000000073b400000|100%| O|  |TAMS 0x000000073b000000, 0x000000073b000000| Untracked 
|1261|0x000000073b400000, 0x000000073b800000, 0x000000073b800000|100%| O|  |TAMS 0x000000073b400000, 0x000000073b400000| Untracked 
|1262|0x000000073b800000, 0x000000073bc00000, 0x000000073bc00000|100%| O|  |TAMS 0x000000073b800000, 0x000000073b800000| Untracked 
|1263|0x000000073bc00000, 0x000000073c000000, 0x000000073c000000|100%| O|  |TAMS 0x000000073bc00000, 0x000000073bc00000| Untracked 
|1264|0x000000073c000000, 0x000000073c400000, 0x000000073c400000|100%| O|  |TAMS 0x000000073c000000, 0x000000073c000000| Untracked 
|1265|0x000000073c400000, 0x000000073c800000, 0x000000073c800000|100%| O|  |TAMS 0x000000073c400000, 0x000000073c400000| Untracked 
|1266|0x000000073c800000, 0x000000073cc00000, 0x000000073cc00000|100%| O|  |TAMS 0x000000073c800000, 0x000000073c800000| Untracked 
|1267|0x000000073cc00000, 0x000000073d000000, 0x000000073d000000|100%| O|  |TAMS 0x000000073cc00000, 0x000000073cc00000| Untracked 
|1268|0x000000073d000000, 0x000000073d400000, 0x000000073d400000|100%| O|  |TAMS 0x000000073d000000, 0x000000073d000000| Untracked 
|1269|0x000000073d400000, 0x000000073d800000, 0x000000073d800000|100%| O|  |TAMS 0x000000073d400000, 0x000000073d400000| Untracked 
|1270|0x000000073d800000, 0x000000073dc00000, 0x000000073dc00000|100%| O|  |TAMS 0x000000073d800000, 0x000000073d800000| Untracked 
|1271|0x000000073dc00000, 0x000000073e000000, 0x000000073e000000|100%| O|  |TAMS 0x000000073dc00000, 0x000000073dc00000| Untracked 
|1272|0x000000073e000000, 0x000000073e400000, 0x000000073e400000|100%| O|  |TAMS 0x000000073e000000, 0x000000073e000000| Untracked 
|1273|0x000000073e400000, 0x000000073e800000, 0x000000073e800000|100%| O|  |TAMS 0x000000073e400000, 0x000000073e400000| Untracked 
|1274|0x000000073e800000, 0x000000073ec00000, 0x000000073ec00000|100%| O|  |TAMS 0x000000073e800000, 0x000000073e800000| Untracked 
|1275|0x000000073ec00000, 0x000000073f000000, 0x000000073f000000|100%| O|  |TAMS 0x000000073ec00000, 0x000000073ec00000| Untracked 
|1276|0x000000073f000000, 0x000000073f400000, 0x000000073f400000|100%| O|  |TAMS 0x000000073f000000, 0x000000073f000000| Untracked 
|1277|0x000000073f400000, 0x000000073f800000, 0x000000073f800000|100%| O|  |TAMS 0x000000073f400000, 0x000000073f400000| Untracked 
|1278|0x000000073f800000, 0x000000073fc00000, 0x000000073fc00000|100%| O|  |TAMS 0x000000073f800000, 0x000000073f800000| Untracked 
|1279|0x000000073fc00000, 0x0000000740000000, 0x0000000740000000|100%| O|  |TAMS 0x000000073fc00000, 0x000000073fc00000| Untracked 
|1280|0x0000000740000000, 0x0000000740400000, 0x0000000740400000|100%| O|  |TAMS 0x0000000740000000, 0x0000000740000000| Untracked 
|1281|0x0000000740400000, 0x0000000740800000, 0x0000000740800000|100%| O|  |TAMS 0x0000000740400000, 0x0000000740400000| Untracked 
|1282|0x0000000740800000, 0x0000000740c00000, 0x0000000740c00000|100%| O|  |TAMS 0x0000000740800000, 0x0000000740800000| Untracked 
|1283|0x0000000740c00000, 0x0000000741000000, 0x0000000741000000|100%| O|  |TAMS 0x0000000740c00000, 0x0000000740c00000| Untracked 
|1284|0x0000000741000000, 0x0000000741400000, 0x0000000741400000|100%| O|  |TAMS 0x0000000741000000, 0x0000000741000000| Untracked 
|1285|0x0000000741400000, 0x0000000741800000, 0x0000000741800000|100%| O|  |TAMS 0x0000000741400000, 0x0000000741400000| Untracked 
|1286|0x0000000741800000, 0x0000000741c00000, 0x0000000741c00000|100%|HS|  |TAMS 0x0000000741800000, 0x0000000741800000| Complete 
|1287|0x0000000741c00000, 0x0000000742000000, 0x0000000742000000|100%| O|  |TAMS 0x0000000741c00000, 0x0000000741c00000| Untracked 
|1288|0x0000000742000000, 0x0000000742400000, 0x0000000742400000|100%| O|  |TAMS 0x0000000742000000, 0x0000000742000000| Untracked 
|1289|0x0000000742400000, 0x0000000742800000, 0x0000000742800000|100%| O|  |TAMS 0x0000000742400000, 0x0000000742400000| Untracked 
|1290|0x0000000742800000, 0x0000000742c00000, 0x0000000742c00000|100%| O|  |TAMS 0x0000000742800000, 0x0000000742800000| Untracked 
|1291|0x0000000742c00000, 0x0000000743000000, 0x0000000743000000|100%| O|  |TAMS 0x0000000742c00000, 0x0000000742c00000| Untracked 
|1292|0x0000000743000000, 0x0000000743400000, 0x0000000743400000|100%| O|  |TAMS 0x0000000743000000, 0x0000000743000000| Untracked 
|1293|0x0000000743400000, 0x0000000743800000, 0x0000000743800000|100%| O|  |TAMS 0x0000000743400000, 0x0000000743400000| Untracked 
|1294|0x0000000743800000, 0x0000000743c00000, 0x0000000743c00000|100%| O|  |TAMS 0x0000000743800000, 0x0000000743800000| Untracked 
|1295|0x0000000743c00000, 0x0000000744000000, 0x0000000744000000|100%| O|  |TAMS 0x0000000743c00000, 0x0000000743c00000| Untracked 
|1296|0x0000000744000000, 0x0000000744400000, 0x0000000744400000|100%| O|  |TAMS 0x0000000744000000, 0x0000000744000000| Untracked 
|1297|0x0000000744400000, 0x0000000744800000, 0x0000000744800000|100%| O|  |TAMS 0x0000000744400000, 0x0000000744400000| Untracked 
|1298|0x0000000744800000, 0x0000000744c00000, 0x0000000744c00000|100%| O|  |TAMS 0x0000000744800000, 0x0000000744800000| Untracked 
|1299|0x0000000744c00000, 0x0000000745000000, 0x0000000745000000|100%| O|  |TAMS 0x0000000744c00000, 0x0000000744c00000| Untracked 
|1300|0x0000000745000000, 0x0000000745400000, 0x0000000745400000|100%| O|  |TAMS 0x0000000745000000, 0x0000000745000000| Untracked 
|1301|0x0000000745400000, 0x0000000745800000, 0x0000000745800000|100%| O|  |TAMS 0x0000000745400000, 0x0000000745400000| Untracked 
|1302|0x0000000745800000, 0x0000000745c00000, 0x0000000745c00000|100%| O|  |TAMS 0x0000000745800000, 0x0000000745800000| Untracked 
|1303|0x0000000745c00000, 0x0000000746000000, 0x0000000746000000|100%| O|  |TAMS 0x0000000745c00000, 0x0000000745c00000| Untracked 
|1304|0x0000000746000000, 0x0000000746400000, 0x0000000746400000|100%| O|  |TAMS 0x0000000746000000, 0x0000000746000000| Untracked 
|1305|0x0000000746400000, 0x0000000746800000, 0x0000000746800000|100%| O|  |TAMS 0x0000000746400000, 0x0000000746400000| Untracked 
|1306|0x0000000746800000, 0x0000000746c00000, 0x0000000746c00000|100%| O|  |TAMS 0x0000000746800000, 0x0000000746800000| Untracked 
|1307|0x0000000746c00000, 0x0000000747000000, 0x0000000747000000|100%| O|  |TAMS 0x0000000746c00000, 0x0000000746c00000| Untracked 
|1308|0x0000000747000000, 0x0000000747400000, 0x0000000747400000|100%| O|  |TAMS 0x0000000747000000, 0x0000000747000000| Untracked 
|1309|0x0000000747400000, 0x0000000747800000, 0x0000000747800000|100%| O|  |TAMS 0x0000000747400000, 0x0000000747400000| Untracked 
|1310|0x0000000747800000, 0x0000000747c00000, 0x0000000747c00000|100%| O|  |TAMS 0x0000000747800000, 0x0000000747800000| Untracked 
|1311|0x0000000747c00000, 0x0000000748000000, 0x0000000748000000|100%| O|  |TAMS 0x0000000747c00000, 0x0000000747c00000| Untracked 
|1312|0x0000000748000000, 0x0000000748400000, 0x0000000748400000|100%| O|  |TAMS 0x0000000748000000, 0x0000000748000000| Untracked 
|1313|0x0000000748400000, 0x0000000748800000, 0x0000000748800000|100%| O|  |TAMS 0x0000000748400000, 0x0000000748400000| Untracked 
|1314|0x0000000748800000, 0x0000000748c00000, 0x0000000748c00000|100%| O|  |TAMS 0x0000000748800000, 0x0000000748800000| Untracked 
|1315|0x0000000748c00000, 0x0000000749000000, 0x0000000749000000|100%| O|  |TAMS 0x0000000748c00000, 0x0000000748c00000| Untracked 
|1316|0x0000000749000000, 0x0000000749400000, 0x0000000749400000|100%| O|  |TAMS 0x0000000749000000, 0x0000000749000000| Untracked 
|1317|0x0000000749400000, 0x0000000749800000, 0x0000000749800000|100%| O|  |TAMS 0x0000000749400000, 0x0000000749400000| Untracked 
|1318|0x0000000749800000, 0x0000000749c00000, 0x0000000749c00000|100%| O|  |TAMS 0x0000000749800000, 0x0000000749800000| Untracked 
|1319|0x0000000749c00000, 0x000000074a000000, 0x000000074a000000|100%| O|  |TAMS 0x0000000749c00000, 0x0000000749c00000| Untracked 
|1320|0x000000074a000000, 0x000000074a400000, 0x000000074a400000|100%| O|  |TAMS 0x000000074a000000, 0x000000074a000000| Untracked 
|1321|0x000000074a400000, 0x000000074a800000, 0x000000074a800000|100%| O|  |TAMS 0x000000074a400000, 0x000000074a400000| Untracked 
|1322|0x000000074a800000, 0x000000074ac00000, 0x000000074ac00000|100%| O|  |TAMS 0x000000074a800000, 0x000000074a800000| Untracked 
|1323|0x000000074ac00000, 0x000000074b000000, 0x000000074b000000|100%| O|  |TAMS 0x000000074ac00000, 0x000000074ac00000| Untracked 
|1324|0x000000074b000000, 0x000000074b400000, 0x000000074b400000|100%| O|  |TAMS 0x000000074b000000, 0x000000074b000000| Untracked 
|1325|0x000000074b400000, 0x000000074b800000, 0x000000074b800000|100%| O|  |TAMS 0x000000074b400000, 0x000000074b400000| Untracked 
|1326|0x000000074b800000, 0x000000074bc00000, 0x000000074bc00000|100%| O|  |TAMS 0x000000074b800000, 0x000000074b800000| Untracked 
|1327|0x000000074bc00000, 0x000000074c000000, 0x000000074c000000|100%| O|  |TAMS 0x000000074bc00000, 0x000000074bc00000| Untracked 
|1328|0x000000074c000000, 0x000000074c400000, 0x000000074c400000|100%| O|  |TAMS 0x000000074c000000, 0x000000074c000000| Untracked 
|1329|0x000000074c400000, 0x000000074c800000, 0x000000074c800000|100%| O|  |TAMS 0x000000074c400000, 0x000000074c400000| Untracked 
|1330|0x000000074c800000, 0x000000074cc00000, 0x000000074cc00000|100%| O|  |TAMS 0x000000074c800000, 0x000000074c800000| Untracked 
|1331|0x000000074cc00000, 0x000000074d000000, 0x000000074d000000|100%| O|  |TAMS 0x000000074cc00000, 0x000000074cc00000| Untracked 
|1332|0x000000074d000000, 0x000000074d400000, 0x000000074d400000|100%| O|  |TAMS 0x000000074d000000, 0x000000074d000000| Untracked 
|1333|0x000000074d400000, 0x000000074d800000, 0x000000074d800000|100%| O|  |TAMS 0x000000074d400000, 0x000000074d400000| Untracked 
|1334|0x000000074d800000, 0x000000074dc00000, 0x000000074dc00000|100%| O|  |TAMS 0x000000074d800000, 0x000000074d800000| Untracked 
|1335|0x000000074dc00000, 0x000000074e000000, 0x000000074e000000|100%| O|  |TAMS 0x000000074dc00000, 0x000000074dc00000| Untracked 
|1336|0x000000074e000000, 0x000000074e400000, 0x000000074e400000|100%| O|  |TAMS 0x000000074e000000, 0x000000074e000000| Untracked 
|1337|0x000000074e400000, 0x000000074e800000, 0x000000074e800000|100%| O|  |TAMS 0x000000074e400000, 0x000000074e400000| Untracked 
|1338|0x000000074e800000, 0x000000074ec00000, 0x000000074ec00000|100%| O|  |TAMS 0x000000074e800000, 0x000000074e800000| Untracked 
|1339|0x000000074ec00000, 0x000000074f000000, 0x000000074f000000|100%| O|  |TAMS 0x000000074ec00000, 0x000000074ec00000| Untracked 
|1340|0x000000074f000000, 0x000000074f400000, 0x000000074f400000|100%| O|  |TAMS 0x000000074f000000, 0x000000074f000000| Untracked 
|1341|0x000000074f400000, 0x000000074f800000, 0x000000074f800000|100%| O|  |TAMS 0x000000074f400000, 0x000000074f400000| Untracked 
|1342|0x000000074f800000, 0x000000074fc00000, 0x000000074fc00000|100%| O|  |TAMS 0x000000074f800000, 0x000000074f800000| Untracked 
|1343|0x000000074fc00000, 0x000000074ffb1c00, 0x0000000750000000| 92%| O|  |TAMS 0x000000074fc00000, 0x000000074fc00000| Untracked 
|1344|0x0000000750000000, 0x0000000750000000, 0x0000000750400000|  0%| F|  |TAMS 0x0000000750000000, 0x0000000750000000| Untracked 
|1345|0x0000000750400000, 0x0000000750400000, 0x0000000750800000|  0%| F|  |TAMS 0x0000000750400000, 0x0000000750400000| Untracked 
|1346|0x0000000750800000, 0x0000000750800000, 0x0000000750c00000|  0%| F|  |TAMS 0x0000000750800000, 0x0000000750800000| Untracked 
|1347|0x0000000750c00000, 0x0000000750c00000, 0x0000000751000000|  0%| F|  |TAMS 0x0000000750c00000, 0x0000000750c00000| Untracked 
|1348|0x0000000751000000, 0x0000000751000000, 0x0000000751400000|  0%| F|  |TAMS 0x0000000751000000, 0x0000000751000000| Untracked 
|1349|0x0000000751400000, 0x0000000751400000, 0x0000000751800000|  0%| F|  |TAMS 0x0000000751400000, 0x0000000751400000| Untracked 
|1350|0x0000000751800000, 0x0000000751800000, 0x0000000751c00000|  0%| F|  |TAMS 0x0000000751800000, 0x0000000751800000| Untracked 
|1351|0x0000000751c00000, 0x0000000751c00000, 0x0000000752000000|  0%| F|  |TAMS 0x0000000751c00000, 0x0000000751c00000| Untracked 
|1352|0x0000000752000000, 0x0000000752000000, 0x0000000752400000|  0%| F|  |TAMS 0x0000000752000000, 0x0000000752000000| Untracked 
|1353|0x0000000752400000, 0x0000000752400000, 0x0000000752800000|  0%| F|  |TAMS 0x0000000752400000, 0x0000000752400000| Untracked 
|1354|0x0000000752800000, 0x0000000752800000, 0x0000000752c00000|  0%| F|  |TAMS 0x0000000752800000, 0x0000000752800000| Untracked 
|1355|0x0000000752c00000, 0x0000000752c00000, 0x0000000753000000|  0%| F|  |TAMS 0x0000000752c00000, 0x0000000752c00000| Untracked 
|1356|0x0000000753000000, 0x0000000753000000, 0x0000000753400000|  0%| F|  |TAMS 0x0000000753000000, 0x0000000753000000| Untracked 
|1357|0x0000000753400000, 0x0000000753400000, 0x0000000753800000|  0%| F|  |TAMS 0x0000000753400000, 0x0000000753400000| Untracked 
|1358|0x0000000753800000, 0x0000000753800000, 0x0000000753c00000|  0%| F|  |TAMS 0x0000000753800000, 0x0000000753800000| Untracked 
|1359|0x0000000753c00000, 0x0000000753c00000, 0x0000000754000000|  0%| F|  |TAMS 0x0000000753c00000, 0x0000000753c00000| Untracked 
|1360|0x0000000754000000, 0x0000000754000000, 0x0000000754400000|  0%| F|  |TAMS 0x0000000754000000, 0x0000000754000000| Untracked 
|1361|0x0000000754400000, 0x0000000754400000, 0x0000000754800000|  0%| F|  |TAMS 0x0000000754400000, 0x0000000754400000| Untracked 
|1362|0x0000000754800000, 0x0000000754800000, 0x0000000754c00000|  0%| F|  |TAMS 0x0000000754800000, 0x0000000754800000| Untracked 
|1363|0x0000000754c00000, 0x0000000754c00000, 0x0000000755000000|  0%| F|  |TAMS 0x0000000754c00000, 0x0000000754c00000| Untracked 
|1364|0x0000000755000000, 0x0000000755000000, 0x0000000755400000|  0%| F|  |TAMS 0x0000000755000000, 0x0000000755000000| Untracked 
|1365|0x0000000755400000, 0x0000000755400000, 0x0000000755800000|  0%| F|  |TAMS 0x0000000755400000, 0x0000000755400000| Untracked 
|1366|0x0000000755800000, 0x0000000755800000, 0x0000000755c00000|  0%| F|  |TAMS 0x0000000755800000, 0x0000000755800000| Untracked 
|1367|0x0000000755c00000, 0x0000000755c00000, 0x0000000756000000|  0%| F|  |TAMS 0x0000000755c00000, 0x0000000755c00000| Untracked 
|1368|0x0000000756000000, 0x0000000756000000, 0x0000000756400000|  0%| F|  |TAMS 0x0000000756000000, 0x0000000756000000| Untracked 
|1369|0x0000000756400000, 0x0000000756400000, 0x0000000756800000|  0%| F|  |TAMS 0x0000000756400000, 0x0000000756400000| Untracked 
|1370|0x0000000756800000, 0x0000000756800000, 0x0000000756c00000|  0%| F|  |TAMS 0x0000000756800000, 0x0000000756800000| Untracked 
|1371|0x0000000756c00000, 0x0000000756c00000, 0x0000000757000000|  0%| F|  |TAMS 0x0000000756c00000, 0x0000000756c00000| Untracked 
|1372|0x0000000757000000, 0x0000000757000000, 0x0000000757400000|  0%| F|  |TAMS 0x0000000757000000, 0x0000000757000000| Untracked 
|1373|0x0000000757400000, 0x0000000757400000, 0x0000000757800000|  0%| F|  |TAMS 0x0000000757400000, 0x0000000757400000| Untracked 
|1374|0x0000000757800000, 0x0000000757800000, 0x0000000757c00000|  0%| F|  |TAMS 0x0000000757800000, 0x0000000757800000| Untracked 
|1375|0x0000000757c00000, 0x0000000757c00000, 0x0000000758000000|  0%| F|  |TAMS 0x0000000757c00000, 0x0000000757c00000| Untracked 
|1376|0x0000000758000000, 0x0000000758000000, 0x0000000758400000|  0%| F|  |TAMS 0x0000000758000000, 0x0000000758000000| Untracked 
|1377|0x0000000758400000, 0x0000000758400000, 0x0000000758800000|  0%| F|  |TAMS 0x0000000758400000, 0x0000000758400000| Untracked 
|1378|0x0000000758800000, 0x0000000758800000, 0x0000000758c00000|  0%| F|  |TAMS 0x0000000758800000, 0x0000000758800000| Untracked 
|1379|0x0000000758c00000, 0x0000000758c00000, 0x0000000759000000|  0%| F|  |TAMS 0x0000000758c00000, 0x0000000758c00000| Untracked 
|1380|0x0000000759000000, 0x0000000759000000, 0x0000000759400000|  0%| F|  |TAMS 0x0000000759000000, 0x0000000759000000| Untracked 
|1381|0x0000000759400000, 0x0000000759400000, 0x0000000759800000|  0%| F|  |TAMS 0x0000000759400000, 0x0000000759400000| Untracked 
|1382|0x0000000759800000, 0x0000000759800000, 0x0000000759c00000|  0%| F|  |TAMS 0x0000000759800000, 0x0000000759800000| Untracked 
|1383|0x0000000759c00000, 0x0000000759c00000, 0x000000075a000000|  0%| F|  |TAMS 0x0000000759c00000, 0x0000000759c00000| Untracked 
|1384|0x000000075a000000, 0x000000075a000000, 0x000000075a400000|  0%| F|  |TAMS 0x000000075a000000, 0x000000075a000000| Untracked 
|1385|0x000000075a400000, 0x000000075a400000, 0x000000075a800000|  0%| F|  |TAMS 0x000000075a400000, 0x000000075a400000| Untracked 
|1386|0x000000075a800000, 0x000000075a800000, 0x000000075ac00000|  0%| F|  |TAMS 0x000000075a800000, 0x000000075a800000| Untracked 
|1387|0x000000075ac00000, 0x000000075ac00000, 0x000000075b000000|  0%| F|  |TAMS 0x000000075ac00000, 0x000000075ac00000| Untracked 
|1388|0x000000075b000000, 0x000000075b000000, 0x000000075b400000|  0%| F|  |TAMS 0x000000075b000000, 0x000000075b000000| Untracked 
|1389|0x000000075b400000, 0x000000075b400000, 0x000000075b800000|  0%| F|  |TAMS 0x000000075b400000, 0x000000075b400000| Untracked 
|1390|0x000000075b800000, 0x000000075b800000, 0x000000075bc00000|  0%| F|  |TAMS 0x000000075b800000, 0x000000075b800000| Untracked 
|1391|0x000000075bc00000, 0x000000075bc00000, 0x000000075c000000|  0%| F|  |TAMS 0x000000075bc00000, 0x000000075bc00000| Untracked 
|1392|0x000000075c000000, 0x000000075c000000, 0x000000075c400000|  0%| F|  |TAMS 0x000000075c000000, 0x000000075c000000| Untracked 
|1393|0x000000075c400000, 0x000000075c400000, 0x000000075c800000|  0%| F|  |TAMS 0x000000075c400000, 0x000000075c400000| Untracked 
|1394|0x000000075c800000, 0x000000075c800000, 0x000000075cc00000|  0%| F|  |TAMS 0x000000075c800000, 0x000000075c800000| Untracked 
|1395|0x000000075cc00000, 0x000000075cc00000, 0x000000075d000000|  0%| F|  |TAMS 0x000000075cc00000, 0x000000075cc00000| Untracked 
|1396|0x000000075d000000, 0x000000075d000000, 0x000000075d400000|  0%| F|  |TAMS 0x000000075d000000, 0x000000075d000000| Untracked 
|1397|0x000000075d400000, 0x000000075d400000, 0x000000075d800000|  0%| F|  |TAMS 0x000000075d400000, 0x000000075d400000| Untracked 
|1398|0x000000075d800000, 0x000000075d800000, 0x000000075dc00000|  0%| F|  |TAMS 0x000000075d800000, 0x000000075d800000| Untracked 
|1399|0x000000075dc00000, 0x000000075dc00000, 0x000000075e000000|  0%| F|  |TAMS 0x000000075dc00000, 0x000000075dc00000| Untracked 
|1400|0x000000075e000000, 0x000000075e000000, 0x000000075e400000|  0%| F|  |TAMS 0x000000075e000000, 0x000000075e000000| Untracked 
|1401|0x000000075e400000, 0x000000075e400000, 0x000000075e800000|  0%| F|  |TAMS 0x000000075e400000, 0x000000075e400000| Untracked 
|1402|0x000000075e800000, 0x000000075e800000, 0x000000075ec00000|  0%| F|  |TAMS 0x000000075e800000, 0x000000075e800000| Untracked 
|1403|0x000000075ec00000, 0x000000075ec00000, 0x000000075f000000|  0%| F|  |TAMS 0x000000075ec00000, 0x000000075ec00000| Untracked 
|1404|0x000000075f000000, 0x000000075f000000, 0x000000075f400000|  0%| F|  |TAMS 0x000000075f000000, 0x000000075f000000| Untracked 
|1405|0x000000075f400000, 0x000000075f400000, 0x000000075f800000|  0%| F|  |TAMS 0x000000075f400000, 0x000000075f400000| Untracked 
|1406|0x000000075f800000, 0x000000075f800000, 0x000000075fc00000|  0%| F|  |TAMS 0x000000075f800000, 0x000000075f800000| Untracked 
|1407|0x000000075fc00000, 0x000000075fc00000, 0x0000000760000000|  0%| F|  |TAMS 0x000000075fc00000, 0x000000075fc00000| Untracked 
|1408|0x0000000760000000, 0x0000000760000000, 0x0000000760400000|  0%| F|  |TAMS 0x0000000760000000, 0x0000000760000000| Untracked 
|1409|0x0000000760400000, 0x0000000760400000, 0x0000000760800000|  0%| F|  |TAMS 0x0000000760400000, 0x0000000760400000| Untracked 
|1410|0x0000000760800000, 0x0000000760800000, 0x0000000760c00000|  0%| F|  |TAMS 0x0000000760800000, 0x0000000760800000| Untracked 
|1411|0x0000000760c00000, 0x0000000760c00000, 0x0000000761000000|  0%| F|  |TAMS 0x0000000760c00000, 0x0000000760c00000| Untracked 
|1412|0x0000000761000000, 0x0000000761000000, 0x0000000761400000|  0%| F|  |TAMS 0x0000000761000000, 0x0000000761000000| Untracked 
|1413|0x0000000761400000, 0x0000000761400000, 0x0000000761800000|  0%| F|  |TAMS 0x0000000761400000, 0x0000000761400000| Untracked 
|1414|0x0000000761800000, 0x0000000761800000, 0x0000000761c00000|  0%| F|  |TAMS 0x0000000761800000, 0x0000000761800000| Untracked 
|1415|0x0000000761c00000, 0x0000000761c00000, 0x0000000762000000|  0%| F|  |TAMS 0x0000000761c00000, 0x0000000761c00000| Untracked 
|1416|0x0000000762000000, 0x0000000762000000, 0x0000000762400000|  0%| F|  |TAMS 0x0000000762000000, 0x0000000762000000| Untracked 
|1417|0x0000000762400000, 0x0000000762400000, 0x0000000762800000|  0%| F|  |TAMS 0x0000000762400000, 0x0000000762400000| Untracked 
|1418|0x0000000762800000, 0x0000000762800000, 0x0000000762c00000|  0%| F|  |TAMS 0x0000000762800000, 0x0000000762800000| Untracked 
|1419|0x0000000762c00000, 0x0000000762c00000, 0x0000000763000000|  0%| F|  |TAMS 0x0000000762c00000, 0x0000000762c00000| Untracked 
|1420|0x0000000763000000, 0x0000000763000000, 0x0000000763400000|  0%| F|  |TAMS 0x0000000763000000, 0x0000000763000000| Untracked 
|1421|0x0000000763400000, 0x0000000763400000, 0x0000000763800000|  0%| F|  |TAMS 0x0000000763400000, 0x0000000763400000| Untracked 
|1422|0x0000000763800000, 0x0000000763800000, 0x0000000763c00000|  0%| F|  |TAMS 0x0000000763800000, 0x0000000763800000| Untracked 
|1423|0x0000000763c00000, 0x0000000763c00000, 0x0000000764000000|  0%| F|  |TAMS 0x0000000763c00000, 0x0000000763c00000| Untracked 
|1424|0x0000000764000000, 0x0000000764000000, 0x0000000764400000|  0%| F|  |TAMS 0x0000000764000000, 0x0000000764000000| Untracked 
|1425|0x0000000764400000, 0x0000000764400000, 0x0000000764800000|  0%| F|  |TAMS 0x0000000764400000, 0x0000000764400000| Untracked 
|1426|0x0000000764800000, 0x0000000764800000, 0x0000000764c00000|  0%| F|  |TAMS 0x0000000764800000, 0x0000000764800000| Untracked 
|1427|0x0000000764c00000, 0x0000000764c00000, 0x0000000765000000|  0%| F|  |TAMS 0x0000000764c00000, 0x0000000764c00000| Untracked 
|1428|0x0000000765000000, 0x0000000765000000, 0x0000000765400000|  0%| F|  |TAMS 0x0000000765000000, 0x0000000765000000| Untracked 
|1429|0x0000000765400000, 0x0000000765400000, 0x0000000765800000|  0%| F|  |TAMS 0x0000000765400000, 0x0000000765400000| Untracked 
|1430|0x0000000765800000, 0x0000000765800000, 0x0000000765c00000|  0%| F|  |TAMS 0x0000000765800000, 0x0000000765800000| Untracked 
|1431|0x0000000765c00000, 0x0000000765c00000, 0x0000000766000000|  0%| F|  |TAMS 0x0000000765c00000, 0x0000000765c00000| Untracked 
|1432|0x0000000766000000, 0x0000000766000000, 0x0000000766400000|  0%| F|  |TAMS 0x0000000766000000, 0x0000000766000000| Untracked 
|1433|0x0000000766400000, 0x0000000766400000, 0x0000000766800000|  0%| F|  |TAMS 0x0000000766400000, 0x0000000766400000| Untracked 
|1434|0x0000000766800000, 0x0000000766800000, 0x0000000766c00000|  0%| F|  |TAMS 0x0000000766800000, 0x0000000766800000| Untracked 
|1435|0x0000000766c00000, 0x0000000766c00000, 0x0000000767000000|  0%| F|  |TAMS 0x0000000766c00000, 0x0000000766c00000| Untracked 
|1436|0x0000000767000000, 0x0000000767000000, 0x0000000767400000|  0%| F|  |TAMS 0x0000000767000000, 0x0000000767000000| Untracked 
|1437|0x0000000767400000, 0x0000000767400000, 0x0000000767800000|  0%| F|  |TAMS 0x0000000767400000, 0x0000000767400000| Untracked 
|1438|0x0000000767800000, 0x0000000767800000, 0x0000000767c00000|  0%| F|  |TAMS 0x0000000767800000, 0x0000000767800000| Untracked 
|1439|0x0000000767c00000, 0x0000000767c00000, 0x0000000768000000|  0%| F|  |TAMS 0x0000000767c00000, 0x0000000767c00000| Untracked 
|1440|0x0000000768000000, 0x0000000768000000, 0x0000000768400000|  0%| F|  |TAMS 0x0000000768000000, 0x0000000768000000| Untracked 
|1441|0x0000000768400000, 0x0000000768400000, 0x0000000768800000|  0%| F|  |TAMS 0x0000000768400000, 0x0000000768400000| Untracked 
|1442|0x0000000768800000, 0x0000000768800000, 0x0000000768c00000|  0%| F|  |TAMS 0x0000000768800000, 0x0000000768800000| Untracked 
|1443|0x0000000768c00000, 0x0000000768c00000, 0x0000000769000000|  0%| F|  |TAMS 0x0000000768c00000, 0x0000000768c00000| Untracked 
|1444|0x0000000769000000, 0x0000000769000000, 0x0000000769400000|  0%| F|  |TAMS 0x0000000769000000, 0x0000000769000000| Untracked 
|1445|0x0000000769400000, 0x0000000769400000, 0x0000000769800000|  0%| F|  |TAMS 0x0000000769400000, 0x0000000769400000| Untracked 
|1446|0x0000000769800000, 0x0000000769800000, 0x0000000769c00000|  0%| F|  |TAMS 0x0000000769800000, 0x0000000769800000| Untracked 
|1447|0x0000000769c00000, 0x0000000769c00000, 0x000000076a000000|  0%| F|  |TAMS 0x0000000769c00000, 0x0000000769c00000| Untracked 
|1448|0x000000076a000000, 0x000000076a000000, 0x000000076a400000|  0%| F|  |TAMS 0x000000076a000000, 0x000000076a000000| Untracked 
|1449|0x000000076a400000, 0x000000076a400000, 0x000000076a800000|  0%| F|  |TAMS 0x000000076a400000, 0x000000076a400000| Untracked 
|1450|0x000000076a800000, 0x000000076a800000, 0x000000076ac00000|  0%| F|  |TAMS 0x000000076a800000, 0x000000076a800000| Untracked 
|1451|0x000000076ac00000, 0x000000076ac00000, 0x000000076b000000|  0%| F|  |TAMS 0x000000076ac00000, 0x000000076ac00000| Untracked 
|1452|0x000000076b000000, 0x000000076b000000, 0x000000076b400000|  0%| F|  |TAMS 0x000000076b000000, 0x000000076b000000| Untracked 
|1453|0x000000076b400000, 0x000000076b400000, 0x000000076b800000|  0%| F|  |TAMS 0x000000076b400000, 0x000000076b400000| Untracked 
|1454|0x000000076b800000, 0x000000076b800000, 0x000000076bc00000|  0%| F|  |TAMS 0x000000076b800000, 0x000000076b800000| Untracked 
|1455|0x000000076bc00000, 0x000000076bc00000, 0x000000076c000000|  0%| F|  |TAMS 0x000000076bc00000, 0x000000076bc00000| Untracked 
|1456|0x000000076c000000, 0x000000076c000000, 0x000000076c400000|  0%| F|  |TAMS 0x000000076c000000, 0x000000076c000000| Untracked 
|1457|0x000000076c400000, 0x000000076c400000, 0x000000076c800000|  0%| F|  |TAMS 0x000000076c400000, 0x000000076c400000| Untracked 
|1458|0x000000076c800000, 0x000000076c800000, 0x000000076cc00000|  0%| F|  |TAMS 0x000000076c800000, 0x000000076c800000| Untracked 
|1459|0x000000076cc00000, 0x000000076cc00000, 0x000000076d000000|  0%| F|  |TAMS 0x000000076cc00000, 0x000000076cc00000| Untracked 
|1460|0x000000076d000000, 0x000000076d000000, 0x000000076d400000|  0%| F|  |TAMS 0x000000076d000000, 0x000000076d000000| Untracked 
|1461|0x000000076d400000, 0x000000076d400000, 0x000000076d800000|  0%| F|  |TAMS 0x000000076d400000, 0x000000076d400000| Untracked 
|1462|0x000000076d800000, 0x000000076d800000, 0x000000076dc00000|  0%| F|  |TAMS 0x000000076d800000, 0x000000076d800000| Untracked 
|1463|0x000000076dc00000, 0x000000076dc00000, 0x000000076e000000|  0%| F|  |TAMS 0x000000076dc00000, 0x000000076dc00000| Untracked 
|1464|0x000000076e000000, 0x000000076e000000, 0x000000076e400000|  0%| F|  |TAMS 0x000000076e000000, 0x000000076e000000| Untracked 
|1465|0x000000076e400000, 0x000000076e400000, 0x000000076e800000|  0%| F|  |TAMS 0x000000076e400000, 0x000000076e400000| Untracked 
|1466|0x000000076e800000, 0x000000076e800000, 0x000000076ec00000|  0%| F|  |TAMS 0x000000076e800000, 0x000000076e800000| Untracked 
|1467|0x000000076ec00000, 0x000000076ec00000, 0x000000076f000000|  0%| F|  |TAMS 0x000000076ec00000, 0x000000076ec00000| Untracked 
|1468|0x000000076f000000, 0x000000076f000000, 0x000000076f400000|  0%| F|  |TAMS 0x000000076f000000, 0x000000076f000000| Untracked 
|1469|0x000000076f400000, 0x000000076f400000, 0x000000076f800000|  0%| F|  |TAMS 0x000000076f400000, 0x000000076f400000| Untracked 
|1470|0x000000076f800000, 0x000000076f800000, 0x000000076fc00000|  0%| F|  |TAMS 0x000000076f800000, 0x000000076f800000| Untracked 
|1471|0x000000076fc00000, 0x000000076fc00000, 0x0000000770000000|  0%| F|  |TAMS 0x000000076fc00000, 0x000000076fc00000| Untracked 
|1472|0x0000000770000000, 0x0000000770000000, 0x0000000770400000|  0%| F|  |TAMS 0x0000000770000000, 0x0000000770000000| Untracked 
|1473|0x0000000770400000, 0x0000000770400000, 0x0000000770800000|  0%| F|  |TAMS 0x0000000770400000, 0x0000000770400000| Untracked 
|1474|0x0000000770800000, 0x0000000770800000, 0x0000000770c00000|  0%| F|  |TAMS 0x0000000770800000, 0x0000000770800000| Untracked 
|1475|0x0000000770c00000, 0x0000000770c00000, 0x0000000771000000|  0%| F|  |TAMS 0x0000000770c00000, 0x0000000770c00000| Untracked 
|1476|0x0000000771000000, 0x0000000771000000, 0x0000000771400000|  0%| F|  |TAMS 0x0000000771000000, 0x0000000771000000| Untracked 
|1477|0x0000000771400000, 0x0000000771400000, 0x0000000771800000|  0%| F|  |TAMS 0x0000000771400000, 0x0000000771400000| Untracked 
|1478|0x0000000771800000, 0x0000000771800000, 0x0000000771c00000|  0%| F|  |TAMS 0x0000000771800000, 0x0000000771800000| Untracked 
|1479|0x0000000771c00000, 0x0000000771c00000, 0x0000000772000000|  0%| F|  |TAMS 0x0000000771c00000, 0x0000000771c00000| Untracked 
|1480|0x0000000772000000, 0x0000000772000000, 0x0000000772400000|  0%| F|  |TAMS 0x0000000772000000, 0x0000000772000000| Untracked 
|1481|0x0000000772400000, 0x0000000772400000, 0x0000000772800000|  0%| F|  |TAMS 0x0000000772400000, 0x0000000772400000| Untracked 
|1482|0x0000000772800000, 0x0000000772800000, 0x0000000772c00000|  0%| F|  |TAMS 0x0000000772800000, 0x0000000772800000| Untracked 
|1483|0x0000000772c00000, 0x0000000772c00000, 0x0000000773000000|  0%| F|  |TAMS 0x0000000772c00000, 0x0000000772c00000| Untracked 
|1484|0x0000000773000000, 0x0000000773000000, 0x0000000773400000|  0%| F|  |TAMS 0x0000000773000000, 0x0000000773000000| Untracked 
|1485|0x0000000773400000, 0x0000000773400000, 0x0000000773800000|  0%| F|  |TAMS 0x0000000773400000, 0x0000000773400000| Untracked 
|1486|0x0000000773800000, 0x0000000773800000, 0x0000000773c00000|  0%| F|  |TAMS 0x0000000773800000, 0x0000000773800000| Untracked 
|1487|0x0000000773c00000, 0x0000000773c00000, 0x0000000774000000|  0%| F|  |TAMS 0x0000000773c00000, 0x0000000773c00000| Untracked 
|1488|0x0000000774000000, 0x0000000774000000, 0x0000000774400000|  0%| F|  |TAMS 0x0000000774000000, 0x0000000774000000| Untracked 
|1489|0x0000000774400000, 0x0000000774400000, 0x0000000774800000|  0%| F|  |TAMS 0x0000000774400000, 0x0000000774400000| Untracked 
|1490|0x0000000774800000, 0x0000000774800000, 0x0000000774c00000|  0%| F|  |TAMS 0x0000000774800000, 0x0000000774800000| Untracked 
|1491|0x0000000774c00000, 0x0000000774c00000, 0x0000000775000000|  0%| F|  |TAMS 0x0000000774c00000, 0x0000000774c00000| Untracked 
|1492|0x0000000775000000, 0x0000000775000000, 0x0000000775400000|  0%| F|  |TAMS 0x0000000775000000, 0x0000000775000000| Untracked 
|1493|0x0000000775400000, 0x0000000775400000, 0x0000000775800000|  0%| F|  |TAMS 0x0000000775400000, 0x0000000775400000| Untracked 
|1494|0x0000000775800000, 0x0000000775800000, 0x0000000775c00000|  0%| F|  |TAMS 0x0000000775800000, 0x0000000775800000| Untracked 
|1495|0x0000000775c00000, 0x0000000775c00000, 0x0000000776000000|  0%| F|  |TAMS 0x0000000775c00000, 0x0000000775c00000| Untracked 
|1496|0x0000000776000000, 0x0000000776000000, 0x0000000776400000|  0%| F|  |TAMS 0x0000000776000000, 0x0000000776000000| Untracked 
|1497|0x0000000776400000, 0x0000000776400000, 0x0000000776800000|  0%| F|  |TAMS 0x0000000776400000, 0x0000000776400000| Untracked 
|1498|0x0000000776800000, 0x0000000776800000, 0x0000000776c00000|  0%| F|  |TAMS 0x0000000776800000, 0x0000000776800000| Untracked 
|1499|0x0000000776c00000, 0x0000000776c00000, 0x0000000777000000|  0%| F|  |TAMS 0x0000000776c00000, 0x0000000776c00000| Untracked 
|1500|0x0000000777000000, 0x0000000777000000, 0x0000000777400000|  0%| F|  |TAMS 0x0000000777000000, 0x0000000777000000| Untracked 
|1501|0x0000000777400000, 0x0000000777400000, 0x0000000777800000|  0%| F|  |TAMS 0x0000000777400000, 0x0000000777400000| Untracked 
|1502|0x0000000777800000, 0x0000000777800000, 0x0000000777c00000|  0%| F|  |TAMS 0x0000000777800000, 0x0000000777800000| Untracked 
|1503|0x0000000777c00000, 0x0000000777c00000, 0x0000000778000000|  0%| F|  |TAMS 0x0000000777c00000, 0x0000000777c00000| Untracked 
|1504|0x0000000778000000, 0x0000000778000000, 0x0000000778400000|  0%| F|  |TAMS 0x0000000778000000, 0x0000000778000000| Untracked 
|1505|0x0000000778400000, 0x0000000778400000, 0x0000000778800000|  0%| F|  |TAMS 0x0000000778400000, 0x0000000778400000| Untracked 
|1506|0x0000000778800000, 0x0000000778800000, 0x0000000778c00000|  0%| F|  |TAMS 0x0000000778800000, 0x0000000778800000| Untracked 
|1507|0x0000000778c00000, 0x0000000778c00000, 0x0000000779000000|  0%| F|  |TAMS 0x0000000778c00000, 0x0000000778c00000| Untracked 
|1508|0x0000000779000000, 0x0000000779000000, 0x0000000779400000|  0%| F|  |TAMS 0x0000000779000000, 0x0000000779000000| Untracked 
|1509|0x0000000779400000, 0x0000000779400000, 0x0000000779800000|  0%| F|  |TAMS 0x0000000779400000, 0x0000000779400000| Untracked 
|1510|0x0000000779800000, 0x0000000779800000, 0x0000000779c00000|  0%| F|  |TAMS 0x0000000779800000, 0x0000000779800000| Untracked 
|1511|0x0000000779c00000, 0x0000000779c00000, 0x000000077a000000|  0%| F|  |TAMS 0x0000000779c00000, 0x0000000779c00000| Untracked 
|1512|0x000000077a000000, 0x000000077a000000, 0x000000077a400000|  0%| F|  |TAMS 0x000000077a000000, 0x000000077a000000| Untracked 
|1513|0x000000077a400000, 0x000000077a400000, 0x000000077a800000|  0%| F|  |TAMS 0x000000077a400000, 0x000000077a400000| Untracked 
|1514|0x000000077a800000, 0x000000077ab5c5e0, 0x000000077ac00000| 84%| S|CS|TAMS 0x000000077a800000, 0x000000077a800000| Complete 
|1515|0x000000077ac00000, 0x000000077ac00000, 0x000000077b000000|  0%| F|  |TAMS 0x000000077ac00000, 0x000000077ac00000| Untracked 
|1516|0x000000077b000000, 0x000000077b400000, 0x000000077b400000|100%| S|CS|TAMS 0x000000077b000000, 0x000000077b000000| Complete 
|1517|0x000000077b400000, 0x000000077b400000, 0x000000077b800000|  0%| F|  |TAMS 0x000000077b400000, 0x000000077b400000| Untracked 
|1518|0x000000077b800000, 0x000000077b800000, 0x000000077bc00000|  0%| F|  |TAMS 0x000000077b800000, 0x000000077b800000| Untracked 
|1519|0x000000077bc00000, 0x000000077bc00000, 0x000000077c000000|  0%| F|  |TAMS 0x000000077bc00000, 0x000000077bc00000| Untracked 
|1520|0x000000077c000000, 0x000000077c000000, 0x000000077c400000|  0%| F|  |TAMS 0x000000077c000000, 0x000000077c000000| Untracked 
|1521|0x000000077c400000, 0x000000077c400000, 0x000000077c800000|  0%| F|  |TAMS 0x000000077c400000, 0x000000077c400000| Untracked 
|1522|0x000000077c800000, 0x000000077c800000, 0x000000077cc00000|  0%| F|  |TAMS 0x000000077c800000, 0x000000077c800000| Untracked 
|1523|0x000000077cc00000, 0x000000077cc00000, 0x000000077d000000|  0%| F|  |TAMS 0x000000077cc00000, 0x000000077cc00000| Untracked 
|1524|0x000000077d000000, 0x000000077d000000, 0x000000077d400000|  0%| F|  |TAMS 0x000000077d000000, 0x000000077d000000| Untracked 
|1525|0x000000077d400000, 0x000000077d400000, 0x000000077d800000|  0%| F|  |TAMS 0x000000077d400000, 0x000000077d400000| Untracked 
|1526|0x000000077d800000, 0x000000077d800000, 0x000000077dc00000|  0%| F|  |TAMS 0x000000077d800000, 0x000000077d800000| Untracked 
|1527|0x000000077dc00000, 0x000000077dc00000, 0x000000077e000000|  0%| F|  |TAMS 0x000000077dc00000, 0x000000077dc00000| Untracked 
|1528|0x000000077e000000, 0x000000077e000000, 0x000000077e400000|  0%| F|  |TAMS 0x000000077e000000, 0x000000077e000000| Untracked 
|1529|0x000000077e400000, 0x000000077e400000, 0x000000077e800000|  0%| F|  |TAMS 0x000000077e400000, 0x000000077e400000| Untracked 
|1530|0x000000077e800000, 0x000000077e800000, 0x000000077ec00000|  0%| F|  |TAMS 0x000000077e800000, 0x000000077e800000| Untracked 
|1531|0x000000077ec00000, 0x000000077ec00000, 0x000000077f000000|  0%| F|  |TAMS 0x000000077ec00000, 0x000000077ec00000| Untracked 
|1532|0x000000077f000000, 0x000000077f000000, 0x000000077f400000|  0%| F|  |TAMS 0x000000077f000000, 0x000000077f000000| Untracked 
|1533|0x000000077f400000, 0x000000077f400000, 0x000000077f800000|  0%| F|  |TAMS 0x000000077f400000, 0x000000077f400000| Untracked 
|1534|0x000000077f800000, 0x000000077f800000, 0x000000077fc00000|  0%| F|  |TAMS 0x000000077f800000, 0x000000077f800000| Untracked 
|1535|0x000000077fc00000, 0x000000077fc00000, 0x0000000780000000|  0%| F|  |TAMS 0x000000077fc00000, 0x000000077fc00000| Untracked 
|1536|0x0000000780000000, 0x0000000780000000, 0x0000000780400000|  0%| F|  |TAMS 0x0000000780000000, 0x0000000780000000| Untracked 
|1537|0x0000000780400000, 0x0000000780400000, 0x0000000780800000|  0%| F|  |TAMS 0x0000000780400000, 0x0000000780400000| Untracked 
|1538|0x0000000780800000, 0x0000000780800000, 0x0000000780c00000|  0%| F|  |TAMS 0x0000000780800000, 0x0000000780800000| Untracked 
|1539|0x0000000780c00000, 0x0000000780c00000, 0x0000000781000000|  0%| F|  |TAMS 0x0000000780c00000, 0x0000000780c00000| Untracked 
|1540|0x0000000781000000, 0x0000000781000000, 0x0000000781400000|  0%| F|  |TAMS 0x0000000781000000, 0x0000000781000000| Untracked 
|1541|0x0000000781400000, 0x0000000781400000, 0x0000000781800000|  0%| F|  |TAMS 0x0000000781400000, 0x0000000781400000| Untracked 
|1542|0x0000000781800000, 0x0000000781800000, 0x0000000781c00000|  0%| F|  |TAMS 0x0000000781800000, 0x0000000781800000| Untracked 
|1543|0x0000000781c00000, 0x0000000781c00000, 0x0000000782000000|  0%| F|  |TAMS 0x0000000781c00000, 0x0000000781c00000| Untracked 
|1544|0x0000000782000000, 0x0000000782000000, 0x0000000782400000|  0%| F|  |TAMS 0x0000000782000000, 0x0000000782000000| Untracked 
|1545|0x0000000782400000, 0x0000000782400000, 0x0000000782800000|  0%| F|  |TAMS 0x0000000782400000, 0x0000000782400000| Untracked 
|1546|0x0000000782800000, 0x0000000782800000, 0x0000000782c00000|  0%| F|  |TAMS 0x0000000782800000, 0x0000000782800000| Untracked 
|1547|0x0000000782c00000, 0x0000000782c00000, 0x0000000783000000|  0%| F|  |TAMS 0x0000000782c00000, 0x0000000782c00000| Untracked 
|1548|0x0000000783000000, 0x0000000783000000, 0x0000000783400000|  0%| F|  |TAMS 0x0000000783000000, 0x0000000783000000| Untracked 
|1549|0x0000000783400000, 0x0000000783400000, 0x0000000783800000|  0%| F|  |TAMS 0x0000000783400000, 0x0000000783400000| Untracked 
|1550|0x0000000783800000, 0x0000000783800000, 0x0000000783c00000|  0%| F|  |TAMS 0x0000000783800000, 0x0000000783800000| Untracked 
|1551|0x0000000783c00000, 0x0000000783c00000, 0x0000000784000000|  0%| F|  |TAMS 0x0000000783c00000, 0x0000000783c00000| Untracked 
|1552|0x0000000784000000, 0x0000000784000000, 0x0000000784400000|  0%| F|  |TAMS 0x0000000784000000, 0x0000000784000000| Untracked 
|1553|0x0000000784400000, 0x0000000784400000, 0x0000000784800000|  0%| F|  |TAMS 0x0000000784400000, 0x0000000784400000| Untracked 
|1554|0x0000000784800000, 0x0000000784800000, 0x0000000784c00000|  0%| F|  |TAMS 0x0000000784800000, 0x0000000784800000| Untracked 
|1555|0x0000000784c00000, 0x0000000784c00000, 0x0000000785000000|  0%| F|  |TAMS 0x0000000784c00000, 0x0000000784c00000| Untracked 
|1556|0x0000000785000000, 0x0000000785000000, 0x0000000785400000|  0%| F|  |TAMS 0x0000000785000000, 0x0000000785000000| Untracked 
|1557|0x0000000785400000, 0x0000000785400000, 0x0000000785800000|  0%| F|  |TAMS 0x0000000785400000, 0x0000000785400000| Untracked 
|1558|0x0000000785800000, 0x0000000785800000, 0x0000000785c00000|  0%| F|  |TAMS 0x0000000785800000, 0x0000000785800000| Untracked 
|1559|0x0000000785c00000, 0x0000000785c00000, 0x0000000786000000|  0%| F|  |TAMS 0x0000000785c00000, 0x0000000785c00000| Untracked 
|1560|0x0000000786000000, 0x0000000786000000, 0x0000000786400000|  0%| F|  |TAMS 0x0000000786000000, 0x0000000786000000| Untracked 
|1561|0x0000000786400000, 0x0000000786400000, 0x0000000786800000|  0%| F|  |TAMS 0x0000000786400000, 0x0000000786400000| Untracked 
|1562|0x0000000786800000, 0x0000000786800000, 0x0000000786c00000|  0%| F|  |TAMS 0x0000000786800000, 0x0000000786800000| Untracked 
|1563|0x0000000786c00000, 0x0000000786c00000, 0x0000000787000000|  0%| F|  |TAMS 0x0000000786c00000, 0x0000000786c00000| Untracked 
|1564|0x0000000787000000, 0x00000007873cea80, 0x0000000787400000| 95%| E|  |TAMS 0x0000000787000000, 0x0000000787000000| Complete 
|1565|0x0000000787400000, 0x0000000787800000, 0x0000000787800000|100%| E|CS|TAMS 0x0000000787400000, 0x0000000787400000| Complete 
|1566|0x0000000787800000, 0x0000000787c00000, 0x0000000787c00000|100%| E|CS|TAMS 0x0000000787800000, 0x0000000787800000| Complete 
|1567|0x0000000787c00000, 0x0000000788000000, 0x0000000788000000|100%| E|CS|TAMS 0x0000000787c00000, 0x0000000787c00000| Complete 
|1568|0x0000000788000000, 0x0000000788400000, 0x0000000788400000|100%| E|CS|TAMS 0x0000000788000000, 0x0000000788000000| Complete 
|1569|0x0000000788400000, 0x0000000788800000, 0x0000000788800000|100%| E|CS|TAMS 0x0000000788400000, 0x0000000788400000| Complete 
|1570|0x0000000788800000, 0x0000000788c00000, 0x0000000788c00000|100%| E|CS|TAMS 0x0000000788800000, 0x0000000788800000| Complete 
|1571|0x0000000788c00000, 0x0000000789000000, 0x0000000789000000|100%| E|CS|TAMS 0x0000000788c00000, 0x0000000788c00000| Complete 
|1572|0x0000000789000000, 0x0000000789400000, 0x0000000789400000|100%| E|CS|TAMS 0x0000000789000000, 0x0000000789000000| Complete 
|1573|0x0000000789400000, 0x0000000789800000, 0x0000000789800000|100%| E|CS|TAMS 0x0000000789400000, 0x0000000789400000| Complete 
|1574|0x0000000789800000, 0x0000000789c00000, 0x0000000789c00000|100%| E|CS|TAMS 0x0000000789800000, 0x0000000789800000| Complete 
|1575|0x0000000789c00000, 0x000000078a000000, 0x000000078a000000|100%| E|CS|TAMS 0x0000000789c00000, 0x0000000789c00000| Complete 
|1576|0x000000078a000000, 0x000000078a400000, 0x000000078a400000|100%| E|CS|TAMS 0x000000078a000000, 0x000000078a000000| Complete 
|1577|0x000000078a400000, 0x000000078a800000, 0x000000078a800000|100%| E|CS|TAMS 0x000000078a400000, 0x000000078a400000| Complete 
|1578|0x000000078a800000, 0x000000078ac00000, 0x000000078ac00000|100%| E|CS|TAMS 0x000000078a800000, 0x000000078a800000| Complete 
|1579|0x000000078ac00000, 0x000000078b000000, 0x000000078b000000|100%| E|CS|TAMS 0x000000078ac00000, 0x000000078ac00000| Complete 
|1580|0x000000078b000000, 0x000000078b400000, 0x000000078b400000|100%| E|CS|TAMS 0x000000078b000000, 0x000000078b000000| Complete 
|1581|0x000000078b400000, 0x000000078b800000, 0x000000078b800000|100%| E|CS|TAMS 0x000000078b400000, 0x000000078b400000| Complete 
|1582|0x000000078b800000, 0x000000078bc00000, 0x000000078bc00000|100%| E|CS|TAMS 0x000000078b800000, 0x000000078b800000| Complete 
|1583|0x000000078bc00000, 0x000000078c000000, 0x000000078c000000|100%| E|CS|TAMS 0x000000078bc00000, 0x000000078bc00000| Complete 
|1584|0x000000078c000000, 0x000000078c400000, 0x000000078c400000|100%| E|CS|TAMS 0x000000078c000000, 0x000000078c000000| Complete 
|1585|0x000000078c400000, 0x000000078c800000, 0x000000078c800000|100%| E|CS|TAMS 0x000000078c400000, 0x000000078c400000| Complete 
|1586|0x000000078c800000, 0x000000078cc00000, 0x000000078cc00000|100%| E|CS|TAMS 0x000000078c800000, 0x000000078c800000| Complete 
|1587|0x000000078cc00000, 0x000000078d000000, 0x000000078d000000|100%| E|CS|TAMS 0x000000078cc00000, 0x000000078cc00000| Complete 
|1588|0x000000078d000000, 0x000000078d400000, 0x000000078d400000|100%| E|CS|TAMS 0x000000078d000000, 0x000000078d000000| Complete 
|1589|0x000000078d400000, 0x000000078d800000, 0x000000078d800000|100%| E|CS|TAMS 0x000000078d400000, 0x000000078d400000| Complete 
|1590|0x000000078d800000, 0x000000078dc00000, 0x000000078dc00000|100%| E|CS|TAMS 0x000000078d800000, 0x000000078d800000| Complete 
|1591|0x000000078dc00000, 0x000000078e000000, 0x000000078e000000|100%| E|CS|TAMS 0x000000078dc00000, 0x000000078dc00000| Complete 
|1592|0x000000078e000000, 0x000000078e400000, 0x000000078e400000|100%| E|CS|TAMS 0x000000078e000000, 0x000000078e000000| Complete 
|1593|0x000000078e400000, 0x000000078e800000, 0x000000078e800000|100%| E|CS|TAMS 0x000000078e400000, 0x000000078e400000| Complete 
|1594|0x000000078e800000, 0x000000078ec00000, 0x000000078ec00000|100%| E|CS|TAMS 0x000000078e800000, 0x000000078e800000| Complete 
|1595|0x000000078ec00000, 0x000000078f000000, 0x000000078f000000|100%| E|CS|TAMS 0x000000078ec00000, 0x000000078ec00000| Complete 
|1596|0x000000078f000000, 0x000000078f400000, 0x000000078f400000|100%| E|CS|TAMS 0x000000078f000000, 0x000000078f000000| Complete 
|1597|0x000000078f400000, 0x000000078f800000, 0x000000078f800000|100%| E|CS|TAMS 0x000000078f400000, 0x000000078f400000| Complete 
|1598|0x000000078f800000, 0x000000078fc00000, 0x000000078fc00000|100%| E|CS|TAMS 0x000000078f800000, 0x000000078f800000| Complete 
|1599|0x000000078fc00000, 0x0000000790000000, 0x0000000790000000|100%| E|CS|TAMS 0x000000078fc00000, 0x000000078fc00000| Complete 
|1600|0x0000000790000000, 0x0000000790400000, 0x0000000790400000|100%| E|CS|TAMS 0x0000000790000000, 0x0000000790000000| Complete 
|1601|0x0000000790400000, 0x0000000790800000, 0x0000000790800000|100%| E|CS|TAMS 0x0000000790400000, 0x0000000790400000| Complete 
|1602|0x0000000790800000, 0x0000000790c00000, 0x0000000790c00000|100%| E|CS|TAMS 0x0000000790800000, 0x0000000790800000| Complete 
|1603|0x0000000790c00000, 0x0000000791000000, 0x0000000791000000|100%| E|CS|TAMS 0x0000000790c00000, 0x0000000790c00000| Complete 
|1604|0x0000000791000000, 0x0000000791400000, 0x0000000791400000|100%| E|CS|TAMS 0x0000000791000000, 0x0000000791000000| Complete 
|1605|0x0000000791400000, 0x0000000791800000, 0x0000000791800000|100%| E|CS|TAMS 0x0000000791400000, 0x0000000791400000| Complete 
|1606|0x0000000791800000, 0x0000000791c00000, 0x0000000791c00000|100%| E|CS|TAMS 0x0000000791800000, 0x0000000791800000| Complete 
|1607|0x0000000791c00000, 0x0000000792000000, 0x0000000792000000|100%| E|CS|TAMS 0x0000000791c00000, 0x0000000791c00000| Complete 
|1608|0x0000000792000000, 0x0000000792400000, 0x0000000792400000|100%| E|CS|TAMS 0x0000000792000000, 0x0000000792000000| Complete 
|1609|0x0000000792400000, 0x0000000792800000, 0x0000000792800000|100%| E|CS|TAMS 0x0000000792400000, 0x0000000792400000| Complete 
|1610|0x0000000792800000, 0x0000000792c00000, 0x0000000792c00000|100%| E|CS|TAMS 0x0000000792800000, 0x0000000792800000| Complete 
|1611|0x0000000792c00000, 0x0000000793000000, 0x0000000793000000|100%| E|CS|TAMS 0x0000000792c00000, 0x0000000792c00000| Complete 
|1612|0x0000000793000000, 0x0000000793400000, 0x0000000793400000|100%| E|CS|TAMS 0x0000000793000000, 0x0000000793000000| Complete 
|1613|0x0000000793400000, 0x0000000793800000, 0x0000000793800000|100%| E|CS|TAMS 0x0000000793400000, 0x0000000793400000| Complete 
|1614|0x0000000793800000, 0x0000000793c00000, 0x0000000793c00000|100%| E|CS|TAMS 0x0000000793800000, 0x0000000793800000| Complete 
|1615|0x0000000793c00000, 0x0000000794000000, 0x0000000794000000|100%| E|CS|TAMS 0x0000000793c00000, 0x0000000793c00000| Complete 
|1616|0x0000000794000000, 0x0000000794400000, 0x0000000794400000|100%| E|CS|TAMS 0x0000000794000000, 0x0000000794000000| Complete 
|1617|0x0000000794400000, 0x0000000794800000, 0x0000000794800000|100%| E|CS|TAMS 0x0000000794400000, 0x0000000794400000| Complete 
|1618|0x0000000794800000, 0x0000000794c00000, 0x0000000794c00000|100%| E|CS|TAMS 0x0000000794800000, 0x0000000794800000| Complete 
|1619|0x0000000794c00000, 0x0000000795000000, 0x0000000795000000|100%| E|CS|TAMS 0x0000000794c00000, 0x0000000794c00000| Complete 
|1620|0x0000000795000000, 0x0000000795400000, 0x0000000795400000|100%| E|CS|TAMS 0x0000000795000000, 0x0000000795000000| Complete 
|1621|0x0000000795400000, 0x0000000795800000, 0x0000000795800000|100%| E|CS|TAMS 0x0000000795400000, 0x0000000795400000| Complete 
|1622|0x0000000795800000, 0x0000000795c00000, 0x0000000795c00000|100%| E|CS|TAMS 0x0000000795800000, 0x0000000795800000| Complete 
|1623|0x0000000795c00000, 0x0000000796000000, 0x0000000796000000|100%| E|CS|TAMS 0x0000000795c00000, 0x0000000795c00000| Complete 
|1624|0x0000000796000000, 0x0000000796400000, 0x0000000796400000|100%| E|CS|TAMS 0x0000000796000000, 0x0000000796000000| Complete 
|1625|0x0000000796400000, 0x0000000796800000, 0x0000000796800000|100%| E|CS|TAMS 0x0000000796400000, 0x0000000796400000| Complete 
|1626|0x0000000796800000, 0x0000000796c00000, 0x0000000796c00000|100%| E|CS|TAMS 0x0000000796800000, 0x0000000796800000| Complete 
|1627|0x0000000796c00000, 0x0000000797000000, 0x0000000797000000|100%| E|CS|TAMS 0x0000000796c00000, 0x0000000796c00000| Complete 
|1628|0x0000000797000000, 0x0000000797400000, 0x0000000797400000|100%| E|CS|TAMS 0x0000000797000000, 0x0000000797000000| Complete 
|1629|0x0000000797400000, 0x0000000797800000, 0x0000000797800000|100%| E|CS|TAMS 0x0000000797400000, 0x0000000797400000| Complete 
|1630|0x0000000797800000, 0x0000000797c00000, 0x0000000797c00000|100%| E|CS|TAMS 0x0000000797800000, 0x0000000797800000| Complete 
|1631|0x0000000797c00000, 0x0000000798000000, 0x0000000798000000|100%| E|CS|TAMS 0x0000000797c00000, 0x0000000797c00000| Complete 
|1632|0x0000000798000000, 0x0000000798400000, 0x0000000798400000|100%| E|CS|TAMS 0x0000000798000000, 0x0000000798000000| Complete 
|1633|0x0000000798400000, 0x0000000798800000, 0x0000000798800000|100%| E|CS|TAMS 0x0000000798400000, 0x0000000798400000| Complete 
|1634|0x0000000798800000, 0x0000000798c00000, 0x0000000798c00000|100%| E|CS|TAMS 0x0000000798800000, 0x0000000798800000| Complete 
|1635|0x0000000798c00000, 0x0000000799000000, 0x0000000799000000|100%| E|CS|TAMS 0x0000000798c00000, 0x0000000798c00000| Complete 
|1636|0x0000000799000000, 0x0000000799400000, 0x0000000799400000|100%| E|CS|TAMS 0x0000000799000000, 0x0000000799000000| Complete 
|1637|0x0000000799400000, 0x0000000799800000, 0x0000000799800000|100%| E|CS|TAMS 0x0000000799400000, 0x0000000799400000| Complete 
|1638|0x0000000799800000, 0x0000000799c00000, 0x0000000799c00000|100%| E|CS|TAMS 0x0000000799800000, 0x0000000799800000| Complete 
|1639|0x0000000799c00000, 0x000000079a000000, 0x000000079a000000|100%| E|CS|TAMS 0x0000000799c00000, 0x0000000799c00000| Complete 
|1640|0x000000079a000000, 0x000000079a400000, 0x000000079a400000|100%| E|CS|TAMS 0x000000079a000000, 0x000000079a000000| Complete 
|1641|0x000000079a400000, 0x000000079a800000, 0x000000079a800000|100%| E|CS|TAMS 0x000000079a400000, 0x000000079a400000| Complete 
|1642|0x000000079a800000, 0x000000079ac00000, 0x000000079ac00000|100%| E|CS|TAMS 0x000000079a800000, 0x000000079a800000| Complete 
|1643|0x000000079ac00000, 0x000000079b000000, 0x000000079b000000|100%| E|CS|TAMS 0x000000079ac00000, 0x000000079ac00000| Complete 
|1644|0x000000079b000000, 0x000000079b400000, 0x000000079b400000|100%| E|CS|TAMS 0x000000079b000000, 0x000000079b000000| Complete 
|1645|0x000000079b400000, 0x000000079b800000, 0x000000079b800000|100%| E|CS|TAMS 0x000000079b400000, 0x000000079b400000| Complete 
|1646|0x000000079b800000, 0x000000079bc00000, 0x000000079bc00000|100%| E|CS|TAMS 0x000000079b800000, 0x000000079b800000| Complete 
|1647|0x000000079bc00000, 0x000000079c000000, 0x000000079c000000|100%| E|CS|TAMS 0x000000079bc00000, 0x000000079bc00000| Complete 
|1648|0x000000079c000000, 0x000000079c400000, 0x000000079c400000|100%| E|CS|TAMS 0x000000079c000000, 0x000000079c000000| Complete 
|1649|0x000000079c400000, 0x000000079c800000, 0x000000079c800000|100%| E|CS|TAMS 0x000000079c400000, 0x000000079c400000| Complete 
|1650|0x000000079c800000, 0x000000079cc00000, 0x000000079cc00000|100%| E|CS|TAMS 0x000000079c800000, 0x000000079c800000| Complete 
|1651|0x000000079cc00000, 0x000000079d000000, 0x000000079d000000|100%| E|CS|TAMS 0x000000079cc00000, 0x000000079cc00000| Complete 
|1652|0x000000079d000000, 0x000000079d400000, 0x000000079d400000|100%| E|CS|TAMS 0x000000079d000000, 0x000000079d000000| Complete 
|1653|0x000000079d400000, 0x000000079d800000, 0x000000079d800000|100%| E|CS|TAMS 0x000000079d400000, 0x000000079d400000| Complete 

Card table byte_map: [0x0000027b67350000,0x0000027b68350000] _byte_map_base: 0x0000027b64350000

Marking Bits (Prev, Next): (CMBitMap*) 0x0000027b5338c140, (CMBitMap*) 0x0000027b5338c180
 Prev Bits: [0x0000027b69350000, 0x0000027b71350000)
 Next Bits: [0x0000027b71350000, 0x0000027b79350000)

Polling page: 0x0000027b51230000

Metaspace:

Usage:
  Non-class:    305.44 MB used.
      Class:     59.91 MB used.
       Both:    365.36 MB used.

Virtual space:
  Non-class space:      320.00 MB reserved,     307.31 MB ( 96%) committed,  5 nodes.
      Class space:        1.00 GB reserved,      61.50 MB (  6%) committed,  1 nodes.
             Both:        1.31 GB reserved,     368.81 MB ( 27%) committed. 

Chunk freelists:
   Non-Class:  12.08 MB
       Class:  2.54 MB
        Both:  14.62 MB

MaxMetaspaceSize: unlimited
CompressedClassSpaceSize: 1.00 GB
Initial GC threshold: 21.00 MB
Current GC threshold: 581.19 MB
CDS: off
MetaspaceReclaimPolicy: balanced
 - commit_granule_bytes: 65536.
 - commit_granule_words: 8192.
 - virtual_space_node_default_size: 8388608.
 - enlarge_chunks_in_place: 1.
 - new_chunks_are_fully_committed: 0.
 - uncommit_free_chunks: 1.
 - use_allocation_guard: 0.
 - handle_deallocations: 1.


Internal statistics:

num_allocs_failed_limit: 347.
num_arena_births: 5820.
num_arena_deaths: 16.
num_vsnodes_births: 6.
num_vsnodes_deaths: 0.
num_space_committed: 5895.
num_space_uncommitted: 0.
num_chunks_returned_to_freelist: 371.
num_chunks_taken_from_freelist: 21842.
num_chunk_merges: 320.
num_chunk_splits: 14990.
num_chunks_enlarged: 10192.
num_inconsistent_stats: 0.

CodeHeap 'non-profiled nmethods': size=119168Kb used=70688Kb max_used=71138Kb free=48479Kb
 bounds [0x0000027b5e670000, 0x0000027b62bf0000, 0x0000027b65ad0000]
CodeHeap 'profiled nmethods': size=119104Kb used=80171Kb max_used=85844Kb free=38932Kb
 bounds [0x0000027b56ad0000, 0x0000027b5bee0000, 0x0000027b5df20000]
CodeHeap 'non-nmethods': size=7488Kb used=3238Kb max_used=5033Kb free=4250Kb
 bounds [0x0000027b5df20000, 0x0000027b5e420000, 0x0000027b5e670000]
 total_blobs=50569 nmethods=47478 adapters=2995
 compilation: enabled
              stopped_count=0, restarted_count=0
 full_count=0

Compilation events (20 events):
Event: 601.019 Thread 0x0000027b7c489d60 68695       3       insane96mcp.mobspropertiesrandomness.data.json.properties.equipment.MPREquipment::applyEquipmentToSlot (368 bytes)
Event: 601.021 Thread 0x0000027b7c489d60 nmethod 68695 0x0000027b572e3490 code [0x0000027b572e3920, 0x0000027b572e5d38]
Event: 601.072 Thread 0x0000027b4b216130 68696       4       net.minecraft.world.level.block.BaseRailBlock::m_5888_ (32 bytes)
Event: 601.074 Thread 0x0000027b4b216130 nmethod 68696 0x0000027b61738510 code [0x0000027b617386a0, 0x0000027b61738918]
Event: 601.164 Thread 0x0000027b7c489d60 68697       3       com.mojang.blaze3d.audio.OggAudioStream$OutputConcat::<init> (26 bytes)
Event: 601.165 Thread 0x0000027b7c489d60 nmethod 68697 0x0000027b5ba0be90 code [0x0000027b5ba0c0a0, 0x0000027b5ba0c7f8]
Event: 601.220 Thread 0x0000027c0b2bbb10 68698       4       net.minecraft.world.level.material.LavaFluid::isFlammable (54 bytes)
Event: 601.234 Thread 0x0000027c0b2bbb10 nmethod 68698 0x0000027b61d1e990 code [0x0000027b61d1ebe0, 0x0000027b61d1fbc8]
Event: 601.324 Thread 0x0000027b7c489d60 68699       3       xaero.map.server.radar.tracker.SyncedTrackedPlayer::matchesEnough (77 bytes)
Event: 601.324 Thread 0x0000027b7c489d60 nmethod 68699 0x0000027b5a67c810 code [0x0000027b5a67ca00, 0x0000027b5a67cfc8]
Event: 601.324 Thread 0x0000027b7c489d60 68700       3       xaero.map.server.player.ServerPlayerData::ensureLastSyncedData (31 bytes)
Event: 601.325 Thread 0x0000027b7c489d60 nmethod 68700 0x0000027b58b42c10 code [0x0000027b58b42dc0, 0x0000027b58b43118]
Event: 601.325 Thread 0x0000027b7c489d60 68701       3       xaero.map.server.radar.tracker.SyncedTrackedPlayer::update (28 bytes)
Event: 601.325 Thread 0x0000027b7c489d60 nmethod 68701 0x0000027b590b9e10 code [0x0000027b590b9fe0, 0x0000027b590ba418]
Event: 601.665 Thread 0x0000027c0b2bc5b0 68702       4       java.lang.StringConcatHelper::prepend (22 bytes)
Event: 601.667 Thread 0x0000027c0b2bc5b0 nmethod 68702 0x0000027b6084ee10 code [0x0000027b6084efa0, 0x0000027b6084f318]
Event: 602.100 Thread 0x0000027c120216b0 68703       4       net.minecraftforge.client.event.sound.PlaySoundEvent::getListenerList (4 bytes)
Event: 602.100 Thread 0x0000027c120216b0 nmethod 68703 0x0000027b5f86a990 code [0x0000027b5f86ab00, 0x0000027b5f86ab78]
Event: 602.133 Thread 0x0000027c12021c00 68704       4       io.netty.buffer.AbstractByteBuf::markReaderIndex (10 bytes)
Event: 602.134 Thread 0x0000027c12021c00 nmethod 68704 0x0000027b61e3ae90 code [0x0000027b61e3b000, 0x0000027b61e3b078]

GC Heap History (20 events):
Event: 479.675 GC heap before
{Heap before GC invocations=190 (full 0):
 garbage-first heap   total 6774784K, used 6021810K [0x0000000600000000, 0x0000000800000000)
  region size 4096K, 156 young (638976K), 15 survivors (61440K)
 Metaspace       used 373798K, committed 377344K, reserved 1376256K
  class space    used 61313K, committed 62912K, reserved 1048576K
}
Event: 479.704 GC heap after
{Heap after GC invocations=191 (full 0):
 garbage-first heap   total 6774784K, used 5503053K [0x0000000600000000, 0x0000000800000000)
  region size 4096K, 20 young (81920K), 20 survivors (81920K)
 Metaspace       used 373798K, committed 377344K, reserved 1376256K
  class space    used 61313K, committed 62912K, reserved 1048576K
}
Event: 514.050 GC heap before
{Heap before GC invocations=191 (full 0):
 garbage-first heap   total 6774784K, used 5994573K [0x0000000600000000, 0x0000000800000000)
  region size 4096K, 140 young (573440K), 20 survivors (81920K)
 Metaspace       used 373808K, committed 377344K, reserved 1376256K
  class space    used 61313K, committed 62912K, reserved 1048576K
}
Event: 514.069 GC heap after
{Heap after GC invocations=192 (full 0):
 garbage-first heap   total 6774784K, used 5518139K [0x0000000600000000, 0x0000000800000000)
  region size 4096K, 4 young (16384K), 4 survivors (16384K)
 Metaspace       used 373808K, committed 377344K, reserved 1376256K
  class space    used 61313K, committed 62912K, reserved 1048576K
}
Event: 549.576 GC heap before
{Heap before GC invocations=192 (full 0):
 garbage-first heap   total 6774784K, used 6013755K [0x0000000600000000, 0x0000000800000000)
  region size 4096K, 125 young (512000K), 4 survivors (16384K)
 Metaspace       used 373809K, committed 377344K, reserved 1376256K
  class space    used 61313K, committed 62912K, reserved 1048576K
}
Event: 549.577 GC heap after
{Heap after GC invocations=193 (full 0):
 garbage-first heap   total 6774784K, used 5508441K [0x0000000600000000, 0x0000000800000000)
  region size 4096K, 1 young (4096K), 1 survivors (4096K)
 Metaspace       used 373809K, committed 377344K, reserved 1376256K
  class space    used 61313K, committed 62912K, reserved 1048576K
}
Event: 570.631 GC heap before
{Heap before GC invocations=193 (full 0):
 garbage-first heap   total 6774784K, used 6024537K [0x0000000600000000, 0x0000000800000000)
  region size 4096K, 128 young (524288K), 1 survivors (4096K)
 Metaspace       used 373897K, committed 377344K, reserved 1376256K
  class space    used 61314K, committed 62912K, reserved 1048576K
}
Event: 570.634 GC heap after
{Heap after GC invocations=194 (full 0):
 garbage-first heap   total 6774784K, used 5508267K [0x0000000600000000, 0x0000000800000000)
  region size 4096K, 1 young (4096K), 1 survivors (4096K)
 Metaspace       used 373897K, committed 377344K, reserved 1376256K
  class space    used 61314K, committed 62912K, reserved 1048576K
}
Event: 574.044 GC heap before
{Heap before GC invocations=194 (full 0):
 garbage-first heap   total 6774784K, used 6040747K [0x0000000600000000, 0x0000000800000000)
  region size 4096K, 131 young (536576K), 1 survivors (4096K)
 Metaspace       used 374038K, committed 377472K, reserved 1376256K
  class space    used 61341K, committed 62912K, reserved 1048576K
}
Event: 574.047 GC heap after
{Heap after GC invocations=195 (full 0):
 garbage-first heap   total 6774784K, used 5509456K [0x0000000600000000, 0x0000000800000000)
  region size 4096K, 2 young (8192K), 2 survivors (8192K)
 Metaspace       used 374038K, committed 377472K, reserved 1376256K
  class space    used 61341K, committed 62912K, reserved 1048576K
}
Event: 577.503 GC heap before
{Heap before GC invocations=195 (full 0):
 garbage-first heap   total 6774784K, used 6046032K [0x0000000600000000, 0x0000000800000000)
  region size 4096K, 133 young (544768K), 2 survivors (8192K)
 Metaspace       used 374043K, committed 377472K, reserved 1376256K
  class space    used 61342K, committed 62912K, reserved 1048576K
}
Event: 577.506 GC heap after
{Heap after GC invocations=196 (full 0):
 garbage-first heap   total 6774784K, used 5509525K [0x0000000600000000, 0x0000000800000000)
  region size 4096K, 2 young (8192K), 2 survivors (8192K)
 Metaspace       used 374043K, committed 377472K, reserved 1376256K
  class space    used 61342K, committed 62912K, reserved 1048576K
}
Event: 582.596 GC heap before
{Heap before GC invocations=196 (full 0):
 garbage-first heap   total 6774784K, used 6054293K [0x0000000600000000, 0x0000000800000000)
  region size 4096K, 135 young (552960K), 2 survivors (8192K)
 Metaspace       used 374051K, committed 377472K, reserved 1376256K
  class space    used 61342K, committed 62912K, reserved 1048576K
}
Event: 582.599 GC heap after
{Heap after GC invocations=197 (full 0):
 garbage-first heap   total 6774784K, used 5510476K [0x0000000600000000, 0x0000000800000000)
  region size 4096K, 2 young (8192K), 2 survivors (8192K)
 Metaspace       used 374051K, committed 377472K, reserved 1376256K
  class space    used 61342K, committed 62912K, reserved 1048576K
}
Event: 588.133 GC heap before
{Heap before GC invocations=197 (full 0):
 garbage-first heap   total 6774784K, used 6059340K [0x0000000600000000, 0x0000000800000000)
  region size 4096K, 136 young (557056K), 2 survivors (8192K)
 Metaspace       used 374068K, committed 377600K, reserved 1376256K
  class space    used 61345K, committed 62976K, reserved 1048576K
}
Event: 588.137 GC heap after
{Heap after GC invocations=198 (full 0):
 garbage-first heap   total 6774784K, used 5511156K [0x0000000600000000, 0x0000000800000000)
  region size 4096K, 2 young (8192K), 2 survivors (8192K)
 Metaspace       used 374068K, committed 377600K, reserved 1376256K
  class space    used 61345K, committed 62976K, reserved 1048576K
}
Event: 593.316 GC heap before
{Heap before GC invocations=198 (full 0):
 garbage-first heap   total 6774784K, used 6064116K [0x0000000600000000, 0x0000000800000000)
  region size 4096K, 137 young (561152K), 2 survivors (8192K)
 Metaspace       used 374093K, committed 377664K, reserved 1376256K
  class space    used 61347K, committed 62976K, reserved 1048576K
}
Event: 593.319 GC heap after
{Heap after GC invocations=199 (full 0):
 garbage-first heap   total 6774784K, used 5511938K [0x0000000600000000, 0x0000000800000000)
  region size 4096K, 2 young (8192K), 2 survivors (8192K)
 Metaspace       used 374093K, committed 377664K, reserved 1376256K
  class space    used 61347K, committed 62976K, reserved 1048576K
}
Event: 598.925 GC heap before
{Heap before GC invocations=199 (full 0):
 garbage-first heap   total 6774784K, used 6068994K [0x0000000600000000, 0x0000000800000000)
  region size 4096K, 138 young (565248K), 2 survivors (8192K)
 Metaspace       used 374109K, committed 377664K, reserved 1376256K
  class space    used 61350K, committed 62976K, reserved 1048576K
}
Event: 598.929 GC heap after
{Heap after GC invocations=200 (full 0):
 garbage-first heap   total 6774784K, used 5512248K [0x0000000600000000, 0x0000000800000000)
  region size 4096K, 2 young (8192K), 2 survivors (8192K)
 Metaspace       used 374109K, committed 377664K, reserved 1376256K
  class space    used 61350K, committed 62976K, reserved 1048576K
}

Dll operation events (19 events):
Event: 0.007 Loaded shared library F:\Minecraft\CurseForge\Install\runtime\java-runtime-beta\windows-x64\java-runtime-beta\bin\java.dll
Event: 0.028 Loaded shared library F:\Minecraft\CurseForge\Install\runtime\java-runtime-beta\windows-x64\java-runtime-beta\bin\jsvml.dll
Event: 0.148 Loaded shared library F:\Minecraft\CurseForge\Install\runtime\java-runtime-beta\windows-x64\java-runtime-beta\bin\net.dll
Event: 0.149 Loaded shared library F:\Minecraft\CurseForge\Install\runtime\java-runtime-beta\windows-x64\java-runtime-beta\bin\nio.dll
Event: 0.155 Loaded shared library F:\Minecraft\CurseForge\Install\runtime\java-runtime-beta\windows-x64\java-runtime-beta\bin\zip.dll
Event: 0.215 Loaded shared library F:\Minecraft\CurseForge\Install\runtime\java-runtime-beta\windows-x64\java-runtime-beta\bin\jimage.dll
Event: 0.405 Loaded shared library F:\Minecraft\CurseForge\Install\runtime\java-runtime-beta\windows-x64\java-runtime-beta\bin\verify.dll
Event: 1.202 Loaded shared library F:\Minecraft\CurseForge\Install\runtime\java-runtime-beta\windows-x64\java-runtime-beta\bin\management.dll
Event: 1.204 Loaded shared library F:\Minecraft\CurseForge\Install\runtime\java-runtime-beta\windows-x64\java-runtime-beta\bin\management_ext.dll
Event: 12.919 Loaded shared library \AppData\Local\Temp\jna-47779702\jna256355277472565724.dll
Event: 18.551 Loaded shared library F:\Minecraft\CurseForge\Install\bin\ca417e4749de39aab6bb00da931883a95f60a01e\lwjgl.dll
Event: 18.865 Loaded shared library F:\Minecraft\CurseForge\Install\runtime\java-runtime-beta\windows-x64\java-runtime-beta\bin\sunmscapi.dll
Event: 18.901 Loaded shared library F:\Minecraft\CurseForge\Install\runtime\java-runtime-beta\windows-x64\java-runtime-beta\bin\extnet.dll
Event: 20.656 Loaded shared library F:\Minecraft\CurseForge\Install\bin\ca417e4749de39aab6bb00da931883a95f60a01e\lwjgl_opengl.dll
Event: 20.812 Loaded shared library F:\Minecraft\CurseForge\Install\bin\ca417e4749de39aab6bb00da931883a95f60a01e\lwjgl_stb.dll
Event: 24.088 Loaded shared library F:\Minecraft\CurseForge\Instances\AtlanAbyss\config\yes_steve_model\cache\ysm-core-2.2.2.dll
Event: 24.976 Loaded shared library F:\Minecraft\CurseForge\Install\runtime\java-runtime-beta\windows-x64\java-runtime-beta\bin\awt.dll
Event: 34.664 Loaded shared library F:\Minecraft\CurseForge\Install\runtime\java-runtime-beta\windows-x64\java-runtime-beta\bin\freetype.dll
Event: 34.665 Loaded shared library F:\Minecraft\CurseForge\Install\runtime\java-runtime-beta\windows-x64\java-runtime-beta\bin\fontmanager.dll

Deoptimization events (20 events):
Event: 597.386 Thread 0x0000027b53320170 Uncommon trap: trap_request=0xffffffbe fr.pc=0x0000027b62ba5754 relative=0x0000000000001294
Event: 597.386 Thread 0x0000027b53320170 Uncommon trap: reason=profile_predicate action=maybe_recompile pc=0x0000027b62ba5754 method=net.minecraft.world.level.lighting.LayerLightEngine.m_142202_(Lnet/minecraft/core/BlockPos;)V @ 27 c2
Event: 597.386 Thread 0x0000027b53320170 DEOPT PACKING pc=0x0000027b62ba5754 sp=0x000000ce68dfe0a0
Event: 597.386 Thread 0x0000027b53320170 DEOPT UNPACKING pc=0x0000027b5df769a3 sp=0x000000ce68dfe058 mode 2
Event: 597.621 Thread 0x0000027b53320170 Uncommon trap: trap_request=0xffffffbe fr.pc=0x0000027b62ba5754 relative=0x0000000000001294
Event: 597.621 Thread 0x0000027b53320170 Uncommon trap: reason=profile_predicate action=maybe_recompile pc=0x0000027b62ba5754 method=net.minecraft.world.level.lighting.LayerLightEngine.m_142202_(Lnet/minecraft/core/BlockPos;)V @ 27 c2
Event: 597.621 Thread 0x0000027b53320170 DEOPT PACKING pc=0x0000027b62ba5754 sp=0x000000ce68dfe0a0
Event: 597.621 Thread 0x0000027b53320170 DEOPT UNPACKING pc=0x0000027b5df769a3 sp=0x000000ce68dfe058 mode 2
Event: 597.621 Thread 0x0000027b53320170 Uncommon trap: trap_request=0xffffffbe fr.pc=0x0000027b62ba5754 relative=0x0000000000001294
Event: 597.621 Thread 0x0000027b53320170 Uncommon trap: reason=profile_predicate action=maybe_recompile pc=0x0000027b62ba5754 method=net.minecraft.world.level.lighting.LayerLightEngine.m_142202_(Lnet/minecraft/core/BlockPos;)V @ 27 c2
Event: 597.621 Thread 0x0000027b53320170 DEOPT PACKING pc=0x0000027b62ba5754 sp=0x000000ce68dfe0a0
Event: 597.621 Thread 0x0000027b53320170 DEOPT UNPACKING pc=0x0000027b5df769a3 sp=0x000000ce68dfe058 mode 2
Event: 599.778 Thread 0x0000027ba50502e0 Uncommon trap: trap_request=0xffffffde fr.pc=0x0000027b619c2724 relative=0x0000000000000944
Event: 599.778 Thread 0x0000027ba50502e0 Uncommon trap: reason=class_check action=maybe_recompile pc=0x0000027b619c2724 method=net.minecraft.world.entity.ai.goal.LookAtPlayerGoal.m_8036_()Z @ 165 c2
Event: 599.778 Thread 0x0000027ba50502e0 DEOPT PACKING pc=0x0000027b619c2724 sp=0x000000ce6d9fe850
Event: 599.778 Thread 0x0000027ba50502e0 DEOPT UNPACKING pc=0x0000027b5df769a3 sp=0x000000ce6d9fe800 mode 2
Event: 599.875 Thread 0x0000027ba50502e0 Uncommon trap: trap_request=0xffffffde fr.pc=0x0000027b619c2724 relative=0x0000000000000944
Event: 599.875 Thread 0x0000027ba50502e0 Uncommon trap: reason=class_check action=maybe_recompile pc=0x0000027b619c2724 method=net.minecraft.world.entity.ai.goal.LookAtPlayerGoal.m_8036_()Z @ 165 c2
Event: 599.875 Thread 0x0000027ba50502e0 DEOPT PACKING pc=0x0000027b619c2724 sp=0x000000ce6d9fe850
Event: 599.875 Thread 0x0000027ba50502e0 DEOPT UNPACKING pc=0x0000027b5df769a3 sp=0x000000ce6d9fe800 mode 2

Classes loaded (20 events):
Event: 216.356 Loading class java/util/ArraysParallelSortHelpers$EmptyCompleter
Event: 216.356 Loading class java/util/ArraysParallelSortHelpers$EmptyCompleter done
Event: 216.388 Loading class java/util/stream/Nodes$SizedCollectorTask$OfRef
Event: 216.388 Loading class java/util/stream/Nodes$SizedCollectorTask
Event: 216.388 Loading class java/util/stream/Nodes$SizedCollectorTask done
Event: 216.388 Loading class java/util/stream/Nodes$SizedCollectorTask$OfRef done
Event: 217.908 Loading class com/sun/crypto/provider/HmacCore$HmacSHA256
Event: 217.908 Loading class com/sun/crypto/provider/HmacCore$HmacSHA256 done
Event: 223.838 Loading class java/util/stream/ReferencePipeline$8
Event: 223.838 Loading class java/util/stream/ReferencePipeline$8 done
Event: 223.838 Loading class java/util/stream/ReferencePipeline$8$1
Event: 223.838 Loading class java/util/stream/ReferencePipeline$8$1 done
Event: 473.872 Loading class java/util/concurrent/ConcurrentLinkedDeque$Itr
Event: 473.873 Loading class java/util/concurrent/ConcurrentLinkedDeque$AbstractItr
Event: 473.873 Loading class java/util/concurrent/ConcurrentLinkedDeque$AbstractItr done
Event: 473.873 Loading class java/util/concurrent/ConcurrentLinkedDeque$Itr done
Event: 473.995 Loading class java/util/concurrent/locks/StampedLock$WriterNode
Event: 473.995 Loading class java/util/concurrent/locks/StampedLock$WriterNode done
Event: 474.030 Loading class java/util/concurrent/locks/StampedLock$ReaderNode
Event: 474.030 Loading class java/util/concurrent/locks/StampedLock$ReaderNode done

Classes unloaded (8 events):
Event: 143.407 Thread 0x0000027b7c3ea010 Unloading class 0x0000000802c6e400 'java/lang/invoke/LambdaForm$MH+0x0000000802c6e400'
Event: 143.407 Thread 0x0000027b7c3ea010 Unloading class 0x0000000802c6e800 'java/lang/invoke/LambdaForm$MH+0x0000000802c6e800'
Event: 143.407 Thread 0x0000027b7c3ea010 Unloading class 0x0000000802c6e000 'java/lang/invoke/LambdaForm$MH+0x0000000802c6e000'
Event: 143.407 Thread 0x0000027b7c3ea010 Unloading class 0x0000000802c6dc00 'java/lang/invoke/LambdaForm$MH+0x0000000802c6dc00'
Event: 143.407 Thread 0x0000027b7c3ea010 Unloading class 0x0000000802c6d400 'java/lang/invoke/LambdaForm$DMH+0x0000000802c6d400'
Event: 143.407 Thread 0x0000027b7c3ea010 Unloading class 0x0000000802c6cc00 'java/lang/invoke/LambdaForm$DMH+0x0000000802c6cc00'
Event: 143.407 Thread 0x0000027b7c3ea010 Unloading class 0x0000000802c6d000 'java/lang/invoke/LambdaForm$DMH+0x0000000802c6d000'
Event: 143.407 Thread 0x0000027b7c3ea010 Unloading class 0x0000000802c6c400 'java/lang/invoke/LambdaForm$DMH+0x0000000802c6c400'

Classes redefined (0 events):
No events

Internal exceptions (20 events):
Event: 600.429 Thread 0x0000027b21f039b0 Exception <a 'sun/nio/fs/WindowsException'{0x00000007945c50d8}> (0x00000007945c50d8) 
thrown [s\src\hotspot\share\prims\jni.cpp, line 516]
Event: 600.429 Thread 0x0000027b21f039b0 Exception <a 'sun/nio/fs/WindowsException'{0x00000007940aa9f8}> (0x00000007940aa9f8) 
thrown [s\src\hotspot\share\prims\jni.cpp, line 516]
Event: 600.429 Thread 0x0000027b08c17410 Exception <a 'sun/nio/fs/WindowsException'{0x00000007940a98f0}> (0x00000007940a98f0) 
thrown [s\src\hotspot\share\prims\jni.cpp, line 516]
Event: 600.429 Thread 0x0000027b08c17410 Exception <a 'sun/nio/fs/WindowsException'{0x00000007940aa110}> (0x00000007940aa110) 
thrown [s\src\hotspot\share\prims\jni.cpp, line 516]
Event: 600.498 Thread 0x0000027b21f039b0 Exception <a 'sun/nio/fs/WindowsException'{0x0000000793807550}> (0x0000000793807550) 
thrown [s\src\hotspot\share\prims\jni.cpp, line 516]
Event: 600.498 Thread 0x0000027b21f039b0 Exception <a 'sun/nio/fs/WindowsException'{0x0000000793a725c0}> (0x0000000793a725c0) 
thrown [s\src\hotspot\share\prims\jni.cpp, line 516]
Event: 600.578 Thread 0x0000027c0b644980 Exception <a 'sun/nio/fs/WindowsException'{0x00000007953d5608}> (0x00000007953d5608) 
thrown [s\src\hotspot\share\prims\jni.cpp, line 516]
Event: 600.674 Thread 0x0000027c0b644980 Exception <a 'sun/nio/fs/WindowsException'{0x0000000792608370}> (0x0000000792608370) 
thrown [s\src\hotspot\share\prims\jni.cpp, line 516]
Event: 600.677 Thread 0x0000027c0b644980 Exception <a 'sun/nio/fs/WindowsException'{0x000000079260ddc0}> (0x000000079260ddc0) 
thrown [s\src\hotspot\share\prims\jni.cpp, line 516]
Event: 600.775 Thread 0x0000027c0b6467e0 Exception <a 'sun/nio/fs/WindowsException'{0x0000000791a06f80}> (0x0000000791a06f80) 
thrown [s\src\hotspot\share\prims\jni.cpp, line 516]
Event: 600.875 Thread 0x0000027c0b6467e0 Exception <a 'sun/nio/fs/WindowsException'{0x0000000791a08550}> (0x0000000791a08550) 
thrown [s\src\hotspot\share\prims\jni.cpp, line 516]
Event: 600.876 Thread 0x0000027c0b6467e0 Exception <a 'sun/nio/fs/WindowsException'{0x0000000790c053c0}> (0x0000000790c053c0) 
thrown [s\src\hotspot\share\prims\jni.cpp, line 516]
Event: 600.924 Thread 0x0000027c0b644980 Exception <a 'sun/nio/fs/WindowsException'{0x00000007908028f0}> (0x00000007908028f0) 
thrown [s\src\hotspot\share\prims\jni.cpp, line 516]
Event: 601.223 Thread 0x0000027c0b644980 Exception <a 'sun/nio/fs/WindowsException'{0x0000000790807f00}> (0x0000000790807f00) 
thrown [s\src\hotspot\share\prims\jni.cpp, line 516]
Event: 601.374 Thread 0x0000027c0b644980 Exception <a 'sun/nio/fs/WindowsException'{0x000000079080dd10}> (0x000000079080dd10) 
thrown [s\src\hotspot\share\prims\jni.cpp, line 516]
Event: 601.498 Thread 0x0000027b21f02570 Exception <a 'sun/nio/fs/WindowsException'{0x000000078d6065b8}> (0x000000078d6065b8) 
thrown [s\src\hotspot\share\prims\jni.cpp, line 516]
Event: 601.498 Thread 0x0000027b21f02570 Exception <a 'sun/nio/fs/WindowsException'{0x000000078d608960}> (0x000000078d608960) 
thrown [s\src\hotspot\share\prims\jni.cpp, line 516]
Event: 601.622 Thread 0x0000027c0b644980 Exception <a 'sun/nio/fs/WindowsException'{0x000000079080f3d0}> (0x000000079080f3d0) 
thrown [s\src\hotspot\share\prims\jni.cpp, line 516]
Event: 601.924 Thread 0x0000027c0b644980 Exception <a 'sun/nio/fs/WindowsException'{0x000000078ae0a138}> (0x000000078ae0a138) 
thrown [s\src\hotspot\share\prims\jni.cpp, line 516]
Event: 602.026 Thread 0x0000027c0b644980 Exception <a 'sun/nio/fs/WindowsException'{0x000000078ae0fc78}> (0x000000078ae0fc78) 
thrown [s\src\hotspot\share\prims\jni.cpp, line 516]

VM Operations (20 events):
Event: 602.074 Executing VM operation: ThreadDump
Event: 602.075 Executing VM operation: ThreadDump done
Event: 602.085 Executing VM operation: ThreadDump
Event: 602.085 Executing VM operation: ThreadDump done
Event: 602.094 Executing VM operation: ThreadDump
Event: 602.094 Executing VM operation: ThreadDump done
Event: 602.105 Executing VM operation: ThreadDump
Event: 602.105 Executing VM operation: ThreadDump done
Event: 602.114 Executing VM operation: ThreadDump
Event: 602.114 Executing VM operation: ThreadDump done
Event: 602.125 Executing VM operation: ThreadDump
Event: 602.125 Executing VM operation: ThreadDump done
Event: 602.134 Executing VM operation: ThreadDump
Event: 602.135 Executing VM operation: ThreadDump done
Event: 602.145 Executing VM operation: ThreadDump
Event: 602.145 Executing VM operation: ThreadDump done
Event: 602.156 Executing VM operation: ThreadDump
Event: 602.156 Executing VM operation: ThreadDump done
Event: 602.165 Executing VM operation: ThreadDump
Event: 602.165 Executing VM operation: ThreadDump done

Memory protections (0 events):
No events

Nmethod flushes (20 events):
Event: 600.997 Thread 0x0000027b7c49ae30 flushing  nmethod 0x0000027b62a56610
Event: 601.008 Thread 0x0000027b7c49ae30 flushing  nmethod 0x0000027b58178f90
Event: 601.013 Thread 0x0000027b7c49ae30 flushing  nmethod 0x0000027b58c61010
Event: 601.014 Thread 0x0000027b7c49ae30 flushing  nmethod 0x0000027b58ecea10
Event: 601.017 Thread 0x0000027b7c49ae30 flushing  nmethod 0x0000027b5965c810
Event: 601.018 Thread 0x0000027b7c49ae30 flushing  nmethod 0x0000027b5997a210
Event: 601.020 Thread 0x0000027b7c49ae30 flushing  nmethod 0x0000027b59d1c110
Event: 601.020 Thread 0x0000027b7c49ae30 flushing  nmethod 0x0000027b59ded910
Event: 601.021 Thread 0x0000027b7c49ae30 flushing  nmethod 0x0000027b59fc5310
Event: 601.030 Thread 0x0000027b7c49ae30 flushing  nmethod 0x0000027b5b135490
Event: 601.032 Thread 0x0000027b7c49ae30 flushing  nmethod 0x0000027b5b5c7590
Event: 601.032 Thread 0x0000027b7c49ae30 flushing  nmethod 0x0000027b5b703890
Event: 601.034 Thread 0x0000027b7c49ae30 flushing  nmethod 0x0000027b5b9ccd90
Event: 601.034 Thread 0x0000027b7c49ae30 flushing  nmethod 0x0000027b5ba17190
Event: 601.034 Thread 0x0000027b7c49ae30 flushing  nmethod 0x0000027b5ba17790
Event: 601.034 Thread 0x0000027b7c49ae30 flushing  nmethod 0x0000027b5ba24f10
Event: 601.034 Thread 0x0000027b7c49ae30 flushing  nmethod 0x0000027b5ba7d390
Event: 601.034 Thread 0x0000027b7c49ae30 flushing  nmethod 0x0000027b5bab3910
Event: 601.034 Thread 0x0000027b7c49ae30 flushing  nmethod 0x0000027b5bb14a90
Event: 601.036 Thread 0x0000027b7c49ae30 flushing  nmethod 0x0000027b5bec0310

Events (20 events):
Event: 598.349 Thread 0x0000027b7c4893a0 Thread added: 0x0000027c05a57840
Event: 598.729 Thread 0x0000027c05a57840 Thread exited: 0x0000027c05a57840
Event: 599.026 Thread 0x0000027c05a56da0 Thread exited: 0x0000027c05a56da0
Event: 599.026 Thread 0x0000027b22832850 Thread exited: 0x0000027b22832850
Event: 599.026 Thread 0x0000027c05a572f0 Thread exited: 0x0000027c05a572f0
Event: 599.026 Thread 0x0000027b22832300 Thread exited: 0x0000027b22832300
Event: 599.026 Thread 0x0000027b22835820 Thread exited: 0x0000027b22835820
Event: 599.026 Thread 0x0000027b22833840 Thread exited: 0x0000027b22833840
Event: 600.950 Thread 0x0000027b7c4893a0 Thread added: 0x0000027c12021c00
Event: 600.950 Thread 0x0000027b7c4893a0 Thread added: 0x0000027c120216b0
Event: 600.950 Thread 0x0000027b7c4893a0 Thread added: 0x0000027c12023be0
Event: 600.950 Thread 0x0000027b7c4893a0 Thread added: 0x0000027c0b2bb5c0
Event: 600.950 Thread 0x0000027b7c4893a0 Thread added: 0x0000027c0b2bc5b0
Event: 600.950 Thread 0x0000027b7c4893a0 Thread added: 0x0000027c0b2bbb10
Event: 600.950 Thread 0x0000027b7c4893a0 Thread added: 0x0000027b4b216130
Event: 601.220 Thread 0x0000027b4b216130 Thread exited: 0x0000027b4b216130
Event: 601.665 Thread 0x0000027c0b2bbb10 Thread exited: 0x0000027c0b2bbb10
Event: 602.100 Thread 0x0000027c0b2bc5b0 Thread exited: 0x0000027c0b2bc5b0
Event: 602.100 Thread 0x0000027c0b2bb5c0 Thread exited: 0x0000027c0b2bb5c0
Event: 602.100 Thread 0x0000027c12023be0 Thread exited: 0x0000027c12023be0


Dynamic libraries:
0x00007ff731dd0000 - 0x00007ff731dde000 	F:\Minecraft\CurseForge\Install\runtime\java-runtime-beta\windows-x64\java-runtime-beta\bin\javaw.exe
0x00007ff8f7510000 - 0x00007ff8f7727000 	C:\WINDOWS\SYSTEM32\ntdll.dll
0x00007ff8f6060000 - 0x00007ff8f6124000 	C:\WINDOWS\System32\KERNEL32.DLL
0x00007ff8f47a0000 - 0x00007ff8f4b72000 	C:\WINDOWS\System32\KERNELBASE.dll
0x00007ff8f4c00000 - 0x00007ff8f4d11000 	C:\WINDOWS\System32\ucrtbase.dll
0x00007ff8d5d90000 - 0x00007ff8d5da7000 	F:\Minecraft\CurseForge\Install\runtime\java-runtime-beta\windows-x64\java-runtime-beta\bin\jli.dll
0x00007ff8d70c0000 - 0x00007ff8d70dd000 	F:\Minecraft\CurseForge\Install\runtime\java-runtime-beta\windows-x64\java-runtime-beta\bin\VCRUNTIME140.dll
0x00007ff8f6140000 - 0x00007ff8f62f1000 	C:\WINDOWS\System32\USER32.dll
0x00007ff8da3d0000 - 0x00007ff8da66b000 	C:\WINDOWS\WinSxS\amd64_microsoft.windows.common-controls_6595b64144ccf1df_6.0.22621.5547_none_27104afb73855772\COMCTL32.dll
0x00007ff8f4600000 - 0x00007ff8f4626000 	C:\WINDOWS\System32\win32u.dll
0x00007ff8f7060000 - 0x00007ff8f7107000 	C:\WINDOWS\System32\msvcrt.dll
0x00007ff8f5f50000 - 0x00007ff8f5f79000 	C:\WINDOWS\System32\GDI32.dll
0x00007ff8f4d20000 - 0x00007ff8f4e43000 	C:\WINDOWS\System32\gdi32full.dll
0x00007ff8f4ed0000 - 0x00007ff8f4f6a000 	C:\WINDOWS\System32\msvcp_win.dll
0x00007ff8f51a0000 - 0x00007ff8f51d1000 	C:\WINDOWS\System32\IMM32.DLL
0x00007ff8ee530000 - 0x00007ff8ee53c000 	F:\Minecraft\CurseForge\Install\runtime\java-runtime-beta\windows-x64\java-runtime-beta\bin\vcruntime140_1.dll
0x00007ff8ac180000 - 0x00007ff8ac20d000 	F:\Minecraft\CurseForge\Install\runtime\java-runtime-beta\windows-x64\java-runtime-beta\bin\msvcp140.dll
0x00007ff87da20000 - 0x00007ff87e692000 	F:\Minecraft\CurseForge\Install\runtime\java-runtime-beta\windows-x64\java-runtime-beta\bin\server\jvm.dll
0x00007ff8f5320000 - 0x00007ff8f53d1000 	C:\WINDOWS\System32\ADVAPI32.dll
0x00007ff8f51e0000 - 0x00007ff8f5288000 	C:\WINDOWS\System32\sechost.dll
0x00007ff8f4f70000 - 0x00007ff8f4f98000 	C:\WINDOWS\System32\bcrypt.dll
0x00007ff8f6980000 - 0x00007ff8f6a94000 	C:\WINDOWS\System32\RPCRT4.dll
0x00007ff8f6c40000 - 0x00007ff8f6cb1000 	C:\WINDOWS\System32\WS2_32.dll
0x00007ff8f3de0000 - 0x00007ff8f3e2d000 	C:\WINDOWS\SYSTEM32\POWRPROF.dll
0x00007ff8eac10000 - 0x00007ff8eac44000 	C:\WINDOWS\SYSTEM32\WINMM.dll
0x00007ff8ec6d0000 - 0x00007ff8ec6da000 	C:\WINDOWS\SYSTEM32\VERSION.dll
0x00007ff8f3dc0000 - 0x00007ff8f3dd3000 	C:\WINDOWS\SYSTEM32\UMPDC.dll
0x00007ff8f35c0000 - 0x00007ff8f35d8000 	C:\WINDOWS\SYSTEM32\kernel.appcore.dll
0x00007ff8e8d50000 - 0x00007ff8e8d5a000 	F:\Minecraft\CurseForge\Install\runtime\java-runtime-beta\windows-x64\java-runtime-beta\bin\jimage.dll
0x00007ff8e7300000 - 0x00007ff8e7533000 	C:\WINDOWS\SYSTEM32\DBGHELP.DLL
0x00007ff8f6cc0000 - 0x00007ff8f7053000 	C:\WINDOWS\System32\combase.dll
0x00007ff8f5f80000 - 0x00007ff8f6057000 	C:\WINDOWS\System32\OLEAUT32.dll
0x00007ff8ce2a0000 - 0x00007ff8ce2d2000 	C:\WINDOWS\SYSTEM32\dbgcore.DLL
0x00007ff8f4e50000 - 0x00007ff8f4ecb000 	C:\WINDOWS\System32\bcryptPrimitives.dll
0x00007ff8ce7c0000 - 0x00007ff8ce7e5000 	F:\Minecraft\CurseForge\Install\runtime\java-runtime-beta\windows-x64\java-runtime-beta\bin\java.dll
0x00007ff8cbcc0000 - 0x00007ff8cbcd8000 	F:\Minecraft\CurseForge\Install\runtime\java-runtime-beta\windows-x64\java-runtime-beta\bin\zip.dll
0x00007ff87f690000 - 0x00007ff87f766000 	F:\Minecraft\CurseForge\Install\runtime\java-runtime-beta\windows-x64\java-runtime-beta\bin\jsvml.dll
0x00007ff8f5620000 - 0x00007ff8f5ec2000 	C:\WINDOWS\System32\SHELL32.dll
0x00007ff8f5060000 - 0x00007ff8f519f000 	C:\WINDOWS\System32\wintypes.dll
0x00007ff8f24c0000 - 0x00007ff8f2ddd000 	C:\WINDOWS\SYSTEM32\windows.storage.dll
0x00007ff8f7110000 - 0x00007ff8f721c000 	C:\WINDOWS\System32\SHCORE.dll
0x00007ff8f6800000 - 0x00007ff8f6869000 	C:\WINDOWS\System32\shlwapi.dll
0x00007ff8f44c0000 - 0x00007ff8f44eb000 	C:\WINDOWS\SYSTEM32\profapi.dll
0x00007ff8c8f10000 - 0x00007ff8c8f2a000 	F:\Minecraft\CurseForge\Install\runtime\java-runtime-beta\windows-x64\java-runtime-beta\bin\net.dll
0x00007ff8f0a40000 - 0x00007ff8f0b6c000 	C:\WINDOWS\SYSTEM32\WINHTTP.dll
0x00007ff8f3ab0000 - 0x00007ff8f3b19000 	C:\WINDOWS\system32\mswsock.dll
0x00007ff8c81a0000 - 0x00007ff8c81b6000 	F:\Minecraft\CurseForge\Install\runtime\java-runtime-beta\windows-x64\java-runtime-beta\bin\nio.dll
0x00007ff8d8740000 - 0x00007ff8d8750000 	F:\Minecraft\CurseForge\Install\runtime\java-runtime-beta\windows-x64\java-runtime-beta\bin\verify.dll
0x00007ff8d8590000 - 0x00007ff8d859a000 	F:\Minecraft\CurseForge\Install\runtime\java-runtime-beta\windows-x64\java-runtime-beta\bin\management.dll
0x00007ff8d7f40000 - 0x00007ff8d7f4b000 	F:\Minecraft\CurseForge\Install\runtime\java-runtime-beta\windows-x64\java-runtime-beta\bin\management_ext.dll
0x00007ff8f5ed0000 - 0x00007ff8f5ed8000 	C:\WINDOWS\System32\PSAPI.DLL
0x00007ff8c8450000 - 0x00007ff8c8467000 	C:\WINDOWS\system32\napinsp.dll
0x00007ff8c8430000 - 0x00007ff8c844b000 	C:\WINDOWS\system32\pnrpnsp.dll
0x00007ff8f30b0000 - 0x00007ff8f31a8000 	C:\WINDOWS\SYSTEM32\DNSAPI.dll
0x00007ff8f3040000 - 0x00007ff8f306d000 	C:\WINDOWS\SYSTEM32\IPHLPAPI.DLL
0x00007ff8f6130000 - 0x00007ff8f6139000 	C:\WINDOWS\System32\NSI.dll
0x00007ff8c7ad0000 - 0x00007ff8c7ae1000 	C:\WINDOWS\System32\winrnr.dll
0x00007ff8c5870000 - 0x00007ff8c588f000 	C:\WINDOWS\system32\wshbth.dll
0x00007ff8c5840000 - 0x00007ff8c5861000 	C:\WINDOWS\system32\nlansp_c.dll
0x00007ff8ee160000 - 0x00007ff8ee16a000 	C:\Windows\System32\rasadhlp.dll
0x00007ff8f06c0000 - 0x00007ff8f0744000 	C:\WINDOWS\System32\fwpuclnt.dll
0x00007ff8f3d00000 - 0x00007ff8f3d1b000 	C:\WINDOWS\SYSTEM32\CRYPTSP.dll
0x00007ff8f3520000 - 0x00007ff8f3557000 	C:\WINDOWS\system32\rsaenh.dll
0x00007ff8f3ba0000 - 0x00007ff8f3bc8000 	C:\WINDOWS\SYSTEM32\USERENV.dll
0x00007ff8f3da0000 - 0x00007ff8f3dac000 	C:\WINDOWS\SYSTEM32\CRYPTBASE.dll
0x00007ff8f0a20000 - 0x00007ff8f0a39000 	C:\WINDOWS\SYSTEM32\dhcpcsvc6.DLL
0x00007ff8f0a00000 - 0x00007ff8f0a1f000 	C:\WINDOWS\SYSTEM32\dhcpcsvc.DLL
0x00007ff8acb30000 - 0x00007ff8acb70000 	\AppData\Local\Temp\jna-47779702\jna256355277472565724.dll
0x00007ff8f6aa0000 - 0x00007ff8f6c40000 	C:\WINDOWS\System32\Ole32.dll
0x00007ff8f7420000 - 0x00007ff8f74d0000 	C:\WINDOWS\System32\clbcatq.dll
0x00007ff8d9a10000 - 0x00007ff8d9a2d000 	C:\WINDOWS\SYSTEM32\amsi.dll
0x00007ff85ddd0000 - 0x00007ff85de20000 	C:\WINDOWS\SYSTEM32\Pdh.dll
0x00007ff8ef010000 - 0x00007ff8ef020000 	C:\WINDOWS\System32\perfos.dll
0x00007ff8f1cc0000 - 0x00007ff8f1cd0000 	C:\WINDOWS\SYSTEM32\pfclient.dll
0x00007ff8aa490000 - 0x00007ff8aa502000 	F:\Minecraft\CurseForge\Install\bin\ca417e4749de39aab6bb00da931883a95f60a01e\lwjgl.dll
0x00007ff8d7c00000 - 0x00007ff8d7c0e000 	F:\Minecraft\CurseForge\Install\runtime\java-runtime-beta\windows-x64\java-runtime-beta\bin\sunmscapi.dll
0x00007ff8f4630000 - 0x00007ff8f4797000 	C:\WINDOWS\System32\CRYPT32.dll
0x00007ff8f3f20000 - 0x00007ff8f3f4d000 	C:\WINDOWS\SYSTEM32\ncrypt.dll
0x00007ff8f3ee0000 - 0x00007ff8f3f17000 	C:\WINDOWS\SYSTEM32\NTASN1.dll
0x00007ff8d7bd0000 - 0x00007ff8d7bd9000 	F:\Minecraft\CurseForge\Install\runtime\java-runtime-beta\windows-x64\java-runtime-beta\bin\extnet.dll
0x00007ff8ac700000 - 0x00007ff8ac75e000 	F:\Minecraft\CurseForge\Install\bin\ca417e4749de39aab6bb00da931883a95f60a01e\glfw.dll
0x00007ff8f1b10000 - 0x00007ff8f1bc4000 	C:\WINDOWS\system32\uxtheme.dll
0x00007ff888e40000 - 0x00007ff888e86000 	C:\WINDOWS\SYSTEM32\dinput8.dll
0x00007ff8c80c0000 - 0x00007ff8c80d1000 	C:\WINDOWS\SYSTEM32\xinput1_4.dll
0x00007ff8f4280000 - 0x00007ff8f42ce000 	C:\WINDOWS\SYSTEM32\cfgmgr32.dll
0x00007ff8f4250000 - 0x00007ff8f427c000 	C:\WINDOWS\SYSTEM32\DEVOBJ.dll
0x00007ff8da670000 - 0x00007ff8da885000 	C:\WINDOWS\SYSTEM32\inputhost.dll
0x00007ff8f02d0000 - 0x00007ff8f0403000 	C:\WINDOWS\SYSTEM32\CoreMessaging.dll
0x00007ff8f1e40000 - 0x00007ff8f1e6e000 	C:\WINDOWS\SYSTEM32\dwmapi.dll
0x00007ff8f7240000 - 0x00007ff8f73a0000 	C:\WINDOWS\System32\MSCTF.dll
0x00007ff8f2de0000 - 0x00007ff8f2dee000 	C:\WINDOWS\SYSTEM32\HID.DLL
0x00007ff8f6380000 - 0x00007ff8f67f4000 	C:\WINDOWS\System32\SETUPAPI.DLL
0x00007ff8f4b80000 - 0x00007ff8f4bfc000 	C:\WINDOWS\System32\WINTRUST.dll
0x00007ff8f4230000 - 0x00007ff8f4242000 	C:\WINDOWS\SYSTEM32\MSASN1.dll
0x00007ff882530000 - 0x00007ff882630000 	C:\WINDOWS\SYSTEM32\opengl32.dll
0x00007ff8c3e80000 - 0x00007ff8c3ead000 	C:\WINDOWS\SYSTEM32\GLU32.dll
0x00007ff8f1cf0000 - 0x00007ff8f1d27000 	C:\WINDOWS\SYSTEM32\dxcore.dll
0x00007ff8763d0000 - 0x00007ff878c66000 	C:\WINDOWS\System32\DriverStore\FileRepository\nv_dispi.inf_amd64_fcb8b2221bca6b43\nvoglv64.dll
0x00007ff8f3370000 - 0x00007ff8f3384000 	C:\WINDOWS\SYSTEM32\WTSAPI32.dll
0x00007ff8ebe90000 - 0x00007ff8ebec2000 	C:\WINDOWS\SYSTEM32\cryptnet.dll
0x00007ff8f3e30000 - 0x00007ff8f3e80000 	C:\WINDOWS\SYSTEM32\wldp.dll
0x00007ff8ebd30000 - 0x00007ff8ebe8a000 	C:\WINDOWS\SYSTEM32\drvstore.dll
0x00007ff8f36d0000 - 0x00007ff8f3704000 	C:\WINDOWS\SYSTEM32\ntmarta.dll
0x00007ff8f5600000 - 0x00007ff8f561f000 	C:\WINDOWS\System32\imagehlp.dll
0x00007ff8e37c0000 - 0x00007ff8e7271000 	C:\WINDOWS\System32\DriverStore\FileRepository\nv_dispi.inf_amd64_fcb8b2221bca6b43\nvgpucomp64.dll
0x00007ff8c5bb0000 - 0x00007ff8c5eb6000 	C:\WINDOWS\system32\nvspcap64.dll
0x00007ff8f3a40000 - 0x00007ff8f3aac000 	C:\WINDOWS\SYSTEM32\WINSTA.dll
0x00007ff8ec8d0000 - 0x00007ff8eca16000 	C:\WINDOWS\SYSTEM32\textinputframework.dll
0x00007ff8a39d0000 - 0x00007ff8a3a28000 	F:\Minecraft\CurseForge\Install\bin\ca417e4749de39aab6bb00da931883a95f60a01e\lwjgl_opengl.dll
0x00007ff882980000 - 0x00007ff8829ff000 	F:\Minecraft\CurseForge\Install\bin\ca417e4749de39aab6bb00da931883a95f60a01e\lwjgl_stb.dll
0x00007ff8eca60000 - 0x00007ff8ecb1c000 	C:\WINDOWS\SYSTEM32\mscms.dll
0x00007ff8d15e0000 - 0x00007ff8d1629000 	C:\WINDOWS\SYSTEM32\icm32.dll
0x00007ff87c000000 - 0x00007ff87da16000 	F:\Minecraft\CurseForge\Instances\AtlanAbyss\config\yes_steve_model\cache\ysm-core-2.2.2.dll
0x00007ff87be70000 - 0x00007ff87c000000 	F:\Minecraft\CurseForge\Install\runtime\java-runtime-beta\windows-x64\java-runtime-beta\bin\awt.dll
0x00007ff8f0750000 - 0x00007ff8f07e7000 	C:\WINDOWS\SYSTEM32\apphelp.dll
0x00007ff87e800000 - 0x00007ff87e914000 	F:\Minecraft\CurseForge\Install\bin\ca417e4749de39aab6bb00da931883a95f60a01e\OpenAL.dll
0x00007ff8e9d20000 - 0x00007ff8e9dbc000 	C:\WINDOWS\System32\MMDevApi.dll
0x00007ff8c3910000 - 0x00007ff8c392a000 	F:\Minecraft\CurseForge\Install\bin\ca417e4749de39aab6bb00da931883a95f60a01e\SAPIWrapper_x64.dll
0x00007ff8a9680000 - 0x00007ff8a9800000 	C:\WINDOWS\System32\Speech\Common\sapi.dll
0x00007ff882630000 - 0x00007ff8826b7000 	F:\Minecraft\CurseForge\Install\runtime\java-runtime-beta\windows-x64\java-runtime-beta\bin\freetype.dll
0x00007ff87f5b0000 - 0x00007ff87f68b000 	F:\Minecraft\CurseForge\Install\runtime\java-runtime-beta\windows-x64\java-runtime-beta\bin\fontmanager.dll
0x00007ff8ed990000 - 0x00007ff8edcfc000 	C:\WINDOWS\SYSTEM32\CoreUIComponents.dll
0x00007ff8db360000 - 0x00007ff8db421000 	C:\WINDOWS\SYSTEM32\TextShaping.dll
0x00007ff8843b0000 - 0x00007ff8843b8000 	C:\WINDOWS\system32\wshunix.dll
0x00007ff8c3050000 - 0x00007ff8c3061000 	C:\WINDOWS\System32\perfproc.dll
0x00007ff8d8a10000 - 0x00007ff8d8bfe000 	C:\WINDOWS\SYSTEM32\AUDIOSES.DLL
0x00007ff8f21a0000 - 0x00007ff8f21b5000 	C:\WINDOWS\SYSTEM32\resourcepolicyclient.dll

dbghelp: loaded successfully - version: 4.0.5 - missing functions: none
symbol engine: initialized successfully - sym options: 0x614 - pdb path: .;F:\Minecraft\CurseForge\Install\runtime\java-runtime-beta\windows-x64\java-runtime-beta\bin;C:\WINDOWS\SYSTEM32;C:\WINDOWS\WinSxS\amd64_microsoft.windows.common-controls_6595b64144ccf1df_6.0.22621.5547_none_27104afb73855772;F:\Minecraft\CurseForge\Install\runtime\java-runtime-beta\windows-x64\java-runtime-beta\bin\server;\AppData\Local\Temp\jna-47779702;F:\Minecraft\CurseForge\Install\bin\ca417e4749de39aab6bb00da931883a95f60a01e;C:\WINDOWS\System32\DriverStore\FileRepository\nv_dispi.inf_amd64_fcb8b2221bca6b43;F:\Minecraft\CurseForge\Instances\AtlanAbyss\config\yes_steve_model\cache;C:\WINDOWS\System32\Speech\Common

VM Arguments:
jvm_args: -XX:HeapDumpPath=MojangTricksIntelDriversForPerformance_javaw.exe_minecraft.exe.heapdump -Dos.name=Windows 10 -Dos.version=10.0 -Xss1M -Djava.library.path=F:\Minecraft\CurseForge\Install\bin\ca417e4749de39aab6bb00da931883a95f60a01e -Dminecraft.launcher.brand=minecraft-launcher -Dminecraft.launcher.version=3.16.17 -Djava.net.preferIPv6Addresses=system -DignoreList=bootstraplauncher,securejarhandler,asm-commons,asm-util,asm-analysis,asm-tree,asm,JarJarFileSystems,client-extra,fmlcore,javafmllanguage,lowcodelanguage,mclanguage,forge-,forge-40.3.10.jar,forge-40.3.10 -DmergeModules=jna-5.12.1.jar,jna-platform-5.12.1.jar,java-objc-bridge-1.0.0.jar -DlibraryDirectory=F:\Minecraft\CurseForge\Install\libraries --module-path=F:\Minecraft\CurseForge\Install\libraries/cpw/mods/bootstraplauncher/1.0.0/bootstraplauncher-1.0.0.jar;F:\Minecraft\CurseForge\Install\libraries/cpw/mods/securejarhandler/1.0.8/securejarhandler-1.0.8.jar;F:\Minecraft\CurseForge\Install\libraries/org/ow2/asm/asm-commons/9.7.1/asm-commons-9.7.1.jar;F:\Minecraft\CurseForge\Install\libraries/org/ow2/asm/asm-util/9.7.1/asm-util-9.7.1.jar;F:\Minecraft\CurseForge\Install\libraries/org/ow2/asm/asm-analysis/9.7.1/asm-analysis-9.7.1.jar;F:\Minecraft\CurseForge\Install\libraries/org/ow2/asm/asm-tree/9.7.1/asm-tree-9.7.1.jar;F:\Minecraft\CurseForge\Install\libraries/org/ow2/asm/asm/9.7.1/asm-9.7.1.jar;F:\Minecraft\CurseForge\Install\libraries/net/minecraftforge/JarJarFileSystems/0.3.19/JarJarFileSystems-0.3.19.jar --add-modules=ALL-MODULE-PATH --add-opens=java.base/java.util.jar=cpw.mods.securejarhandler --add-opens=java.base/java.lang.invoke=cpw.mods.securejarhandler --add-exports=java.base/sun.security.util=cpw.mods.securejarhandler --add-exports=jdk.naming.dns/com.sun.jndi.dns=java.naming -Xmx8192m -Xms256m -Dminecraft.applet.TargetDirectory=F:\Minecraft\CurseForge\Instances\AtlanAbyss -Dfml.ignorePatchDiscrepancies=true -Dfml.ignoreInvalidMinecraftCertificates=true -Duser.language=en -Duser.country=US -DlibraryDirectory=F:\Minecraft\CurseForge\Install\libraries -Dlog4j.configurationFile=F:\Minecraft\CurseForge\Install\assets\log_configs\client-1.12.xml 
java_command: cpw.mods.bootstraplauncher.BootstrapLauncher --version forge-40.3.10 --gameDir F:\Minecraft\CurseForge\Instances\AtlanAbyss --assetsDir F:\Minecraft\CurseForge\Install\assets --assetIndex 1.18 --userType msa --versionType release --width 1024 --height 768 --launchTarget forgeclient --fml.forgeVersion 40.3.10 --fml.mcVersion 1.18.2 --fml.forgeGroup net.minecraftforge --fml.mcpVersion 20220404.173914
java_class_path (initial): F:\Minecraft\CurseForge\Install\libraries\cpw\mods\securejarhandler\1.0.8\securejarhandler-1.0.8.jar;F:\Minecraft\CurseForge\Install\libraries\org\ow2\asm\asm\9.7.1\asm-9.7.1.jar;F:\Minecraft\CurseForge\Install\libraries\org\ow2\asm\asm-commons\9.7.1\asm-commons-9.7.1.jar;F:\Minecraft\CurseForge\Install\libraries\org\ow2\asm\asm-tree\9.7.1\asm-tree-9.7.1.jar;F:\Minecraft\CurseForge\Install\libraries\org\ow2\asm\asm-util\9.7.1\asm-util-9.7.1.jar;F:\Minecraft\CurseForge\Install\libraries\org\ow2\asm\asm-analysis\9.7.1\asm-analysis-9.7.1.jar;F:\Minecraft\CurseForge\Install\libraries\net\minecraftforge\accesstransformers\8.0.4\accesstransformers-8.0.4.jar;F:\Minecraft\CurseForge\Install\libraries\org\antlr\antlr4-runtime\4.9.1\antlr4-runtime-4.9.1.jar;F:\Minecraft\CurseForge\Install\libraries\net\minecraftforge\eventbus\5.0.3\eventbus-5.0.3.jar;F:\Minecraft\CurseForge\Install\libraries\net\minecraftforge\forgespi\4.0.15-4.x\forgespi-4.0.15-4.x.jar;F:\Minecraft\CurseForge\Install\libraries\net\minecraftforge\coremods\5.2.5\coremods-5.2.5.jar;F:\Minecraft\CurseForge\Install\libraries\cpw\mods\modlauncher\9.1.3\modlauncher-9.1.3.jar;F:\Minecraft\CurseForge\Install\libraries\net\minecraftforge\unsafe\0.2.0\unsafe-0.2.0.jar;F:\Minecraft\CurseForge\Install\libraries\com\electronwill\night-config\core\3.6.4\core-3.6.4.jar;F:\Minecraft\CurseForge\Install\libraries\com\electronwill\night-config\toml\3.6.4\toml-3.6.4.jar;F:\Minecraft\CurseForge\Install\libraries\org\apache\maven\maven-artifact\3.6.3\maven-artifact-3.6.3.jar;F:\Minecraft\CurseForge\Install\libraries\net\jodah\typetools\0.8.3\typetools-0.8.3.jar;F:\Minecraft\CurseForge\Install\libraries\net\minecrell\terminalconsoleappender\1.2.0\terminalconsoleappender-1.2.0.jar;F:\Minecraft\CurseForge\Install\libraries\org\jline\jline-reader\3.12.1\jline-reader-3.12.1.jar;F:\Minecraft\CurseForge\Install\libraries\org\jline\jline-terminal\3.12.1\jline-terminal-3.12.1.jar;F:\Minecraft\CurseForge\Install
Launcher Type: SUN_STANDARD

[Global flags]
     intx CICompilerCount                          = 12                                        {product} {ergonomic}
     uint ConcGCThreads                            = 3                                         {product} {ergonomic}
     uint G1ConcRefinementThreads                  = 13                                        {product} {ergonomic}
   size_t G1HeapRegionSize                         = 4194304                                   {product} {ergonomic}
    uintx GCDrainStackTargetSize                   = 64                                        {product} {ergonomic}
    ccstr HeapDumpPath                             = MojangTricksIntelDriversForPerformance_javaw.exe_minecraft.exe.heapdump         {manageable} {command line}
   size_t InitialHeapSize                          = 268435456                                 {product} {command line}
   size_t MarkStackSize                            = 4194304                                   {product} {ergonomic}
   size_t MaxHeapSize                              = 8589934592                                {product} {command line}
   size_t MaxNewSize                               = 5150605312                                {product} {ergonomic}
   size_t MinHeapDeltaBytes                        = 4194304                                   {product} {ergonomic}
   size_t MinHeapSize                              = 268435456                                 {product} {command line}
    uintx NonNMethodCodeHeapSize                   = 7602480                                {pd product} {ergonomic}
    uintx NonProfiledCodeHeapSize                  = 122027880                              {pd product} {ergonomic}
    uintx ProfiledCodeHeapSize                     = 122027880                              {pd product} {ergonomic}
    uintx ReservedCodeCacheSize                    = 251658240                              {pd product} {ergonomic}
     bool SegmentedCodeCache                       = true                                      {product} {ergonomic}
   size_t SoftMaxHeapSize                          = 8589934592                             {manageable} {ergonomic}
     intx ThreadStackSize                          = 1024                                   {pd product} {command line}
     bool UseCompressedClassPointers               = true                           {product lp64_product} {ergonomic}
     bool UseCompressedOops                        = true                           {product lp64_product} {ergonomic}
     bool UseG1GC                                  = true                                      {product} {ergonomic}
     bool UseLargePagesIndividualAllocation        = false                                  {pd product} {ergonomic}

Logging:
Log output configuration:
 #0: stdout all=warning uptime,level,tags
 #1: stderr all=off uptime,level,tags

Environment Variables:
PATH=F:\Minecraft\Lib\jdk-21.0.6.7-hotspot\bin;C:\Program Files\Eclipse Adoptium\jdk-17.0.8.101-hotspot\bin;D:\Program Files\ffmpeg-N-100625-gf6477ac9f4-win64-gpl-shared-vulkan\bin;C:\Program Files\Common Files\Oracle\Java\javapath;C:\Program Files (x86)\Common Files\Oracle\Java\java8path;C:\Program Files (x86)\Common Files\Oracle\Java\javapath;C:\WINDOWS\system32;C:\WINDOWS;C:\WINDOWS\System32\Wbem;C:\WINDOWS\System32\WindowsPowerShell\v1.0\;C:\WINDOWS\System32\OpenSSH\;C:\Program Files (x86)\NVIDIA Corporation\PhysX\Common;C:\WINDOWS\system32;C:\WINDOWS;C:\WINDOWS\System32\Wbem;C:\WINDOWS\System32\WindowsPowerShell\v1.0\;C:\WINDOWS\System32\OpenSSH\;D:\Program Files\Git\cmd;C:\Program Files\dotnet\;;d:\Program Files\IDM Computer Solutions\UltraEdit;C:\Program Files\Git LFS;C:\Program Files\NVIDIA Corporation\NVIDIA app\NvDLISR;C:\Program Files (x86)\dotnet\;D:\Program Files\ffmpeg-N-100625-gf6477ac9f4-win64-gpl-shared-vulkan\bin;C:\Program Files (x86)\Common Files\Oracle\Java\javapath;C:\WINDOWS\system32;C:\WINDOWS;C:\WINDOWS\System32\Wbem;C:\WINDOWS\System32\WindowsPowerShell\v1.0\;C:\WINDOWS\System32\OpenSSH\;C:\Program Files\NVIDIA Corporation\NVIDIA NvDLISR;\AppData\Local\Programs\Python\Python38\Scripts\;\AppData\Local\Programs\Python\Python38\;D:\Program Files\ffmpeg-20200515-b18fd2b-win64-static\bin;\AppData\Local\Microsoft\WindowsApps;\AppData\Local\Microsoft\WindowsApps;C:\Program Files\Bandizip\;F:\software\Microsoft VS Code\bin;\.dotnet\tools;\AppData\Local\JetBrains\Toolbox\scripts
USERNAME=%USERPROFILE%
OS=Windows_NT
PROCESSOR_IDENTIFIER=AMD64 Family 23 Model 8 Stepping 2, AuthenticAMD
TMP=<TMP>
TEMP=<TEMP>



Periodic native trim disabled


---------------  S Y S T E M  ---------------

OS:
 Windows 11 , 64 bit Build 22621 (10.0.22621.5415)
OS uptime: 0 days 17:33 hours

CPU: total 16 (initial active 16) (16 cores per cpu, 2 threads per core) family 23 model 8 stepping 2 microcode 0x0, cx8, cmov, fxsr, ht, mmx, 3dnowpref, sse, sse2, sse3, ssse3, sse4a, sse4.1, sse4.2, popcnt, lzcnt, tsc, tscinvbit, avx, avx2, aes, clmul, bmi1, bmi2, adx, sha, fma, vzeroupper, clflush, clflushopt
Processor Information for the first 16 processors :
  Max Mhz: 3700, Current Mhz: 3700, Mhz Limit: 3700

Memory: 4k page, system-wide physical 32699M (7124M free)
TotalPageFile size 41366M (AvailPageFile size 7594M)
current process WorkingSet (physical memory assigned to process): 10383M, peak: 10470M
current process commit charge ("private bytes"): 11753M, peak: 12135M

vm_info: OpenJDK 64-Bit Server VM (17.0.15+6-LTS) for windows-amd64 JRE (17.0.15+6-LTS), built on Apr  9 2025 22:27:25 by "MicrosoftCorporation" with unknown MS VC++:1939

END.
